{
  "type": "Feature",
  "geometry": {
    "type": "MultiLineString",
    "coordinates": [
      [
        [
          9.0956581,
          45.8192414
        ],
        [
          9.0956386,
          45.8191553
        ],
        [
          9.0956417,
          45.8190709
        ],
        [
          9.095672,
          45.8188697
        ],
        [
          9.0956784,
          45.8187974
        ]
      ],
      [
        [
          9.0957611,
          45.8193081
        ],
        [
          9.0957097,
          45.8192748
        ],
        [
          9.0956581,
          45.8192414
        ]
      ],
      [
        [
          9.0956552,
          45.8198007
        ],
        [
          9.0957326,
          45.8194397
        ],
        [
          9.0957611,
          45.8193081
        ]
      ],
      [
        [
          9.0956043,
          45.8202309
        ],
        [
          9.0956007,
          45.8201697
        ],
        [
          9.0955971,
          45.8201074
        ],
        [
          9.0956502,
          45.8198365
        ],
        [
          9.0956552,
          45.8198007
        ]
      ],
      [
        [
          9.0959356,
          45.8201331
        ],
        [
          9.0958513,
          45.8201402
        ],
        [
          9.0957612,
          45.8201597
        ],
        [
          9.0956834,
          45.8201831
        ],
        [
          9.0956043,
          45.8202309
        ]
      ],
      [
        [
          9.0959881,
          45.8201379
        ],
        [
          9.0959356,
          45.8201331
        ]
      ],
      [
        [
          9.0964186,
          45.8213744
        ],
        [
          9.096445,
          45.8213387
        ],
        [
          9.0964249,
          45.8212537
        ],
        [
          9.0963216,
          45.8211035
        ],
        [
          9.096166,
          45.8208705
        ],
        [
          9.0960802,
          45.8206677
        ],
        [
          9.0959582,
          45.8204677
        ],
        [
          9.0959008,
          45.8204042
        ],
        [
          9.0958077,
          45.8203266
        ],
        [
          9.0957744,
          45.8202756
        ],
        [
          9.0958314,
          45.820236
        ],
        [
          9.0959531,
          45.8201884
        ],
        [
          9.0959881,
          45.8201379
        ]
      ],
      [
        [
          9.0965167,
          45.8217317
        ],
        [
          9.0963545,
          45.8214892
        ],
        [
          9.0963431,
          45.82145
        ],
        [
          9.0963507,
          45.8214089
        ],
        [
          9.0963685,
          45.8213817
        ],
        [
          9.0964186,
          45.8213744
        ]
      ],
      [
        [
          9.0979327,
          45.8243421
        ],
        [
          9.0977425,
          45.8243116
        ],
        [
          9.0976694,
          45.8243033
        ],
        [
          9.0975942,
          45.8242815
        ],
        [
          9.0975487,
          45.8242472
        ],
        [
          9.0975181,
          45.8242048
        ],
        [
          9.0974944,
          45.8240786
        ],
        [
          9.0974453,
          45.8239666
        ],
        [
          9.0973996,
          45.8238416
        ],
        [
          9.0973248,
          45.8236268
        ],
        [
          9.0972676,
          45.8235055
        ],
        [
          9.0970815,
          45.8232966
        ],
        [
          9.0970239,
          45.8231882
        ],
        [
          9.0969325,
          45.8229854
        ],
        [
          9.0968919,
          45.8228415
        ],
        [
          9.0967937,
          45.8225903
        ],
        [
          9.0967611,
          45.8225003
        ],
        [
          9.0967407,
          45.8224443
        ],
        [
          9.0967085,
          45.8223598
        ],
        [
          9.0966777,
          45.8222658
        ],
        [
          9.0966362,
          45.8221402
        ],
        [
          9.0965866,
          45.8219555
        ],
        [
          9.0965489,
          45.821771
        ],
        [
          9.0965167,
          45.8217317
        ]
      ],
      [
        [
          9.0998433,
          45.8242637
        ],
        [
          9.0996838,
          45.8242033
        ],
        [
          9.0995931,
          45.8241672
        ],
        [
          9.0995148,
          45.8241587
        ],
        [
          9.0994276,
          45.8241706
        ],
        [
          9.0993338,
          45.8241932
        ],
        [
          9.0992084,
          45.8242528
        ],
        [
          9.0990534,
          45.8243326
        ],
        [
          9.0989116,
          45.8244209
        ],
        [
          9.0988174,
          45.8244626
        ],
        [
          9.0987385,
          45.8244622
        ],
        [
          9.0986561,
          45.8244398
        ],
        [
          9.0985782,
          45.8244025
        ],
        [
          9.0984687,
          45.824379
        ],
        [
          9.0982969,
          45.8243656
        ],
        [
          9.0980325,
          45.8243511
        ],
        [
          9.0979327,
          45.8243421
        ]
      ],
      [
        [
          9.1000691,
          45.8244606
        ],
        [
          9.1000173,
          45.8243915
        ],
        [
          9.0999683,
          45.8243579
        ],
        [
          9.0998433,
          45.8242637
        ]
      ],
      [
        [
          9.100587,
          45.8250465
        ],
        [
          9.1004965,
          45.8249995
        ],
        [
          9.1004458,
          45.8249384
        ],
        [
          9.1004106,
          45.8248855
        ],
        [
          9.1003869,
          45.8247966
        ],
        [
          9.100365,
          45.8247266
        ],
        [
          9.1003396,
          45.8246898
        ],
        [
          9.1002117,
          45.8246019
        ],
        [
          9.1000691,
          45.8244606
        ]
      ],
      [
        [
          9.10113,
          45.8249921
        ],
        [
          9.1009208,
          45.8250702
        ],
        [
          9.100587,
          45.8250465
        ]
      ],
      [
        [
          9.1012078,
          45.8249669
        ],
        [
          9.10113,
          45.8249921
        ]
      ],
      [
        [
          9.1013063,
          45.8249655
        ],
        [
          9.1012078,
          45.8249669
        ]
      ],
      [
        [
          9.1017826,
          45.8251944
        ],
        [
          9.1016838,
          45.8251566
        ],
        [
          9.101397,
          45.8250028
        ],
        [
          9.1013063,
          45.8249655
        ]
      ],
      [
        [
          9.1023391,
          45.8253985
        ],
        [
          9.10233,
          45.8253742
        ],
        [
          9.1023208,
          45.8253499
        ],
        [
          9.1017826,
          45.8251944
        ]
      ],
      [
        [
          9.1025839,
          45.8255018
        ],
        [
          9.1023391,
          45.8253985
        ]
      ],
      [
        [
          9.1026591,
          45.8257346
        ],
        [
          9.10263,
          45.8257141
        ],
        [
          9.1026193,
          45.8256805
        ],
        [
          9.1026059,
          45.8256281
        ],
        [
          9.1025839,
          45.8255018
        ]
      ],
      [
        [
          9.1026395,
          45.8257546
        ],
        [
          9.1026591,
          45.8257346
        ]
      ],
      [
        [
          9.103107,
          45.8259398
        ],
        [
          9.103058,
          45.8259481
        ],
        [
          9.1029801,
          45.8259487
        ],
        [
          9.1028614,
          45.8259426
        ],
        [
          9.1028191,
          45.8259375
        ],
        [
          9.1027455,
          45.8259191
        ],
        [
          9.1026932,
          45.8259032
        ],
        [
          9.1026628,
          45.8258856
        ],
        [
          9.1026413,
          45.8258661
        ],
        [
          9.1026381,
          45.8258452
        ],
        [
          9.1026382,
          45.8257758
        ],
        [
          9.1026395,
          45.8257546
        ]
      ],
      [
        [
          9.1037473,
          45.8258845
        ],
        [
          9.103572,
          45.8258858
        ],
        [
          9.1034107,
          45.8258948
        ],
        [
          9.103107,
          45.8259398
        ]
      ],
      [
        [
          9.1107594,
          45.8251961
        ],
        [
          9.1099865,
          45.8252569
        ],
        [
          9.1093746,
          45.8252434
        ],
        [
          9.1090219,
          45.8252443
        ],
        [
          9.1087853,
          45.8252592
        ],
        [
          9.1084774,
          45.8253023
        ],
        [
          9.1081581,
          45.8253254
        ],
        [
          9.1078389,
          45.8253488
        ],
        [
          9.1075522,
          45.8254001
        ],
        [
          9.1072042,
          45.8254569
        ],
        [
          9.1063169,
          45.8258032
        ],
        [
          9.1061237,
          45.8259116
        ],
        [
          9.1058877,
          45.8259714
        ],
        [
          9.1054216,
          45.8260518
        ],
        [
          9.1049328,
          45.826092
        ],
        [
          9.104733,
          45.8261144
        ],
        [
          9.1045369,
          45.8261122
        ],
        [
          9.1043682,
          45.826097
        ],
        [
          9.1040833,
          45.8259924
        ],
        [
          9.1038938,
          45.825907
        ],
        [
          9.1037473,
          45.8258845
        ]
      ],
      [
        [
          9.1112781,
          45.8251225
        ],
        [
          9.1111556,
          45.8251677
        ],
        [
          9.1107594,
          45.8251961
        ]
      ],
      [
        [
          9.111295,
          45.8251285
        ],
        [
          9.1112781,
          45.8251225
        ]
      ],
      [
        [
          9.1117871,
          45.8251826
        ],
        [
          9.1117818,
          45.8252007
        ],
        [
          9.1114042,
          45.8251413
        ],
        [
          9.111295,
          45.8251285
        ]
      ],
      [
        [
          9.1134061,
          45.8278303
        ],
        [
          9.1134242,
          45.8277375
        ],
        [
          9.113553,
          45.8274877
        ],
        [
          9.1136813,
          45.8273003
        ],
        [
          9.1138008,
          45.8270069
        ],
        [
          9.1138043,
          45.8267747
        ],
        [
          9.1137834,
          45.8266067
        ],
        [
          9.1135321,
          45.8261611
        ],
        [
          9.113414,
          45.8260406
        ],
        [
          9.1132843,
          45.8259182
        ],
        [
          9.1128865,
          45.8255406
        ],
        [
          9.1125466,
          45.8253397
        ],
        [
          9.1122707,
          45.8252794
        ],
        [
          9.1119474,
          45.8252074
        ],
        [
          9.1117871,
          45.8251826
        ]
      ],
      [
        [
          9.1172288,
          45.829101
        ],
        [
          9.1167966,
          45.8288998
        ],
        [
          9.1159861,
          45.8286943
        ],
        [
          9.1155508,
          45.8285227
        ],
        [
          9.1150772,
          45.8283252
        ],
        [
          9.1148295,
          45.8282433
        ],
        [
          9.1142418,
          45.8280438
        ],
        [
          9.113716,
          45.8279768
        ],
        [
          9.1135059,
          45.8279397
        ],
        [
          9.1134074,
          45.8278711
        ],
        [
          9.1134061,
          45.8278303
        ]
      ],
      [
        [
          9.1180057,
          45.8296481
        ],
        [
          9.1175235,
          45.8292685
        ],
        [
          9.1172288,
          45.829101
        ]
      ],
      [
        [
          9.118271,
          45.8299658
        ],
        [
          9.118229,
          45.8298927
        ],
        [
          9.1180057,
          45.8296481
        ]
      ],
      [
        [
          9.1201569,
          45.8313041
        ],
        [
          9.1200017,
          45.8312408
        ],
        [
          9.1193928,
          45.8310029
        ],
        [
          9.1185375,
          45.8306753
        ],
        [
          9.1184505,
          45.8306169
        ],
        [
          9.118348,
          45.8303444
        ],
        [
          9.1183012,
          45.8300529
        ],
        [
          9.118271,
          45.8299658
        ]
      ],
      [
        [
          9.1205277,
          45.831444
        ],
        [
          9.1201569,
          45.8313041
        ]
      ],
      [
        [
          9.1263523,
          45.8348493
        ],
        [
          9.1262848,
          45.8348298
        ],
        [
          9.1261827,
          45.8347589
        ],
        [
          9.12614,
          45.8347063
        ],
        [
          9.1260198,
          45.8344849
        ],
        [
          9.1258622,
          45.8342529
        ],
        [
          9.1256578,
          45.8340485
        ],
        [
          9.1254385,
          45.8338728
        ],
        [
          9.1251892,
          45.8336398
        ],
        [
          9.1249862,
          45.8334516
        ],
        [
          9.1247537,
          45.8333022
        ],
        [
          9.1245895,
          45.833222
        ],
        [
          9.1244325,
          45.8331567
        ],
        [
          9.1241141,
          45.8330185
        ],
        [
          9.1236986,
          45.8327981
        ],
        [
          9.1233175,
          45.8325622
        ],
        [
          9.1229526,
          45.8323434
        ],
        [
          9.1225239,
          45.8320841
        ],
        [
          9.1221422,
          45.8319007
        ],
        [
          9.122001,
          45.8318456
        ],
        [
          9.1218792,
          45.8318043
        ],
        [
          9.1213562,
          45.8316534
        ],
        [
          9.1205277,
          45.831444
        ]
      ],
      [
        [
          9.1272718,
          45.8351576
        ],
        [
          9.127091,
          45.8350919
        ],
        [
          9.1266708,
          45.8349402
        ],
        [
          9.1263523,
          45.8348493
        ]
      ],
      [
        [
          9.1278449,
          45.835264
        ],
        [
          9.1272718,
          45.8351576
        ]
      ],
      [
        [
          9.1319205,
          45.8351634
        ],
        [
          9.1317898,
          45.8352375
        ],
        [
          9.1316421,
          45.8352807
        ],
        [
          9.1314753,
          45.835313
        ],
        [
          9.131299,
          45.835345
        ],
        [
          9.1311401,
          45.8353577
        ],
        [
          9.1309047,
          45.8353721
        ],
        [
          9.1306577,
          45.8353631
        ],
        [
          9.1303843,
          45.8353468
        ],
        [
          9.1302195,
          45.8353168
        ],
        [
          9.129843,
          45.8352231
        ],
        [
          9.1296032,
          45.8351952
        ],
        [
          9.1294295,
          45.8352057
        ],
        [
          9.1292905,
          45.8352182
        ],
        [
          9.1291773,
          45.8352263
        ],
        [
          9.1290616,
          45.8352719
        ],
        [
          9.1289467,
          45.8352898
        ],
        [
          9.1287455,
          45.8352949
        ],
        [
          9.1283415,
          45.8352953
        ],
        [
          9.1280003,
          45.8352912
        ],
        [
          9.1278449,
          45.835264
        ]
      ],
      [
        [
          9.1327903,
          45.8345332
        ],
        [
          9.1325877,
          45.834715
        ],
        [
          9.1324149,
          45.8348422
        ],
        [
          9.1321771,
          45.8350128
        ],
        [
          9.1319205,
          45.8351634
        ]
      ],
      [
        [
          9.1333913,
          45.8346755
        ],
        [
          9.1331217,
          45.8345851
        ],
        [
          9.1328764,
          45.8345175
        ],
        [
          9.1327903,
          45.8345332
        ]
      ],
      [
        [
          9.1340617,
          45.8348725
        ],
        [
          9.1338882,
          45.8348537
        ],
        [
          9.1337352,
          45.8348191
        ],
        [
          9.1333913,
          45.8346755
        ]
      ],
      [
        [
          9.1348302,
          45.8347899
        ],
        [
          9.1344559,
          45.8348395
        ],
        [
          9.1340617,
          45.8348725
        ]
      ],
      [
        [
          9.1354226,
          45.8346889
        ],
        [
          9.1348302,
          45.8347899
        ]
      ],
      [
        [
          9.1378636,
          45.8340913
        ],
        [
          9.1371311,
          45.8342498
        ],
        [
          9.136548,
          45.8344498
        ],
        [
          9.1364187,
          45.8344828
        ],
        [
          9.1361494,
          45.8345285
        ],
        [
          9.1357866,
          45.83459
        ],
        [
          9.1354226,
          45.8346889
        ]
      ],
      [
        [
          9.1382765,
          45.833971
        ],
        [
          9.1378636,
          45.8340913
        ]
      ],
      [
        [
          9.1389371,
          45.8337324
        ],
        [
          9.1387849,
          45.8338123
        ],
        [
          9.1386815,
          45.8338446
        ],
        [
          9.1382765,
          45.833971
        ]
      ],
      [
        [
          9.1401179,
          45.8337033
        ],
        [
          9.1399258,
          45.8336865
        ],
        [
          9.1397036,
          45.8336799
        ],
        [
          9.1395923,
          45.8336799
        ],
        [
          9.1394853,
          45.8336627
        ],
        [
          9.1392947,
          45.8336528
        ],
        [
          9.1390982,
          45.8336498
        ],
        [
          9.139007,
          45.8336808
        ],
        [
          9.1389814,
          45.833701
        ],
        [
          9.1389371,
          45.8337324
        ]
      ],
      [
        [
          9.1402059,
          45.8337133
        ],
        [
          9.1401179,
          45.8337033
        ]
      ],
      [
        [
          9.1402401,
          45.8337336
        ],
        [
          9.1402059,
          45.8337133
        ]
      ],
      [
        [
          9.1494386,
          45.8372221
        ],
        [
          9.1493352,
          45.8372222
        ],
        [
          9.1492255,
          45.8372501
        ],
        [
          9.1491051,
          45.8372543
        ],
        [
          9.1486667,
          45.8372082
        ],
        [
          9.1484701,
          45.8371131
        ],
        [
          9.1482718,
          45.8370285
        ],
        [
          9.1478308,
          45.8368737
        ],
        [
          9.1474153,
          45.8367887
        ],
        [
          9.1471369,
          45.8368396
        ],
        [
          9.1468891,
          45.8368254
        ],
        [
          9.1465543,
          45.8368214
        ],
        [
          9.1462063,
          45.8367093
        ],
        [
          9.1459516,
          45.8365656
        ],
        [
          9.1458567,
          45.8364636
        ],
        [
          9.1457946,
          45.8362238
        ],
        [
          9.1456539,
          45.83599
        ],
        [
          9.1455329,
          45.8358776
        ],
        [
          9.145254,
          45.8357025
        ],
        [
          9.1448813,
          45.8355595
        ],
        [
          9.1446173,
          45.8353478
        ],
        [
          9.1443968,
          45.8352299
        ],
        [
          9.144129,
          45.8351876
        ],
        [
          9.1437929,
          45.8352181
        ],
        [
          9.1435633,
          45.8352188
        ],
        [
          9.1432961,
          45.8352601
        ],
        [
          9.1430912,
          45.8352417
        ],
        [
          9.1429573,
          45.8351511
        ],
        [
          9.1427777,
          45.8349992
        ],
        [
          9.1425622,
          45.8348374
        ],
        [
          9.1423024,
          45.8346888
        ],
        [
          9.1420568,
          45.8345521
        ],
        [
          9.14177,
          45.8344717
        ],
        [
          9.1414568,
          45.8343617
        ],
        [
          9.1412312,
          45.834236
        ],
        [
          9.1409877,
          45.8340608
        ],
        [
          9.1405195,
          45.8338518
        ],
        [
          9.1403102,
          45.8337809
        ],
        [
          9.1402401,
          45.8337336
        ]
      ],
      [
        [
          9.1541613,
          45.8378736
        ],
        [
          9.1540844,
          45.8378832
        ],
        [
          9.1539169,
          45.8379169
        ],
        [
          9.1536461,
          45.8379323
        ],
        [
          9.15347,
          45.8379117
        ],
        [
          9.1532965,
          45.8378655
        ],
        [
          9.1531888,
          45.8378695
        ],
        [
          9.1530041,
          45.8378863
        ],
        [
          9.1526754,
          45.8379338
        ],
        [
          9.1525874,
          45.8379437
        ],
        [
          9.1523743,
          45.8379637
        ],
        [
          9.1519457,
          45.837937
        ],
        [
          9.1514951,
          45.8379556
        ],
        [
          9.1511732,
          45.8378925
        ],
        [
          9.1509092,
          45.8378374
        ],
        [
          9.1505453,
          45.8376878
        ],
        [
          9.1503453,
          45.8375732
        ],
        [
          9.1499401,
          45.8374028
        ],
        [
          9.1496447,
          45.8373129
        ],
        [
          9.1494386,
          45.8372221
        ]
      ],
      [
        [
          9.1574998,
          45.8384631
        ],
        [
          9.1569643,
          45.8383339
        ],
        [
          9.1567425,
          45.8383547
        ],
        [
          9.1564434,
          45.838345
        ],
        [
          9.1561443,
          45.8382723
        ],
        [
          9.155897,
          45.8382341
        ],
        [
          9.1553778,
          45.8380759
        ],
        [
          9.1551472,
          45.8379959
        ],
        [
          9.1544787,
          45.8379274
        ],
        [
          9.1541613,
          45.8378736
        ]
      ],
      [
        [
          9.1574998,
          45.8384631
        ],
        [
          9.1576772,
          45.8384507
        ],
        [
          9.1577965,
          45.838451
        ],
        [
          9.1579579,
          45.8384761
        ],
        [
          9.1580739,
          45.8384848
        ],
        [
          9.1581648,
          45.8384877
        ]
      ],
      [
        [
          9.1581648,
          45.8384877
        ],
        [
          9.1584485,
          45.8385217
        ],
        [
          9.1584959,
          45.8385336
        ],
        [
          9.158903,
          45.8385761
        ],
        [
          9.1592541,
          45.8386428
        ],
        [
          9.1594769,
          45.8386993
        ],
        [
          9.159662,
          45.8387394
        ],
        [
          9.159802,
          45.8387918
        ],
        [
          9.1599606,
          45.8389046
        ],
        [
          9.1599894,
          45.838925
        ],
        [
          9.1602546,
          45.8390246
        ],
        [
          9.1606286,
          45.8390764
        ],
        [
          9.1610393,
          45.8391403
        ],
        [
          9.1612762,
          45.8391544
        ]
      ],
      [
        [
          9.1612762,
          45.8391544
        ],
        [
          9.1617677,
          45.839316
        ],
        [
          9.1622986,
          45.8396593
        ],
        [
          9.162422,
          45.8397233
        ],
        [
          9.1625438,
          45.8397434
        ],
        [
          9.1632297,
          45.8398067
        ],
        [
          9.1637225,
          45.8398933
        ],
        [
          9.1638878,
          45.8399204
        ],
        [
          9.1641394,
          45.8399962
        ],
        [
          9.1644196,
          45.8402695
        ],
        [
          9.1645503,
          45.8403904
        ],
        [
          9.1646268,
          45.8404091
        ],
        [
          9.164736,
          45.840374
        ],
        [
          9.1656954,
          45.8400836
        ],
        [
          9.1662112,
          45.8400138
        ],
        [
          9.1663527,
          45.84004
        ],
        [
          9.1666173,
          45.8400599
        ],
        [
          9.1670031,
          45.8402249
        ],
        [
          9.1672714,
          45.84041
        ],
        [
          9.1675007,
          45.8405427
        ],
        [
          9.167547,
          45.840542
        ],
        [
          9.1676295,
          45.8405044
        ],
        [
          9.167742,
          45.840396
        ],
        [
          9.1678327,
          45.8402808
        ],
        [
          9.1680679,
          45.8401086
        ],
        [
          9.1683706,
          45.839926
        ],
        [
          9.168587,
          45.8399129
        ],
        [
          9.1688547,
          45.8399902
        ],
        [
          9.1690759,
          45.8400785
        ],
        [
          9.1691945,
          45.8400708
        ],
        [
          9.1693099,
          45.8399868
        ],
        [
          9.16938,
          45.8398814
        ],
        [
          9.1695372,
          45.8396788
        ],
        [
          9.1696384,
          45.8395801
        ],
        [
          9.1697124,
          45.8395266
        ],
        [
          9.1698611,
          45.8394897
        ],
        [
          9.1700545,
          45.8395055
        ],
        [
          9.1702071,
          45.8396644
        ],
        [
          9.1703779,
          45.8397433
        ],
        [
          9.170474,
          45.839727
        ],
        [
          9.1706657,
          45.8398167
        ],
        [
          9.170847,
          45.8398276
        ],
        [
          9.1710386,
          45.8398933
        ],
        [
          9.1711748,
          45.8398346
        ],
        [
          9.1713014,
          45.8397149
        ],
        [
          9.1714007,
          45.8396644
        ],
        [
          9.1715277,
          45.839553
        ]
      ],
      [
        [
          9.1715277,
          45.839553
        ],
        [
          9.1715767,
          45.8395229
        ],
        [
          9.1716337,
          45.8395098
        ],
        [
          9.171658,
          45.8395103
        ],
        [
          9.1717048,
          45.839521
        ],
        [
          9.1717627,
          45.8395481
        ]
      ],
      [
        [
          9.1717627,
          45.8395481
        ],
        [
          9.1718593,
          45.8396171
        ],
        [
          9.1722456,
          45.8396999
        ],
        [
          9.172635,
          45.8398033
        ],
        [
          9.1727981,
          45.839815
        ],
        [
          9.1729032,
          45.839791
        ],
        [
          9.1730274,
          45.8396887
        ],
        [
          9.173301,
          45.8395616
        ],
        [
          9.1734577,
          45.8394485
        ]
      ],
      [
        [
          9.1734577,
          45.8394485
        ],
        [
          9.1736255,
          45.8394078
        ],
        [
          9.1737207,
          45.8393843
        ],
        [
          9.1738193,
          45.8393958
        ]
      ],
      [
        [
          9.1738193,
          45.8393958
        ],
        [
          9.1739729,
          45.8394403
        ],
        [
          9.1741424,
          45.839465
        ],
        [
          9.1742143,
          45.8395336
        ],
        [
          9.17428,
          45.8395504
        ],
        [
          9.1745049,
          45.8397706
        ],
        [
          9.1748701,
          45.8398877
        ],
        [
          9.1750809,
          45.8400823
        ],
        [
          9.1751582,
          45.8401876
        ],
        [
          9.1752268,
          45.840239
        ],
        [
          9.1752872,
          45.84031
        ],
        [
          9.175413,
          45.840364
        ],
        [
          9.175722,
          45.840557
        ],
        [
          9.1758732,
          45.8406903
        ],
        [
          9.175907,
          45.84074
        ],
        [
          9.1760952,
          45.8410116
        ],
        [
          9.1761307,
          45.8412505
        ],
        [
          9.1762742,
          45.8413405
        ],
        [
          9.1765378,
          45.841388
        ],
        [
          9.1768685,
          45.8414088
        ],
        [
          9.1771513,
          45.841363
        ],
        [
          9.1773124,
          45.8412337
        ],
        [
          9.1773806,
          45.8411812
        ],
        [
          9.1774678,
          45.8410294
        ],
        [
          9.1775563,
          45.8410079
        ],
        [
          9.1777173,
          45.8407649
        ],
        [
          9.1778015,
          45.8406883
        ],
        [
          9.1778997,
          45.8406417
        ],
        [
          9.1781451,
          45.8406006
        ],
        [
          9.1783167,
          45.8405484
        ],
        [
          9.1784455,
          45.8404959
        ],
        [
          9.1785434,
          45.8404959
        ],
        [
          9.1789752,
          45.840467
        ],
        [
          9.1791062,
          45.8404173
        ],
        [
          9.1792153,
          45.8403998
        ],
        [
          9.179277,
          45.8404203
        ],
        [
          9.1794419,
          45.8405249
        ],
        [
          9.1795473,
          45.8406193
        ],
        [
          9.1799515,
          45.840765
        ],
        [
          9.1801044,
          45.8407641
        ],
        [
          9.1803894,
          45.8406767
        ],
        [
          9.1805444,
          45.8407024
        ],
        [
          9.1807846,
          45.8407606
        ],
        [
          9.1810914,
          45.840878
        ],
        [
          9.1812256,
          45.8409519
        ],
        [
          9.181345,
          45.8409874
        ],
        [
          9.1814777,
          45.8409977
        ],
        [
          9.1815848,
          45.840957
        ],
        [
          9.1817597,
          45.8409857
        ],
        [
          9.1817951,
          45.8410638
        ],
        [
          9.1818519,
          45.841263
        ],
        [
          9.1820121,
          45.8413048
        ],
        [
          9.1821215,
          45.8414106
        ],
        [
          9.182094,
          45.8415457
        ],
        [
          9.182163,
          45.8416759
        ],
        [
          9.1822891,
          45.8418151
        ],
        [
          9.1823845,
          45.8420324
        ],
        [
          9.1824623,
          45.8421931
        ],
        [
          9.1825652,
          45.8422441
        ],
        [
          9.1827531,
          45.8423056
        ],
        [
          9.1828108,
          45.8423421
        ],
        [
          9.1830512,
          45.8424235
        ],
        [
          9.1832443,
          45.8424547
        ],
        [
          9.1833177,
          45.8425551
        ],
        [
          9.1834033,
          45.8425537
        ],
        [
          9.1835805,
          45.8426508
        ],
        [
          9.1837156,
          45.8427101
        ],
        [
          9.1840761,
          45.8427968
        ],
        [
          9.1841883,
          45.8428972
        ],
        [
          9.1842837,
          45.8430135
        ],
        [
          9.1843335,
          45.8430733
        ],
        [
          9.1844837,
          45.8431758
        ],
        [
          9.1847196,
          45.8432702
        ],
        [
          9.1849246,
          45.843345
        ],
        [
          9.1850908,
          45.843466
        ],
        [
          9.1851808,
          45.8435556
        ],
        [
          9.1852358,
          45.8436988
        ],
        [
          9.1852826,
          45.8439402
        ],
        [
          9.1854273,
          45.8440041
        ],
        [
          9.1855644,
          45.8440598
        ]
      ],
      [
        [
          9.1855644,
          45.8440598
        ],
        [
          9.1856995,
          45.8440975
        ],
        [
          9.1859217,
          45.8440713
        ],
        [
          9.1861193,
          45.8441003
        ],
        [
          9.1864103,
          45.8441227
        ],
        [
          9.1865074,
          45.8441768
        ],
        [
          9.1867764,
          45.8442096
        ],
        [
          9.1871305,
          45.8442638
        ],
        [
          9.1872738,
          45.8442371
        ],
        [
          9.1877144,
          45.8442078
        ],
        [
          9.1879338,
          45.8442511
        ],
        [
          9.1879915,
          45.8442535
        ],
        [
          9.1885999,
          45.8444826
        ],
        [
          9.1889383,
          45.8444579
        ],
        [
          9.1893212,
          45.8444143
        ],
        [
          9.1897041,
          45.844412
        ],
        [
          9.1899429,
          45.844349
        ],
        [
          9.1901064,
          45.8442875
        ],
        [
          9.1903077,
          45.8443227
        ],
        [
          9.1905852,
          45.8443862
        ],
        [
          9.1907823,
          45.8445305
        ],
        [
          9.190902,
          45.8446027
        ],
        [
          9.1915306,
          45.8446715
        ],
        [
          9.1918959,
          45.8447611
        ],
        [
          9.1921598,
          45.8448695
        ],
        [
          9.1923568,
          45.8449962
        ],
        [
          9.1924155,
          45.8450157
        ],
        [
          9.1925883,
          45.8454318
        ],
        [
          9.1928578,
          45.845666
        ],
        [
          9.1931064,
          45.8458352
        ],
        [
          9.1932964,
          45.8460776
        ],
        [
          9.193403,
          45.846165
        ]
      ],
      [
        [
          9.193403,
          45.846165
        ],
        [
          9.1933634,
          45.8464596
        ],
        [
          9.1931488,
          45.8469379
        ],
        [
          9.1931059,
          45.8471472
        ],
        [
          9.192999,
          45.847427
        ],
        [
          9.1927215,
          45.8477021
        ],
        [
          9.1927052,
          45.848007
        ],
        [
          9.1928585,
          45.8482126
        ],
        [
          9.1929,
          45.848364
        ],
        [
          9.1928046,
          45.8487808
        ],
        [
          9.1927522,
          45.8491698
        ],
        [
          9.1927732,
          45.8492964
        ]
      ],
      [
        [
          9.1927732,
          45.8492964
        ],
        [
          9.1928004,
          45.8494532
        ],
        [
          9.1930699,
          45.8497433
        ],
        [
          9.1934369,
          45.849958
        ],
        [
          9.1938021,
          45.8500985
        ],
        [
          9.1940372,
          45.8503136
        ],
        [
          9.1943178,
          45.8504409
        ],
        [
          9.1944375,
          45.850515
        ],
        [
          9.194467,
          45.8506476
        ],
        [
          9.1943302,
          45.8508102
        ],
        [
          9.1939802,
          45.8510338
        ],
        [
          9.1938776,
          45.851149
        ],
        [
          9.1937964,
          45.8514267
        ],
        [
          9.1938542,
          45.8516444
        ],
        [
          9.1938474,
          45.8518676
        ],
        [
          9.1936904,
          45.8520308
        ],
        [
          9.1937557,
          45.8522211
        ],
        [
          9.1937921,
          45.8526006
        ],
        [
          9.1934878,
          45.852807
        ],
        [
          9.1932891,
          45.8529524
        ],
        [
          9.1931449,
          45.8530964
        ],
        [
          9.1933137,
          45.8532718
        ],
        [
          9.1933928,
          45.8535203
        ],
        [
          9.1933785,
          45.8537007
        ],
        [
          9.193472,
          45.853824
        ],
        [
          9.1936296,
          45.8541799
        ],
        [
          9.1939105,
          45.85439
        ],
        [
          9.1942188,
          45.8546925
        ],
        [
          9.194661,
          45.8550769
        ],
        [
          9.194953,
          45.8552108
        ],
        [
          9.1950309,
          45.8552476
        ],
        [
          9.1952492,
          45.8553522
        ],
        [
          9.1956947,
          45.8555836
        ],
        [
          9.1959099,
          45.8557308
        ],
        [
          9.1960949,
          45.8557729
        ],
        [
          9.1962573,
          45.8558912
        ],
        [
          9.1966258,
          45.8559942
        ],
        [
          9.1970478,
          45.8562974
        ],
        [
          9.1972797,
          45.8566487
        ]
      ],
      [
        [
          9.1972797,
          45.8566487
        ],
        [
          9.1973749,
          45.8566935
        ],
        [
          9.1975004,
          45.8567243
        ]
      ],
      [
        [
          9.1975004,
          45.8567243
        ],
        [
          9.197671,
          45.856793
        ],
        [
          9.19781,
          45.856873
        ],
        [
          9.1979085,
          45.856928
        ],
        [
          9.1981632,
          45.8570297
        ]
      ],
      [
        [
          9.1981632,
          45.8570297
        ],
        [
          9.1982874,
          45.8570874
        ]
      ],
      [
        [
          9.1982874,
          45.8570874
        ],
        [
          9.1983135,
          45.8571417
        ],
        [
          9.1984212,
          45.8573779
        ],
        [
          9.1984806,
          45.8576176
        ],
        [
          9.1984771,
          45.8579497
        ]
      ],
      [
        [
          9.1984771,
          45.8579497
        ],
        [
          9.1984335,
          45.8582827
        ],
        [
          9.1983104,
          45.8586541
        ]
      ],
      [
        [
          9.1983104,
          45.8586541
        ],
        [
          9.198172,
          45.858882
        ],
        [
          9.198049,
          45.859321
        ],
        [
          9.1983515,
          45.8601686
        ],
        [
          9.1983098,
          45.8603291
        ],
        [
          9.1980333,
          45.8606421
        ],
        [
          9.1979104,
          45.8607492
        ]
      ],
      [
        [
          9.1979104,
          45.8607492
        ],
        [
          9.1977753,
          45.8608746
        ],
        [
          9.1976739,
          45.8609965
        ]
      ],
      [
        [
          9.1976739,
          45.8609965
        ],
        [
          9.1975918,
          45.8611706
        ],
        [
          9.1976757,
          45.8615351
        ]
      ],
      [
        [
          9.1976757,
          45.8615351
        ],
        [
          9.1976834,
          45.8616554
        ],
        [
          9.1977115,
          45.8617779
        ],
        [
          9.1977209,
          45.8618518
        ]
      ],
      [
        [
          9.1977209,
          45.8618518
        ],
        [
          9.1977052,
          45.8619087
        ]
      ],
      [
        [
          9.1992643,
          45.864962
        ],
        [
          9.1993155,
          45.8648506
        ],
        [
          9.1994324,
          45.8646926
        ],
        [
          9.199518,
          45.8644907
        ],
        [
          9.1995671,
          45.8643067
        ],
        [
          9.1995455,
          45.8642326
        ],
        [
          9.1993095,
          45.863937
        ],
        [
          9.1993069,
          45.8637974
        ],
        [
          9.1994295,
          45.8635065
        ],
        [
          9.1994711,
          45.8632997
        ],
        [
          9.1993978,
          45.8631802
        ],
        [
          9.199264,
          45.8627434
        ],
        [
          9.1991012,
          45.8626476
        ],
        [
          9.198767,
          45.862428
        ],
        [
          9.1982625,
          45.862297
        ],
        [
          9.1980687,
          45.8622405
        ],
        [
          9.197769,
          45.862123
        ],
        [
          9.1977052,
          45.8619087
        ]
      ],
      [
        [
          9.1980795,
          45.8670331
        ],
        [
          9.1980557,
          45.86698
        ],
        [
          9.198184,
          45.8669163
        ],
        [
          9.198322,
          45.8668479
        ],
        [
          9.198381,
          45.8668068
        ],
        [
          9.1986412,
          45.8666558
        ],
        [
          9.1988385,
          45.8664437
        ],
        [
          9.1989713,
          45.8663155
        ],
        [
          9.1991643,
          45.866151
        ],
        [
          9.1992193,
          45.8660659
        ],
        [
          9.199285,
          45.8659276
        ],
        [
          9.1993305,
          45.8658468
        ],
        [
          9.1995377,
          45.865536
        ],
        [
          9.1995706,
          45.865427
        ],
        [
          9.199529,
          45.8652834
        ],
        [
          9.1993471,
          45.865136
        ],
        [
          9.1992643,
          45.864962
        ]
      ],
      [
        [
          9.1981859,
          45.8670984
        ],
        [
          9.1981383,
          45.8670926
        ],
        [
          9.198086,
          45.8670702
        ],
        [
          9.1980795,
          45.8670331
        ]
      ],
      [
        [
          9.1996788,
          45.867329
        ],
        [
          9.1991917,
          45.8672514
        ],
        [
          9.1987799,
          45.8671862
        ],
        [
          9.198491,
          45.8671346
        ],
        [
          9.1981859,
          45.8670984
        ]
      ],
      [
        [
          9.2016128,
          45.8687006
        ],
        [
          9.2015644,
          45.868571
        ],
        [
          9.2014398,
          45.8682792
        ],
        [
          9.2012382,
          45.8679749
        ],
        [
          9.2009693,
          45.8676473
        ],
        [
          9.2007488,
          45.8675521
        ],
        [
          9.2005677,
          45.8674247
        ],
        [
          9.2002677,
          45.8673368
        ],
        [
          9.1999882,
          45.8672989
        ],
        [
          9.1996788,
          45.867329
        ]
      ],
      [
        [
          9.2039343,
          45.8688076
        ],
        [
          9.2037534,
          45.8688132
        ],
        [
          9.2033028,
          45.8688845
        ],
        [
          9.2029625,
          45.868924
        ],
        [
          9.2028309,
          45.8688895
        ],
        [
          9.2025909,
          45.8689138
        ],
        [
          9.2022608,
          45.8689167
        ],
        [
          9.2020103,
          45.8689347
        ],
        [
          9.201767,
          45.868849
        ],
        [
          9.2016128,
          45.8687006
        ]
      ],
      [
        [
          9.2076941,
          45.8707652
        ],
        [
          9.2075325,
          45.8706766
        ],
        [
          9.2072352,
          45.8705481
        ],
        [
          9.2067507,
          45.8702023
        ],
        [
          9.206085,
          45.8696335
        ],
        [
          9.205757,
          45.869239
        ],
        [
          9.2055255,
          45.8690535
        ],
        [
          9.205209,
          45.8689552
        ],
        [
          9.2047873,
          45.8688699
        ],
        [
          9.2045528,
          45.8688314
        ],
        [
          9.2042311,
          45.8688145
        ],
        [
          9.2039343,
          45.8688076
        ]
      ],
      [
        [
          9.208064,
          45.8710109
        ],
        [
          9.2079216,
          45.8709133
        ],
        [
          9.2078167,
          45.8708144
        ],
        [
          9.2076941,
          45.8707652
        ]
      ],
      [
        [
          9.2084682,
          45.8714501
        ],
        [
          9.2082381,
          45.8711492
        ],
        [
          9.208064,
          45.8710109
        ]
      ],
      [
        [
          9.2086346,
          45.874309
        ],
        [
          9.2085952,
          45.874004
        ],
        [
          9.208521,
          45.873658
        ],
        [
          9.2084846,
          45.8731629
        ],
        [
          9.2085067,
          45.8729164
        ],
        [
          9.2085008,
          45.872672
        ],
        [
          9.2085229,
          45.8724142
        ],
        [
          9.2084684,
          45.8722139
        ],
        [
          9.2085023,
          45.8717066
        ],
        [
          9.2084682,
          45.8714501
        ]
      ],
      [
        [
          9.2087675,
          45.8744881
        ],
        [
          9.2086346,
          45.874309
        ]
      ],
      [
        [
          9.209075,
          45.8747526
        ],
        [
          9.208884,
          45.874591
        ],
        [
          9.2087675,
          45.8744881
        ]
      ],
      [
        [
          9.2106706,
          45.8759639
        ],
        [
          9.210532,
          45.875877
        ],
        [
          9.210246,
          45.875706
        ],
        [
          9.2099897,
          45.8755333
        ],
        [
          9.2098273,
          45.8754162
        ],
        [
          9.2096314,
          45.8752558
        ],
        [
          9.209416,
          45.8751415
        ],
        [
          9.2092832,
          45.8750146
        ],
        [
          9.2091648,
          45.8748757
        ],
        [
          9.209075,
          45.8747526
        ]
      ],
      [
        [
          9.2104087,
          45.8779896
        ],
        [
          9.2104091,
          45.8779532
        ],
        [
          9.2105222,
          45.8778584
        ],
        [
          9.2107653,
          45.8776431
        ],
        [
          9.2110643,
          45.8773067
        ],
        [
          9.2111204,
          45.8771732
        ],
        [
          9.2111788,
          45.8770603
        ],
        [
          9.211262,
          45.8769746
        ],
        [
          9.2111952,
          45.8768952
        ],
        [
          9.2111187,
          45.8767359
        ],
        [
          9.211019,
          45.876299
        ],
        [
          9.2108888,
          45.876157
        ],
        [
          9.2107495,
          45.87605
        ],
        [
          9.2106706,
          45.8759639
        ]
      ],
      [
        [
          9.2152268,
          45.8763059
        ],
        [
          9.2150469,
          45.876367
        ],
        [
          9.2146013,
          45.8764213
        ],
        [
          9.2143656,
          45.8765185
        ],
        [
          9.2142199,
          45.8766449
        ],
        [
          9.2140978,
          45.8768109
        ],
        [
          9.2137549,
          45.877029
        ],
        [
          9.2135149,
          45.8771151
        ],
        [
          9.2133521,
          45.8772029
        ],
        [
          9.2130862,
          45.8772515
        ],
        [
          9.2128772,
          45.8773545
        ],
        [
          9.2127359,
          45.877549
        ],
        [
          9.2125595,
          45.8776145
        ],
        [
          9.2122129,
          45.8775911
        ],
        [
          9.2120313,
          45.877663
        ],
        [
          9.2117887,
          45.8777583
        ],
        [
          9.2115121,
          45.8778647
        ],
        [
          9.2111319,
          45.8779421
        ],
        [
          9.2108833,
          45.8780202
        ],
        [
          9.2106186,
          45.8781371
        ],
        [
          9.2105609,
          45.8781557
        ],
        [
          9.2104995,
          45.8781423
        ],
        [
          9.2104082,
          45.8780398
        ],
        [
          9.2104087,
          45.8779896
        ]
      ],
      [
        [
          9.2152694,
          45.8762971
        ],
        [
          9.2152268,
          45.8763059
        ]
      ],
      [
        [
          9.2164623,
          45.8762631
        ],
        [
          9.2154335,
          45.8762632
        ],
        [
          9.2152694,
          45.8762971
        ]
      ],
      [
        [
          9.2164623,
          45.8762631
        ],
        [
          9.2165776,
          45.8762496
        ],
        [
          9.2168031,
          45.8762618
        ],
        [
          9.2168396,
          45.8762673
        ],
        [
          9.2170027,
          45.8763322
        ],
        [
          9.2174348,
          45.8766951
        ],
        [
          9.21783,
          45.8767983
        ],
        [
          9.2180641,
          45.8769518
        ],
        [
          9.2182644,
          45.8772625
        ],
        [
          9.218402,
          45.877476
        ],
        [
          9.2187104,
          45.8779536
        ],
        [
          9.2190418,
          45.8781135
        ],
        [
          9.2193459,
          45.8781579
        ],
        [
          9.2196263,
          45.8783114
        ],
        [
          9.219746,
          45.8783031
        ],
        [
          9.2199073,
          45.8783467
        ],
        [
          9.2207129,
          45.8785607
        ],
        [
          9.221282,
          45.8788302
        ],
        [
          9.2214102,
          45.8788529
        ],
        [
          9.2215607,
          45.8789194
        ],
        [
          9.2217001,
          45.878925
        ],
        [
          9.2218912,
          45.8790918
        ],
        [
          9.2219328,
          45.8792669
        ],
        [
          9.2220563,
          45.8793553
        ],
        [
          9.2222399,
          45.8794737
        ],
        [
          9.2226153,
          45.8795787
        ],
        [
          9.2230462,
          45.8798062
        ],
        [
          9.2234677,
          45.8799604
        ],
        [
          9.2235327,
          45.880077
        ],
        [
          9.2235457,
          45.8801046
        ],
        [
          9.2235481,
          45.8801384
        ]
      ],
      [
        [
          9.22901,
          45.8829576
        ],
        [
          9.2288482,
          45.8828254
        ],
        [
          9.2286207,
          45.8827814
        ],
        [
          9.2284554,
          45.8827342
        ],
        [
          9.228353,
          45.8827264
        ],
        [
          9.2278539,
          45.8827036
        ],
        [
          9.227643,
          45.882694
        ],
        [
          9.227407,
          45.882647
        ],
        [
          9.2270941,
          45.882652
        ],
        [
          9.2268366,
          45.8826912
        ],
        [
          9.2266381,
          45.882735
        ],
        [
          9.2262295,
          45.8826718
        ],
        [
          9.2260373,
          45.8826539
        ],
        [
          9.225833,
          45.8826746
        ],
        [
          9.2253875,
          45.8827677
        ],
        [
          9.2247636,
          45.8829342
        ],
        [
          9.2243555,
          45.8829646
        ],
        [
          9.2240293,
          45.8828944
        ],
        [
          9.223812,
          45.882679
        ],
        [
          9.2237123,
          45.8824725
        ],
        [
          9.2237513,
          45.8822335
        ],
        [
          9.2239428,
          45.8819177
        ],
        [
          9.2239376,
          45.8816149
        ],
        [
          9.2235818,
          45.8807517
        ],
        [
          9.2235345,
          45.8804342
        ],
        [
          9.2235796,
          45.8803106
        ],
        [
          9.2235964,
          45.8802023
        ],
        [
          9.2235481,
          45.8801384
        ]
      ],
      [
        [
          9.229896,
          45.8829394
        ],
        [
          9.2297479,
          45.8828762
        ],
        [
          9.2296736,
          45.8828585
        ],
        [
          9.2295147,
          45.8828116
        ],
        [
          9.2294435,
          45.882792
        ],
        [
          9.2293065,
          45.8827771
        ],
        [
          9.2292079,
          45.8827936
        ],
        [
          9.2291544,
          45.8828308
        ],
        [
          9.2290955,
          45.8828746
        ],
        [
          9.22901,
          45.8829576
        ]
      ],
      [
        [
          9.231289,
          45.887162
        ],
        [
          9.2312693,
          45.8867589
        ],
        [
          9.2313467,
          45.8863657
        ],
        [
          9.2313615,
          45.8860032
        ],
        [
          9.2312794,
          45.8856522
        ],
        [
          9.2311621,
          45.8852917
        ],
        [
          9.2311066,
          45.885055
        ],
        [
          9.2310304,
          45.8848237
        ],
        [
          9.230998,
          45.8846601
        ],
        [
          9.2310109,
          45.8844959
        ],
        [
          9.2310986,
          45.8842333
        ],
        [
          9.2312931,
          45.8839236
        ],
        [
          9.2313252,
          45.8838199
        ],
        [
          9.2313387,
          45.8836662
        ],
        [
          9.2313145,
          45.8835184
        ],
        [
          9.2312649,
          45.8833671
        ],
        [
          9.2311227,
          45.8832392
        ],
        [
          9.2310356,
          45.8831851
        ],
        [
          9.2308505,
          45.8831281
        ],
        [
          9.2306724,
          45.88309
        ],
        [
          9.2304789,
          45.8830718
        ],
        [
          9.2303171,
          45.8830674
        ],
        [
          9.2301432,
          45.883046
        ],
        [
          9.2300534,
          45.8830196
        ],
        [
          9.2300105,
          45.8829977
        ],
        [
          9.229896,
          45.8829394
        ]
      ],
      [
        [
          9.23137,
          45.8875892
        ],
        [
          9.2313615,
          45.8875732
        ],
        [
          9.2313186,
          45.8874586
        ],
        [
          9.231289,
          45.887162
        ]
      ],
      [
        [
          9.2347075,
          45.8894784
        ],
        [
          9.2341081,
          45.8892367
        ],
        [
          9.2333704,
          45.8890016
        ],
        [
          9.2330392,
          45.888816
        ],
        [
          9.2323297,
          45.8884297
        ],
        [
          9.2318242,
          45.8881014
        ],
        [
          9.2314768,
          45.8877897
        ],
        [
          9.23137,
          45.8875892
        ]
      ],
      [
        [
          9.2357469,
          45.8914723
        ],
        [
          9.2357469,
          45.8914161
        ],
        [
          9.2357401,
          45.8912612
        ],
        [
          9.2356959,
          45.8910928
        ],
        [
          9.2355967,
          45.8909225
        ],
        [
          9.2354719,
          45.8906662
        ],
        [
          9.235433,
          45.8905354
        ],
        [
          9.2353472,
          45.8903964
        ],
        [
          9.2352507,
          45.8902518
        ],
        [
          9.2351139,
          45.8901128
        ],
        [
          9.2349958,
          45.8899355
        ],
        [
          9.2348121,
          45.8895959
        ],
        [
          9.2347075,
          45.8894784
        ]
      ],
      [
        [
          9.2357482,
          45.8916389
        ],
        [
          9.2357469,
          45.8914723
        ]
      ],
      [
        [
          9.2357549,
          45.8922772
        ],
        [
          9.2357683,
          45.8919861
        ],
        [
          9.2357817,
          45.8918321
        ],
        [
          9.2357482,
          45.8916389
        ]
      ],
      [
        [
          9.2358202,
          45.8929553
        ],
        [
          9.2357898,
          45.8928323
        ],
        [
          9.2357965,
          45.8926834
        ],
        [
          9.2357469,
          45.8925182
        ],
        [
          9.2357549,
          45.8922772
        ]
      ],
      [
        [
          9.2359565,
          45.8936401
        ],
        [
          9.2359386,
          45.8934927
        ],
        [
          9.2359077,
          45.8932571
        ],
        [
          9.2358202,
          45.8929553
        ]
      ],
      [
        [
          9.237171,
          45.8955099
        ],
        [
          9.2365408,
          45.8946925
        ],
        [
          9.2363584,
          45.8944789
        ],
        [
          9.2361706,
          45.8942422
        ],
        [
          9.2360097,
          45.8938977
        ],
        [
          9.2359565,
          45.8936401
        ]
      ],
      [
        [
          9.2449768,
          45.8990864
        ],
        [
          9.2447772,
          45.8990568
        ],
        [
          9.244584,
          45.89901
        ],
        [
          9.244288,
          45.898933
        ],
        [
          9.2441171,
          45.8988548
        ],
        [
          9.2437564,
          45.898549
        ],
        [
          9.2435212,
          45.8984199
        ],
        [
          9.2432948,
          45.8983406
        ],
        [
          9.2424124,
          45.898139
        ],
        [
          9.2413031,
          45.8978566
        ],
        [
          9.2406455,
          45.8976437
        ],
        [
          9.2401141,
          45.8973563
        ],
        [
          9.2394769,
          45.8969859
        ],
        [
          9.2391673,
          45.896849
        ],
        [
          9.238805,
          45.8967637
        ],
        [
          9.2386027,
          45.8966596
        ],
        [
          9.2383463,
          45.8964461
        ],
        [
          9.2375855,
          45.8958019
        ],
        [
          9.237171,
          45.8955099
        ]
      ],
      [
        [
          9.2465017,
          45.9048056
        ],
        [
          9.2465859,
          45.9046949
        ],
        [
          9.2466741,
          45.9046457
        ],
        [
          9.246765,
          45.904537
        ],
        [
          9.2467851,
          45.9044492
        ],
        [
          9.246824,
          45.9042795
        ],
        [
          9.2469175,
          45.9039499
        ],
        [
          9.2470205,
          45.9037895
        ],
        [
          9.247255,
          45.903656
        ],
        [
          9.2474621,
          45.9035035
        ],
        [
          9.2479852,
          45.9030265
        ],
        [
          9.2481235,
          45.9027231
        ],
        [
          9.2482704,
          45.9023607
        ],
        [
          9.248468,
          45.9019359
        ],
        [
          9.2485383,
          45.9017032
        ],
        [
          9.2485361,
          45.9014758
        ],
        [
          9.2484772,
          45.9012656
        ],
        [
          9.2482414,
          45.9011197
        ],
        [
          9.247981,
          45.9010171
        ],
        [
          9.2470549,
          45.9005782
        ],
        [
          9.246078,
          45.8999661
        ],
        [
          9.2458864,
          45.8998158
        ],
        [
          9.2456679,
          45.8994413
        ],
        [
          9.2455503,
          45.8993065
        ],
        [
          9.245352,
          45.899223
        ],
        [
          9.2451591,
          45.8991506
        ],
        [
          9.2449768,
          45.8990864
        ]
      ],
      [
        [
          9.2460576,
          45.9094506
        ],
        [
          9.2461124,
          45.909327
        ],
        [
          9.2461841,
          45.9089853
        ],
        [
          9.2462516,
          45.9087678
        ],
        [
          9.2463251,
          45.90859
        ],
        [
          9.2463846,
          45.9082968
        ],
        [
          9.2463999,
          45.9082404
        ],
        [
          9.2464286,
          45.9081011
        ],
        [
          9.2464438,
          45.9079635
        ],
        [
          9.2465349,
          45.907803
        ],
        [
          9.246589,
          45.907749
        ],
        [
          9.24664,
          45.90749
        ],
        [
          9.246675,
          45.90723
        ],
        [
          9.2468634,
          45.906593
        ],
        [
          9.2469029,
          45.9063819
        ],
        [
          9.2467996,
          45.9062015
        ],
        [
          9.2468134,
          45.906071
        ],
        [
          9.2468908,
          45.90593
        ],
        [
          9.247004,
          45.905727
        ],
        [
          9.2470082,
          45.9055854
        ],
        [
          9.247009,
          45.90556
        ],
        [
          9.246884,
          45.90543
        ],
        [
          9.246643,
          45.905174
        ],
        [
          9.2465049,
          45.904976
        ],
        [
          9.2464902,
          45.9048859
        ],
        [
          9.2465017,
          45.9048056
        ]
      ],
      [
        [
          9.2459445,
          45.9099629
        ],
        [
          9.2460179,
          45.909813
        ],
        [
          9.2460692,
          45.9097545
        ],
        [
          9.246066,
          45.9096784
        ],
        [
          9.2460633,
          45.9095169
        ],
        [
          9.2460576,
          45.9094506
        ]
      ],
      [
        [
          9.2398307,
          45.9109499
        ],
        [
          9.2396953,
          45.9110127
        ],
        [
          9.239606,
          45.911011
        ],
        [
          9.2396052,
          45.9109603
        ],
        [
          9.23964,
          45.9109028
        ],
        [
          9.2397634,
          45.9108333
        ],
        [
          9.239858,
          45.9107652
        ],
        [
          9.2400617,
          45.9106683
        ],
        [
          9.2403883,
          45.9105281
        ],
        [
          9.2407689,
          45.9103507
        ],
        [
          9.2409541,
          45.9102905
        ],
        [
          9.2410931,
          45.9102531
        ],
        [
          9.241445,
          45.9101067
        ],
        [
          9.2416671,
          45.9100013
        ],
        [
          9.2419002,
          45.90989
        ],
        [
          9.2420292,
          45.9098429
        ],
        [
          9.2421768,
          45.9098149
        ],
        [
          9.2423973,
          45.9098093
        ],
        [
          9.2426273,
          45.9098349
        ],
        [
          9.2428427,
          45.9098689
        ],
        [
          9.2431024,
          45.9099177
        ],
        [
          9.243319,
          45.9099509
        ],
        [
          9.2439198,
          45.9100603
        ],
        [
          9.2443231,
          45.9101297
        ],
        [
          9.2445819,
          45.9101482
        ],
        [
          9.2449901,
          45.9101536
        ],
        [
          9.2456455,
          45.9101185
        ],
        [
          9.2458516,
          45.9100538
        ],
        [
          9.2459445,
          45.9099629
        ]
      ],
      [
        [
          9.2420209,
          45.9108489
        ],
        [
          9.2419659,
          45.9108344
        ],
        [
          9.2417304,
          45.9108707
        ],
        [
          9.2414792,
          45.9108831
        ],
        [
          9.2412028,
          45.9108957
        ],
        [
          9.2409862,
          45.9109043
        ],
        [
          9.2405068,
          45.9108751
        ],
        [
          9.2403156,
          45.9108679
        ],
        [
          9.2399943,
          45.9108917
        ],
        [
          9.2398307,
          45.9109499
        ]
      ],
      [
        [
          9.2361763,
          45.9141659
        ],
        [
          9.2363863,
          45.914103
        ],
        [
          9.23669,
          45.9140778
        ],
        [
          9.2368734,
          45.9140837
        ],
        [
          9.2372123,
          45.9141451
        ],
        [
          9.2377633,
          45.9142684
        ],
        [
          9.2380517,
          45.9142849
        ],
        [
          9.2384252,
          45.914318
        ],
        [
          9.2386148,
          45.9143256
        ],
        [
          9.2388582,
          45.9143107
        ],
        [
          9.2389732,
          45.9142737
        ],
        [
          9.239178,
          45.9141672
        ],
        [
          9.2394389,
          45.913996
        ],
        [
          9.239615,
          45.9138016
        ],
        [
          9.2399691,
          45.9133489
        ],
        [
          9.24027,
          45.91309
        ],
        [
          9.2404433,
          45.9128845
        ],
        [
          9.2407744,
          45.9123851
        ],
        [
          9.2408011,
          45.912331
        ],
        [
          9.2408181,
          45.9122704
        ],
        [
          9.2407928,
          45.9121631
        ],
        [
          9.2407709,
          45.9121154
        ],
        [
          9.2407288,
          45.9120663
        ],
        [
          9.2405594,
          45.9119221
        ],
        [
          9.2404718,
          45.911816
        ],
        [
          9.2404328,
          45.9116836
        ],
        [
          9.24052,
          45.911552
        ],
        [
          9.2406881,
          45.9114093
        ],
        [
          9.2408844,
          45.9112809
        ],
        [
          9.2412498,
          45.9111328
        ],
        [
          9.2414902,
          45.911046
        ],
        [
          9.2417435,
          45.9109519
        ],
        [
          9.2419574,
          45.9109034
        ],
        [
          9.242019,
          45.910876
        ],
        [
          9.2420209,
          45.9108489
        ]
      ],
      [
        [
          9.2362529,
          45.9142564
        ],
        [
          9.2361763,
          45.9141659
        ]
      ],
      [
        [
          9.2362529,
          45.9142564
        ],
        [
          9.2362722,
          45.9142798
        ]
      ],
      [
        [
          9.2362722,
          45.9142798
        ],
        [
          9.2363302,
          45.9143115
        ],
        [
          9.2363758,
          45.9143381
        ],
        [
          9.236467,
          45.914374
        ],
        [
          9.2365193,
          45.9143955
        ],
        [
          9.2366072,
          45.914472
        ],
        [
          9.2366333,
          45.9144888
        ],
        [
          9.236772,
          45.9145622
        ]
      ],
      [
        [
          9.2378584,
          45.9199507
        ],
        [
          9.237829,
          45.919777
        ],
        [
          9.2380729,
          45.9192491
        ],
        [
          9.2380435,
          45.9192242
        ],
        [
          9.2379345,
          45.9192719
        ],
        [
          9.2378764,
          45.9192518
        ],
        [
          9.23794,
          45.91913
        ],
        [
          9.2380211,
          45.919043
        ],
        [
          9.2380908,
          45.9189721
        ],
        [
          9.2382901,
          45.9186304
        ],
        [
          9.2383512,
          45.9184193
        ],
        [
          9.2385861,
          45.918153
        ],
        [
          9.238867,
          45.917656
        ],
        [
          9.239023,
          45.917377
        ],
        [
          9.2390251,
          45.9173077
        ],
        [
          9.239156,
          45.917126
        ],
        [
          9.2391992,
          45.9170495
        ],
        [
          9.2392558,
          45.9170233
        ],
        [
          9.239326,
          45.9170005
        ],
        [
          9.239345,
          45.9169829
        ],
        [
          9.2393547,
          45.9169648
        ],
        [
          9.23935,
          45.9169456
        ],
        [
          9.2392977,
          45.9168885
        ],
        [
          9.2392597,
          45.9168528
        ],
        [
          9.2392218,
          45.916794
        ],
        [
          9.2392154,
          45.9166268
        ],
        [
          9.2392759,
          45.9162648
        ],
        [
          9.2392906,
          45.9161285
        ],
        [
          9.2392731,
          45.9160356
        ],
        [
          9.239244,
          45.9158994
        ],
        [
          9.2391656,
          45.9157241
        ],
        [
          9.239059,
          45.9155432
        ],
        [
          9.238639,
          45.915191
        ],
        [
          9.2384234,
          45.9150542
        ],
        [
          9.2383074,
          45.9150288
        ],
        [
          9.237549,
          45.914863
        ],
        [
          9.236772,
          45.9145622
        ]
      ],
      [
        [
          9.2339325,
          45.9224243
        ],
        [
          9.2340664,
          45.9224087
        ],
        [
          9.2342868,
          45.9223518
        ],
        [
          9.2345764,
          45.9223207
        ],
        [
          9.2350955,
          45.9221418
        ],
        [
          9.2351956,
          45.9221836
        ],
        [
          9.2352397,
          45.9222734
        ],
        [
          9.2352793,
          45.9222728
        ],
        [
          9.235349,
          45.9221693
        ],
        [
          9.2354979,
          45.9220821
        ],
        [
          9.235513,
          45.921995
        ],
        [
          9.235599,
          45.921895
        ],
        [
          9.2358284,
          45.9217571
        ],
        [
          9.235953,
          45.921693
        ],
        [
          9.2364276,
          45.9215219
        ],
        [
          9.236589,
          45.921433
        ],
        [
          9.2366353,
          45.9212563
        ],
        [
          9.23696,
          45.920838
        ],
        [
          9.2373625,
          45.9205066
        ],
        [
          9.2378516,
          45.920002
        ],
        [
          9.2378584,
          45.9199507
        ]
      ],
      [
        [
          9.2334456,
          45.9225822
        ],
        [
          9.2335827,
          45.9225479
        ],
        [
          9.2336505,
          45.9224611
        ],
        [
          9.2339325,
          45.9224243
        ]
      ],
      [
        [
          9.2333434,
          45.9225113
        ],
        [
          9.2334456,
          45.9225822
        ]
      ],
      [
        [
          9.2333977,
          45.9223063
        ],
        [
          9.2333434,
          45.9225113
        ]
      ],
      [
        [
          9.2320835,
          45.9218586
        ],
        [
          9.2322324,
          45.9216435
        ],
        [
          9.2322986,
          45.9215838
        ],
        [
          9.2323424,
          45.9215537
        ],
        [
          9.2323955,
          45.921538
        ],
        [
          9.232457,
          45.921536
        ],
        [
          9.2325394,
          45.9215486
        ],
        [
          9.2327293,
          45.9216317
        ],
        [
          9.2329584,
          45.9217684
        ],
        [
          9.2329899,
          45.9218077
        ],
        [
          9.2330206,
          45.9218488
        ],
        [
          9.2330555,
          45.9219416
        ],
        [
          9.2332926,
          45.9222604
        ],
        [
          9.2333977,
          45.9223063
        ]
      ],
      [
        [
          9.2307788,
          45.9238694
        ],
        [
          9.2308176,
          45.9238972
        ],
        [
          9.2308549,
          45.9239239
        ],
        [
          9.2309272,
          45.9239617
        ],
        [
          9.2310921,
          45.9239909
        ],
        [
          9.2312525,
          45.9238806
        ],
        [
          9.2312049,
          45.9236912
        ],
        [
          9.2312376,
          45.9235248
        ],
        [
          9.2313336,
          45.9234081
        ],
        [
          9.2314286,
          45.9232989
        ],
        [
          9.2314621,
          45.9230564
        ],
        [
          9.2315576,
          45.922784
        ],
        [
          9.2316476,
          45.9226458
        ],
        [
          9.2316806,
          45.9225953
        ],
        [
          9.2317438,
          45.9224983
        ],
        [
          9.2317295,
          45.9223322
        ],
        [
          9.2318003,
          45.9221296
        ],
        [
          9.2320835,
          45.9218586
        ]
      ],
      [
        [
          9.2305984,
          45.9236403
        ],
        [
          9.2306848,
          45.9237633
        ],
        [
          9.2307027,
          45.9237873
        ],
        [
          9.2307788,
          45.9238694
        ]
      ],
      [
        [
          9.2305984,
          45.9236403
        ],
        [
          9.2303977,
          45.9233998
        ],
        [
          9.2303766,
          45.9233671
        ],
        [
          9.2301441,
          45.9230061
        ],
        [
          9.230099,
          45.922936
        ],
        [
          9.2299025,
          45.9228429
        ],
        [
          9.2297822,
          45.9228649
        ]
      ],
      [
        [
          9.2297822,
          45.9228649
        ],
        [
          9.2297718,
          45.9227778
        ],
        [
          9.229737,
          45.922596
        ],
        [
          9.2297232,
          45.9224121
        ],
        [
          9.2297227,
          45.9222274
        ],
        [
          9.2298169,
          45.9220224
        ],
        [
          9.2299279,
          45.9219575
        ]
      ],
      [
        [
          9.2299279,
          45.9219575
        ],
        [
          9.2299948,
          45.9218255
        ]
      ],
      [
        [
          9.2299948,
          45.9218255
        ],
        [
          9.2299232,
          45.9217317
        ]
      ],
      [
        [
          9.2299232,
          45.9217317
        ],
        [
          9.2298169,
          45.9216854
        ],
        [
          9.2295982,
          45.9216951
        ],
        [
          9.229508,
          45.9216179
        ]
      ],
      [
        [
          9.229508,
          45.9216179
        ],
        [
          9.2293573,
          45.9216323
        ]
      ],
      [
        [
          9.2293573,
          45.9216323
        ],
        [
          9.2291878,
          45.921712
        ],
        [
          9.2287605,
          45.922082
        ],
        [
          9.2285066,
          45.9222162
        ],
        [
          9.227882,
          45.9223086
        ],
        [
          9.2274013,
          45.9224015
        ],
        [
          9.2268172,
          45.9224192
        ],
        [
          9.2260337,
          45.9223806
        ],
        [
          9.225943,
          45.9223216
        ],
        [
          9.2256279,
          45.9220794
        ]
      ],
      [
        [
          9.2256279,
          45.9220794
        ],
        [
          9.2255733,
          45.9220511
        ]
      ],
      [
        [
          9.2255733,
          45.9220511
        ],
        [
          9.2251692,
          45.9219131
        ]
      ],
      [
        [
          9.2251692,
          45.9219131
        ],
        [
          9.2246595,
          45.9215747
        ],
        [
          9.2246134,
          45.921541
        ]
      ],
      [
        [
          9.2246134,
          45.921541
        ],
        [
          9.2242046,
          45.9213291
        ],
        [
          9.2239216,
          45.9212721
        ],
        [
          9.2231735,
          45.9212739
        ],
        [
          9.2229278,
          45.9213014
        ],
        [
          9.2226154,
          45.9214874
        ],
        [
          9.2219597,
          45.9217578
        ],
        [
          9.2215273,
          45.921963
        ],
        [
          9.2213621,
          45.9221322
        ],
        [
          9.2213009,
          45.9222044
        ]
      ],
      [
        [
          9.2213009,
          45.9222044
        ],
        [
          9.2213198,
          45.9222765
        ],
        [
          9.22134,
          45.9223903
        ],
        [
          9.2215786,
          45.9229361
        ]
      ],
      [
        [
          9.2215786,
          45.9229361
        ],
        [
          9.221793,
          45.923137
        ],
        [
          9.2218214,
          45.9233601
        ],
        [
          9.221726,
          45.9236039
        ],
        [
          9.2217458,
          45.9237491
        ],
        [
          9.221827,
          45.923917
        ],
        [
          9.2218971,
          45.9241358
        ],
        [
          9.2221085,
          45.9243564
        ],
        [
          9.2222973,
          45.9245508
        ],
        [
          9.2224332,
          45.9247189
        ],
        [
          9.2224672,
          45.9250419
        ],
        [
          9.2224059,
          45.9253707
        ],
        [
          9.2224597,
          45.9257353
        ],
        [
          9.2225061,
          45.9257776
        ],
        [
          9.2224566,
          45.9259879
        ],
        [
          9.2225141,
          45.9262999
        ],
        [
          9.2227238,
          45.9264896
        ],
        [
          9.2227459,
          45.9266303
        ],
        [
          9.2228556,
          45.9267566
        ],
        [
          9.2228847,
          45.927203
        ],
        [
          9.222875,
          45.9274239
        ],
        [
          9.2228032,
          45.9275762
        ],
        [
          9.2227428,
          45.9278625
        ],
        [
          9.222773,
          45.9280227
        ],
        [
          9.2226786,
          45.9284008
        ],
        [
          9.2226409,
          45.9286477
        ],
        [
          9.2227051,
          45.9288946
        ],
        [
          9.2228448,
          45.9294802
        ],
        [
          9.2229731,
          45.929643
        ],
        [
          9.222981,
          45.929961
        ],
        [
          9.2230675,
          45.9303967
        ],
        [
          9.223247,
          45.930569
        ],
        [
          9.2233124,
          45.9309192
        ]
      ],
      [
        [
          9.2233124,
          45.9309192
        ],
        [
          9.2233394,
          45.9310637
        ],
        [
          9.2234111,
          45.9314182
        ],
        [
          9.2233281,
          45.9318183
        ]
      ],
      [
        [
          9.2233281,
          45.9318183
        ],
        [
          9.2233114,
          45.9319427
        ],
        [
          9.2234038,
          45.9320483
        ],
        [
          9.2234447,
          45.932095
        ]
      ],
      [
        [
          9.2234447,
          45.932095
        ],
        [
          9.2236581,
          45.9322924
        ],
        [
          9.223798,
          45.932688
        ],
        [
          9.224087,
          45.933045
        ],
        [
          9.224628,
          45.934043
        ],
        [
          9.224737,
          45.934422
        ],
        [
          9.225017,
          45.934825
        ],
        [
          9.225625,
          45.935259
        ],
        [
          9.2257379,
          45.935377
        ],
        [
          9.2259088,
          45.9355556
        ],
        [
          9.2260033,
          45.9356232
        ]
      ],
      [
        [
          9.2260033,
          45.9356232
        ],
        [
          9.226176,
          45.9357121
        ],
        [
          9.226572,
          45.935955
        ],
        [
          9.226858,
          45.936325
        ],
        [
          9.227237,
          45.936518
        ],
        [
          9.227574,
          45.936905
        ],
        [
          9.227659,
          45.937229
        ],
        [
          9.22796,
          45.937376
        ],
        [
          9.228326,
          45.937358
        ],
        [
          9.228754,
          45.937511
        ],
        [
          9.228982,
          45.93774
        ],
        [
          9.2290302,
          45.9384536
        ],
        [
          9.229058,
          45.938865
        ],
        [
          9.229222,
          45.939085
        ],
        [
          9.231083,
          45.939934
        ],
        [
          9.231445,
          45.940338
        ],
        [
          9.23162,
          45.940649
        ],
        [
          9.2316532,
          45.9410785
        ],
        [
          9.2316677,
          45.941112
        ],
        [
          9.2316922,
          45.9411243
        ]
      ],
      [
        [
          9.2316922,
          45.9411243
        ],
        [
          9.2317336,
          45.941112
        ],
        [
          9.2317489,
          45.9410735
        ],
        [
          9.231843,
          45.9407076
        ],
        [
          9.2319537,
          45.9405065
        ],
        [
          9.2320595,
          45.9403197
        ],
        [
          9.2320974,
          45.9401578
        ],
        [
          9.2321021,
          45.939999
        ],
        [
          9.2321489,
          45.9397092
        ],
        [
          9.2321821,
          45.939665
        ],
        [
          9.232248,
          45.9396503
        ],
        [
          9.2323419,
          45.9396556
        ],
        [
          9.2323869,
          45.9396977
        ],
        [
          9.2324176,
          45.9397567
        ],
        [
          9.2325282,
          45.9399384
        ],
        [
          9.2327902,
          45.9402348
        ],
        [
          9.233,
          45.940472
        ],
        [
          9.233277,
          45.9411045
        ],
        [
          9.2334809,
          45.9414211
        ],
        [
          9.233679,
          45.941761
        ],
        [
          9.233962,
          45.942012
        ],
        [
          9.2339605,
          45.9420939
        ],
        [
          9.234024,
          45.942219
        ],
        [
          9.2345045,
          45.9423235
        ],
        [
          9.2348092,
          45.9423897
        ],
        [
          9.2349532,
          45.9424727
        ],
        [
          9.2350436,
          45.9425111
        ],
        [
          9.2351065,
          45.9425148
        ],
        [
          9.2351719,
          45.9425005
        ],
        [
          9.235207,
          45.9424475
        ],
        [
          9.2351954,
          45.9424006
        ],
        [
          9.2351194,
          45.9422811
        ],
        [
          9.2350565,
          45.9422017
        ],
        [
          9.2350334,
          45.942133
        ],
        [
          9.235092,
          45.9420758
        ],
        [
          9.2351795,
          45.942028
        ],
        [
          9.2353051,
          45.9420087
        ],
        [
          9.235439,
          45.942017
        ],
        [
          9.23623,
          45.94249
        ],
        [
          9.236588,
          45.94259
        ],
        [
          9.236978,
          45.942787
        ],
        [
          9.238033,
          45.943609
        ],
        [
          9.238249,
          45.943923
        ],
        [
          9.238362,
          45.944438
        ],
        [
          9.238191,
          45.944769
        ],
        [
          9.2381568,
          45.9449173
        ],
        [
          9.2381688,
          45.9449842
        ],
        [
          9.2382373,
          45.9450345
        ],
        [
          9.2383153,
          45.9450409
        ],
        [
          9.2383785,
          45.9450073
        ],
        [
          9.238676,
          45.9447852
        ],
        [
          9.2387921,
          45.9447403
        ],
        [
          9.2388925,
          45.944779
        ],
        [
          9.238984,
          45.944921
        ],
        [
          9.2390912,
          45.9450812
        ],
        [
          9.2391635,
          45.9450972
        ],
        [
          9.2392585,
          45.9450775
        ],
        [
          9.2393074,
          45.9450406
        ]
      ],
      [
        [
          9.2393074,
          45.9450406
        ],
        [
          9.239389,
          45.945154
        ],
        [
          9.2394552,
          45.9453398
        ],
        [
          9.2394447,
          45.9454105
        ],
        [
          9.2394004,
          45.945444
        ],
        [
          9.2392257,
          45.9454909
        ],
        [
          9.2392144,
          45.9455652
        ],
        [
          9.23927,
          45.9456241
        ],
        [
          9.2393398,
          45.9457336
        ],
        [
          9.239343,
          45.945947
        ],
        [
          9.239278,
          45.946121
        ],
        [
          9.239311,
          45.946206
        ],
        [
          9.239393,
          45.946276
        ],
        [
          9.239961,
          45.946587
        ],
        [
          9.240216,
          45.946675
        ],
        [
          9.24041,
          45.946765
        ],
        [
          9.240779,
          45.947017
        ],
        [
          9.240882,
          45.947071
        ],
        [
          9.241335,
          45.947245
        ],
        [
          9.242201,
          45.947427
        ],
        [
          9.242511,
          45.947427
        ],
        [
          9.242845,
          45.947401
        ],
        [
          9.243411,
          45.947442
        ],
        [
          9.2438713,
          45.9473788
        ],
        [
          9.2441801,
          45.9473914
        ],
        [
          9.244444,
          45.947562
        ],
        [
          9.2448573,
          45.9477856
        ],
        [
          9.2449448,
          45.94784
        ],
        [
          9.2449677,
          45.9479185
        ],
        [
          9.244932,
          45.948159
        ],
        [
          9.244974,
          45.948281
        ],
        [
          9.245045,
          45.948356
        ],
        [
          9.2452453,
          45.948465
        ],
        [
          9.2453148,
          45.9485401
        ],
        [
          9.2453244,
          45.9486236
        ],
        [
          9.2453028,
          45.9487137
        ],
        [
          9.2452495,
          45.9487926
        ],
        [
          9.2451714,
          45.9488533
        ]
      ],
      [
        [
          9.2451714,
          45.9488533
        ],
        [
          9.245146,
          45.948907
        ],
        [
          9.2451177,
          45.9490739
        ],
        [
          9.245151,
          45.9491599
        ],
        [
          9.245314,
          45.949427
        ],
        [
          9.245312,
          45.949625
        ],
        [
          9.245338,
          45.949712
        ]
      ],
      [
        [
          9.245338,
          45.949712
        ],
        [
          9.245646,
          45.949978
        ],
        [
          9.245788,
          45.950189
        ],
        [
          9.245932,
          45.950336
        ],
        [
          9.245993,
          45.95037
        ],
        [
          9.246226,
          45.950447
        ],
        [
          9.246427,
          45.950482
        ],
        [
          9.246646,
          45.950576
        ],
        [
          9.247114,
          45.95086
        ],
        [
          9.247234,
          45.950976
        ],
        [
          9.247274,
          45.951043
        ],
        [
          9.247293,
          45.951095
        ],
        [
          9.247304,
          45.95131
        ],
        [
          9.247227,
          45.951629
        ],
        [
          9.247258,
          45.951753
        ],
        [
          9.247345,
          45.95196
        ],
        [
          9.247364,
          45.952158
        ],
        [
          9.247429,
          45.952368
        ]
      ],
      [
        [
          9.247429,
          45.952368
        ],
        [
          9.247404,
          45.952943
        ],
        [
          9.247463,
          45.95321
        ],
        [
          9.247468,
          45.953444
        ],
        [
          9.247593,
          45.95383
        ],
        [
          9.247592,
          45.953974
        ],
        [
          9.2475,
          45.954141
        ],
        [
          9.247079,
          45.954527
        ],
        [
          9.246951,
          45.954723
        ],
        [
          9.246949,
          45.954848
        ],
        [
          9.247083,
          45.955062
        ],
        [
          9.247149,
          45.955236
        ],
        [
          9.247114,
          45.955395
        ],
        [
          9.247034,
          45.955528
        ],
        [
          9.246929,
          45.955652
        ],
        [
          9.246706,
          45.95585
        ],
        [
          9.246245,
          45.956111
        ],
        [
          9.24614,
          45.956213
        ],
        [
          9.245962,
          45.9563703
        ],
        [
          9.2459367,
          45.9564148
        ],
        [
          9.2459502,
          45.9564909
        ],
        [
          9.2459785,
          45.9565148
        ],
        [
          9.2460363,
          45.9565638
        ]
      ],
      [
        [
          9.2460363,
          45.9565638
        ],
        [
          9.2459491,
          45.9567294
        ],
        [
          9.2459063,
          45.9568539
        ],
        [
          9.2459316,
          45.9569095
        ]
      ],
      [
        [
          9.2459316,
          45.9569095
        ],
        [
          9.24634,
          45.957267
        ],
        [
          9.246782,
          45.957543
        ],
        [
          9.24693,
          45.957733
        ],
        [
          9.24702,
          45.957938
        ],
        [
          9.246959,
          45.958222
        ],
        [
          9.2466608,
          45.9588218
        ],
        [
          9.2467493,
          45.9590412
        ],
        [
          9.2466845,
          45.9592118
        ],
        [
          9.246593,
          45.959283
        ],
        [
          9.2465336,
          45.9593562
        ],
        [
          9.246339,
          45.959596
        ]
      ],
      [
        [
          9.246339,
          45.959596
        ],
        [
          9.246256,
          45.959766
        ],
        [
          9.246206,
          45.959942
        ],
        [
          9.246216,
          45.960068
        ],
        [
          9.246218,
          45.9602284
        ],
        [
          9.2462614,
          45.9603605
        ],
        [
          9.2463684,
          45.9604443
        ],
        [
          9.2464183,
          45.9605801
        ],
        [
          9.2463791,
          45.9606849
        ],
        [
          9.246381,
          45.960796
        ],
        [
          9.246377,
          45.960922
        ],
        [
          9.2463306,
          45.9610938
        ],
        [
          9.2463134,
          45.9611707
        ],
        [
          9.2462679,
          45.9612153
        ],
        [
          9.2462598,
          45.9612516
        ],
        [
          9.2462531,
          45.9612918
        ],
        [
          9.2462682,
          45.9614048
        ],
        [
          9.2462309,
          45.9616303
        ],
        [
          9.2461994,
          45.9618158
        ],
        [
          9.2462236,
          45.9619415
        ],
        [
          9.2462745,
          45.9620315
        ],
        [
          9.246599,
          45.962619
        ]
      ],
      [
        [
          9.246599,
          45.962619
        ],
        [
          9.246706,
          45.962742
        ],
        [
          9.247068,
          45.962998
        ],
        [
          9.247467,
          45.963397
        ],
        [
          9.247703,
          45.963608
        ],
        [
          9.247779,
          45.963817
        ],
        [
          9.247815,
          45.96405
        ],
        [
          9.247799,
          45.964283
        ],
        [
          9.247757,
          45.96446
        ],
        [
          9.247767,
          45.964531
        ],
        [
          9.247802,
          45.964579
        ],
        [
          9.247895,
          45.964641
        ],
        [
          9.248014,
          45.964674
        ],
        [
          9.248268,
          45.964707
        ],
        [
          9.248653,
          45.964688
        ],
        [
          9.248774,
          45.964717
        ],
        [
          9.248855,
          45.964762
        ],
        [
          9.248897,
          45.964807
        ],
        [
          9.248924,
          45.964894
        ],
        [
          9.248878,
          45.965252
        ],
        [
          9.248921,
          45.965429
        ],
        [
          9.249008,
          45.965598
        ],
        [
          9.2492776,
          45.9659151
        ],
        [
          9.2493881,
          45.965982
        ],
        [
          9.2498331,
          45.9662231
        ],
        [
          9.2499932,
          45.9662753
        ],
        [
          9.250263,
          45.9663116
        ],
        [
          9.2505755,
          45.9664851
        ],
        [
          9.2506842,
          45.9665585
        ],
        [
          9.2507807,
          45.9665706
        ],
        [
          9.2508851,
          45.9665227
        ],
        [
          9.2510851,
          45.9665625
        ],
        [
          9.2511614,
          45.9666457
        ],
        [
          9.2511883,
          45.9667322
        ],
        [
          9.251293,
          45.966808
        ],
        [
          9.251371,
          45.966978
        ],
        [
          9.251537,
          45.967222
        ],
        [
          9.251575,
          45.967308
        ],
        [
          9.251578,
          45.967433
        ],
        [
          9.251535,
          45.967536
        ],
        [
          9.251451,
          45.967648
        ],
        [
          9.2514138,
          45.9676802
        ]
      ],
      [
        [
          9.2514138,
          45.9676802
        ],
        [
          9.2513633,
          45.9677394
        ]
      ],
      [
        [
          9.2513633,
          45.9677394
        ],
        [
          9.2512761,
          45.9677889
        ],
        [
          9.2511226,
          45.9679253
        ],
        [
          9.2510134,
          45.9680389
        ],
        [
          9.2509929,
          45.9681227
        ]
      ],
      [
        [
          9.2509929,
          45.9681227
        ],
        [
          9.2510164,
          45.9682173
        ],
        [
          9.2511401,
          45.9683047
        ],
        [
          9.2511226,
          45.9683588
        ],
        [
          9.2510411,
          45.9684014
        ],
        [
          9.2510328,
          45.9684762
        ],
        [
          9.251082,
          45.968573
        ],
        [
          9.251154,
          45.968783
        ],
        [
          9.251151,
          45.968872
        ],
        [
          9.2510979,
          45.9689412
        ],
        [
          9.2509981,
          45.969049
        ],
        [
          9.2508218,
          45.9692067
        ],
        [
          9.2501789,
          45.9695441
        ],
        [
          9.2499946,
          45.9697523
        ],
        [
          9.2499371,
          45.969853
        ],
        [
          9.249893,
          45.969937
        ],
        [
          9.2498412,
          45.9700419
        ],
        [
          9.2498707,
          45.9701167
        ],
        [
          9.2498745,
          45.9701784
        ],
        [
          9.2497996,
          45.9703179
        ],
        [
          9.2497976,
          45.9704536
        ]
      ],
      [
        [
          9.2497976,
          45.9704536
        ],
        [
          9.2498021,
          45.9707747
        ],
        [
          9.2497935,
          45.9709298
        ],
        [
          9.2497641,
          45.9710969
        ],
        [
          9.2497481,
          45.9711779
        ],
        [
          9.2497151,
          45.9712755
        ],
        [
          9.2496856,
          45.9713398
        ],
        [
          9.2496474,
          45.971386
        ],
        [
          9.2495948,
          45.9714174
        ],
        [
          9.2495163,
          45.9714412
        ],
        [
          9.2493823,
          45.9714717
        ],
        [
          9.2492895,
          45.9714804
        ],
        [
          9.2491804,
          45.9714694
        ],
        [
          9.2489867,
          45.9714236
        ],
        [
          9.2488492,
          45.9714012
        ],
        [
          9.2487879,
          45.9713952
        ],
        [
          9.2487293,
          45.9713992
        ],
        [
          9.24868,
          45.971414
        ],
        [
          9.2486457,
          45.9714353
        ],
        [
          9.2486285,
          45.9714566
        ],
        [
          9.2486297,
          45.9714796
        ],
        [
          9.2486466,
          45.9715094
        ],
        [
          9.248795,
          45.9717078
        ],
        [
          9.2488164,
          45.9717769
        ],
        [
          9.2488139,
          45.9718263
        ],
        [
          9.2487895,
          45.9718883
        ],
        [
          9.248755,
          45.9719388
        ],
        [
          9.248681,
          45.9719816
        ],
        [
          9.2484897,
          45.9720549
        ],
        [
          9.2483995,
          45.9721181
        ],
        [
          9.2483405,
          45.9721655
        ],
        [
          9.248277,
          45.972226
        ],
        [
          9.2482473,
          45.9722866
        ],
        [
          9.2482097,
          45.9724088
        ],
        [
          9.2482391,
          45.9728956
        ],
        [
          9.2482652,
          45.9730204
        ],
        [
          9.2483763,
          45.9734193
        ]
      ],
      [
        [
          9.2483763,
          45.9734193
        ],
        [
          9.2485123,
          45.9735607
        ]
      ],
      [
        [
          9.2485123,
          45.9735607
        ],
        [
          9.2486526,
          45.9737067
        ],
        [
          9.2487946,
          45.9737143
        ],
        [
          9.2488327,
          45.9739313
        ],
        [
          9.2489634,
          45.9740657
        ]
      ],
      [
        [
          9.2489634,
          45.9740657
        ],
        [
          9.2490149,
          45.9742128
        ],
        [
          9.2490678,
          45.9744272
        ]
      ],
      [
        [
          9.2490678,
          45.9744272
        ],
        [
          9.2490759,
          45.9744635
        ]
      ],
      [
        [
          9.2490759,
          45.9744635
        ],
        [
          9.249128,
          45.9747217
        ],
        [
          9.2492183,
          45.9752545
        ],
        [
          9.2492551,
          45.9754374
        ],
        [
          9.2493783,
          45.9755843
        ],
        [
          9.2492499,
          45.9757152
        ],
        [
          9.2491581,
          45.9758291
        ]
      ]
    ]
  },
  "properties": {
    "osm_id": "2061210",
    "name": "Dorsale del Triangolo Lariano"
  }
}