<?xml version="1.0" encoding="UTF-8"?>
<osm version="0.6" generator="openstreetmap-cgimap 2.1.0 (2023221 spike-07.openstreetmap.org)" copyright="OpenStreetMap and contributors" attribution="http://www.openstreetmap.org/copyright" license="http://opendatacommons.org/licenses/odbl/1-0/">
 <node id="247109826" visible="true" version="4" changeset="37564044" timestamp="2016-03-02T11:11:04Z" user="kaitu" uid="69717" lat="45.8202309" lon="9.0956043"/>
 <node id="247109827" visible="true" version="5" changeset="145028104" timestamp="2023-12-12T08:55:43Z" user="airon90" uid="89897" lat="45.8201402" lon="9.0958513"/>
 <node id="307491919" visible="true" version="11" changeset="48407879" timestamp="2017-05-04T22:23:31Z" user="kaitu" uid="69717" lat="45.9140778" lon="9.2366900"/>
 <node id="307491920" visible="true" version="11" changeset="48407879" timestamp="2017-05-04T22:23:31Z" user="kaitu" uid="69717" lat="45.9140837" lon="9.2368734"/>
 <node id="307491921" visible="true" version="11" changeset="48407879" timestamp="2017-05-04T22:23:31Z" user="kaitu" uid="69717" lat="45.9141451" lon="9.2372123"/>
 <node id="307491922" visible="true" version="10" changeset="27270457" timestamp="2014-12-05T18:36:32Z" user="kaitu" uid="69717" lat="45.9142684" lon="9.2377633"/>
 <node id="307491923" visible="true" version="10" changeset="27270457" timestamp="2014-12-05T18:36:32Z" user="kaitu" uid="69717" lat="45.9142849" lon="9.2380517"/>
 <node id="307491924" visible="true" version="10" changeset="27270457" timestamp="2014-12-05T18:36:32Z" user="kaitu" uid="69717" lat="45.9143180" lon="9.2384252"/>
 <node id="307491925" visible="true" version="10" changeset="27270457" timestamp="2014-12-05T18:36:32Z" user="kaitu" uid="69717" lat="45.9143256" lon="9.2386148"/>
 <node id="353976817" visible="true" version="5" changeset="62943115" timestamp="2018-09-26T11:12:43Z" user="aldoct" uid="923271" lat="45.8829394" lon="9.2298960"/>
 <node id="420807323" visible="true" version="1" changeset="1528228" timestamp="2009-06-15T19:59:22Z" user="gd-wg" uid="65704" lat="45.8474270" lon="9.1929990"/>
 <node id="420807324" visible="true" version="4" changeset="62882001" timestamp="2018-09-24T14:07:09Z" user="aldoct" uid="923271" lat="45.8477021" lon="9.1927215"/>
 <node id="420807325" visible="true" version="3" changeset="43877332" timestamp="2016-11-22T18:24:05Z" user="kaitu" uid="69717" lat="45.8480070" lon="9.1927052"/>
 <node id="420807326" visible="true" version="1" changeset="1528228" timestamp="2009-06-15T19:59:23Z" user="gd-wg" uid="65704" lat="45.8483640" lon="9.1929000"/>
 <node id="420807327" visible="true" version="3" changeset="43877332" timestamp="2016-11-22T18:24:05Z" user="kaitu" uid="69717" lat="45.8487808" lon="9.1928046"/>
 <node id="420807328" visible="true" version="2" changeset="43877332" timestamp="2016-11-22T18:24:05Z" user="kaitu" uid="69717" lat="45.8491698" lon="9.1927522"/>
 <node id="420807329" visible="true" version="3" changeset="43877332" timestamp="2016-11-22T18:24:05Z" user="kaitu" uid="69717" lat="45.8494532" lon="9.1928004"/>
 <node id="420807330" visible="true" version="2" changeset="62882001" timestamp="2018-09-24T14:07:09Z" user="aldoct" uid="923271" lat="45.8497433" lon="9.1930699"/>
 <node id="420807331" visible="true" version="3" changeset="43880180" timestamp="2016-11-22T20:43:42Z" user="kaitu" uid="69717" lat="45.8499580" lon="9.1934369"/>
 <node id="420807332" visible="true" version="2" changeset="62882001" timestamp="2018-09-24T14:07:09Z" user="aldoct" uid="923271" lat="45.8500985" lon="9.1938021"/>
 <node id="420807333" visible="true" version="2" changeset="32154385" timestamp="2015-06-23T07:14:09Z" user="Daniele Clerici" uid="1827621" lat="45.8503136" lon="9.1940372"/>
 <node id="420807336" visible="true" version="3" changeset="62882001" timestamp="2018-09-24T14:07:09Z" user="aldoct" uid="923271" lat="45.8510338" lon="9.1939802"/>
 <node id="420807338" visible="true" version="4" changeset="62882001" timestamp="2018-09-24T14:07:09Z" user="aldoct" uid="923271" lat="45.8511490" lon="9.1938776"/>
 <node id="420807341" visible="true" version="3" changeset="62882001" timestamp="2018-09-24T14:07:09Z" user="aldoct" uid="923271" lat="45.8514267" lon="9.1937964"/>
 <node id="420807342" visible="true" version="4" changeset="62882001" timestamp="2018-09-24T14:07:09Z" user="aldoct" uid="923271" lat="45.8518676" lon="9.1938474"/>
 <node id="420807344" visible="true" version="3" changeset="62882001" timestamp="2018-09-24T14:07:09Z" user="aldoct" uid="923271" lat="45.8520308" lon="9.1936904"/>
 <node id="420807346" visible="true" version="2" changeset="43880180" timestamp="2016-11-22T20:43:42Z" user="kaitu" uid="69717" lat="45.8522211" lon="9.1937557"/>
 <node id="420807348" visible="true" version="3" changeset="43880180" timestamp="2016-11-22T20:43:42Z" user="kaitu" uid="69717" lat="45.8526006" lon="9.1937921"/>
 <node id="420807350" visible="true" version="4" changeset="62882001" timestamp="2018-09-24T14:07:09Z" user="aldoct" uid="923271" lat="45.8530964" lon="9.1931449"/>
 <node id="420807351" visible="true" version="3" changeset="62882001" timestamp="2018-09-24T14:07:09Z" user="aldoct" uid="923271" lat="45.8532718" lon="9.1933137"/>
 <node id="420807352" visible="true" version="4" changeset="62882001" timestamp="2018-09-24T14:07:09Z" user="aldoct" uid="923271" lat="45.8535203" lon="9.1933928"/>
 <node id="420807353" visible="true" version="2" changeset="43880180" timestamp="2016-11-22T20:43:42Z" user="kaitu" uid="69717" lat="45.8537007" lon="9.1933785"/>
 <node id="420807354" visible="true" version="1" changeset="1528228" timestamp="2009-06-15T19:59:25Z" user="gd-wg" uid="65704" lat="45.8538240" lon="9.1934720"/>
 <node id="420807355" visible="true" version="5" changeset="62882001" timestamp="2018-09-24T14:07:09Z" user="aldoct" uid="923271" lat="45.8541799" lon="9.1936296"/>
 <node id="420807356" visible="true" version="3" changeset="43880180" timestamp="2016-11-22T20:43:42Z" user="kaitu" uid="69717" lat="45.8546925" lon="9.1942188"/>
 <node id="420807358" visible="true" version="4" changeset="62882001" timestamp="2018-09-24T14:07:09Z" user="aldoct" uid="923271" lat="45.8550769" lon="9.1946610"/>
 <node id="420807359" visible="true" version="4" changeset="62882001" timestamp="2018-09-24T14:07:09Z" user="aldoct" uid="923271" lat="45.8552108" lon="9.1949530"/>
 <node id="420807360" visible="true" version="3" changeset="43880180" timestamp="2016-11-22T20:43:42Z" user="kaitu" uid="69717" lat="45.8552476" lon="9.1950309"/>
 <node id="420807361" visible="true" version="3" changeset="32154385" timestamp="2015-06-23T07:14:09Z" user="Daniele Clerici" uid="1827621" lat="45.8555836" lon="9.1956947"/>
 <node id="420807362" visible="true" version="3" changeset="43880180" timestamp="2016-11-22T20:43:42Z" user="kaitu" uid="69717" lat="45.8559942" lon="9.1966258"/>
 <node id="420807365" visible="true" version="5" changeset="124853503" timestamp="2022-08-13T13:33:46Z" user="kaitu" uid="69717" lat="45.8567243" lon="9.1975004">
  <tag k="ele" v="1210"/>
  <tag k="mountain_pass" v="yes"/>
  <tag k="name" v="Bocchetta di Palanzo"/>
  <tag k="natural" v="saddle"/>
  <tag k="wikimedia_commons" v="Category:Bocchetta di Palanzo"/>
 </node>
 <node id="420807366" visible="true" version="1" changeset="1528228" timestamp="2009-06-15T19:59:26Z" user="gd-wg" uid="65704" lat="45.8567930" lon="9.1976710"/>
 <node id="420807367" visible="true" version="2" changeset="16040426" timestamp="2013-05-09T00:46:53Z" user="kaitu" uid="69717" lat="45.8568730" lon="9.1978100"/>
 <node id="420807368" visible="true" version="2" changeset="16040426" timestamp="2013-05-09T00:46:53Z" user="kaitu" uid="69717" lat="45.8569280" lon="9.1979085"/>
 <node id="420807369" visible="true" version="3" changeset="24296157" timestamp="2014-07-22T16:25:40Z" user="kaitu" uid="69717" lat="45.8571417" lon="9.1983135"/>
 <node id="420807370" visible="true" version="2" changeset="16040426" timestamp="2013-05-09T00:46:53Z" user="kaitu" uid="69717" lat="45.8576176" lon="9.1984806"/>
 <node id="420807371" visible="true" version="2" changeset="16040426" timestamp="2013-05-09T00:46:53Z" user="kaitu" uid="69717" lat="45.8579497" lon="9.1984771"/>
 <node id="420807372" visible="true" version="1" changeset="1528228" timestamp="2009-06-15T19:59:26Z" user="gd-wg" uid="65704" lat="45.8588820" lon="9.1981720"/>
 <node id="420807373" visible="true" version="1" changeset="1528228" timestamp="2009-06-15T19:59:26Z" user="gd-wg" uid="65704" lat="45.8593210" lon="9.1980490"/>
 <node id="420807374" visible="true" version="2" changeset="16040426" timestamp="2013-05-09T00:46:53Z" user="kaitu" uid="69717" lat="45.8606421" lon="9.1980333"/>
 <node id="420807375" visible="true" version="3" changeset="24296157" timestamp="2014-07-22T16:25:40Z" user="kaitu" uid="69717" lat="45.8609965" lon="9.1976739"/>
 <node id="420807376" visible="true" version="2" changeset="6187643" timestamp="2010-10-26T23:43:04Z" user="kaitu" uid="69717" lat="45.8611706" lon="9.1975918"/>
 <node id="420807377" visible="true" version="4" changeset="122028753" timestamp="2022-06-06T14:22:15Z" user="kaitu" uid="69717" lat="45.8619087" lon="9.1977052"/>
 <node id="420807379" visible="true" version="1" changeset="1528228" timestamp="2009-06-15T19:59:27Z" user="gd-wg" uid="65704" lat="45.8621230" lon="9.1977690"/>
 <node id="420807381" visible="true" version="2" changeset="24296157" timestamp="2014-07-22T16:25:40Z" user="kaitu" uid="69717" lat="45.8622405" lon="9.1980687"/>
 <node id="420807382" visible="true" version="2" changeset="24283165" timestamp="2014-07-21T21:47:36Z" user="kaitu" uid="69717" lat="45.8622970" lon="9.1982625"/>
 <node id="420807383" visible="true" version="3" changeset="62882001" timestamp="2018-09-24T14:07:09Z" user="aldoct" uid="923271" lat="45.8624280" lon="9.1987670"/>
 <node id="420807384" visible="true" version="3" changeset="62882001" timestamp="2018-09-24T14:07:09Z" user="aldoct" uid="923271" lat="45.8627434" lon="9.1992640"/>
 <node id="420807385" visible="true" version="4" changeset="62882001" timestamp="2018-09-24T14:07:09Z" user="aldoct" uid="923271" lat="45.8632997" lon="9.1994711"/>
 <node id="420807386" visible="true" version="5" changeset="62882001" timestamp="2018-09-24T14:07:09Z" user="aldoct" uid="923271" lat="45.8635065" lon="9.1994295"/>
 <node id="420807387" visible="true" version="3" changeset="62882001" timestamp="2018-09-24T14:07:09Z" user="aldoct" uid="923271" lat="45.8642326" lon="9.1995455"/>
 <node id="420807388" visible="true" version="2" changeset="32154414" timestamp="2015-06-23T07:16:02Z" user="Daniele Clerici" uid="1827621" lat="45.8643067" lon="9.1995671"/>
 <node id="420807389" visible="true" version="2" changeset="32154414" timestamp="2015-06-23T07:16:03Z" user="Daniele Clerici" uid="1827621" lat="45.8644907" lon="9.1995180"/>
 <node id="420807390" visible="true" version="3" changeset="62882001" timestamp="2018-09-24T14:07:09Z" user="aldoct" uid="923271" lat="45.8648506" lon="9.1993155"/>
 <node id="420807391" visible="true" version="3" changeset="62882001" timestamp="2018-09-24T14:07:10Z" user="aldoct" uid="923271" lat="45.8649620" lon="9.1992643"/>
 <node id="420807392" visible="true" version="4" changeset="62882001" timestamp="2018-09-24T14:07:10Z" user="aldoct" uid="923271" lat="45.8651360" lon="9.1993471"/>
 <node id="420807394" visible="true" version="2" changeset="24283165" timestamp="2014-07-21T21:47:36Z" user="kaitu" uid="69717" lat="45.8661510" lon="9.1991643"/>
 <node id="420807395" visible="true" version="2" changeset="129156747" timestamp="2022-11-20T13:38:05Z" user="gmarzio" uid="107284" lat="45.8666558" lon="9.1986412"/>
 <node id="420807396" visible="true" version="7" changeset="167501328" timestamp="2025-06-11T17:11:58Z" user="kaitu" uid="69717" lat="45.8670331" lon="9.1980795"/>
 <node id="420807397" visible="true" version="4" changeset="121735551" timestamp="2022-05-30T19:13:01Z" user="kaitu" uid="69717" lat="45.8673290" lon="9.1996788"/>
 <node id="420807398" visible="true" version="2" changeset="16040426" timestamp="2013-05-09T00:46:53Z" user="kaitu" uid="69717" lat="45.8672989" lon="9.1999882"/>
 <node id="420807400" visible="true" version="2" changeset="16040426" timestamp="2013-05-09T00:46:53Z" user="kaitu" uid="69717" lat="45.8674247" lon="9.2005677"/>
 <node id="420807401" visible="true" version="2" changeset="24296157" timestamp="2014-07-22T16:25:40Z" user="kaitu" uid="69717" lat="45.8675521" lon="9.2007488"/>
 <node id="420807402" visible="true" version="2" changeset="16040426" timestamp="2013-05-09T00:46:53Z" user="kaitu" uid="69717" lat="45.8676473" lon="9.2009693"/>
 <node id="420807403" visible="true" version="2" changeset="32154414" timestamp="2015-06-23T07:16:03Z" user="Daniele Clerici" uid="1827621" lat="45.8682792" lon="9.2014398"/>
 <node id="420807404" visible="true" version="3" changeset="32154414" timestamp="2015-06-23T07:16:03Z" user="Daniele Clerici" uid="1827621" lat="45.8685710" lon="9.2015644"/>
 <node id="420807405" visible="true" version="2" changeset="24283165" timestamp="2014-07-21T21:47:36Z" user="kaitu" uid="69717" lat="45.8687006" lon="9.2016128"/>
 <node id="420807406" visible="true" version="2" changeset="24283165" timestamp="2014-07-21T21:47:36Z" user="kaitu" uid="69717" lat="45.8688490" lon="9.2017670"/>
 <node id="420807407" visible="true" version="2" changeset="24283165" timestamp="2014-07-21T21:47:36Z" user="kaitu" uid="69717" lat="45.8689347" lon="9.2020103"/>
 <node id="420807408" visible="true" version="3" changeset="62882001" timestamp="2018-09-24T14:07:10Z" user="aldoct" uid="923271" lat="45.8688132" lon="9.2037534"/>
 <node id="420807410" visible="true" version="2" changeset="24283165" timestamp="2014-07-21T21:47:36Z" user="kaitu" uid="69717" lat="45.8688076" lon="9.2039343"/>
 <node id="420807411" visible="true" version="2" changeset="24283165" timestamp="2014-07-21T21:47:41Z" user="kaitu" uid="69717" lat="45.8688145" lon="9.2042311"/>
 <node id="420807412" visible="true" version="2" changeset="24283165" timestamp="2014-07-21T21:47:41Z" user="kaitu" uid="69717" lat="45.8688699" lon="9.2047873"/>
 <node id="420807413" visible="true" version="2" changeset="24283165" timestamp="2014-07-21T21:47:41Z" user="kaitu" uid="69717" lat="45.8689552" lon="9.2052090"/>
 <node id="420807414" visible="true" version="2" changeset="24283165" timestamp="2014-07-21T21:47:41Z" user="kaitu" uid="69717" lat="45.8690535" lon="9.2055255"/>
 <node id="420807415" visible="true" version="1" changeset="1528228" timestamp="2009-06-15T19:59:30Z" user="gd-wg" uid="65704" lat="45.8692390" lon="9.2057570"/>
 <node id="420807416" visible="true" version="2" changeset="24283165" timestamp="2014-07-21T21:47:41Z" user="kaitu" uid="69717" lat="45.8696335" lon="9.2060850"/>
 <node id="420807417" visible="true" version="3" changeset="62882001" timestamp="2018-09-24T14:07:10Z" user="aldoct" uid="923271" lat="45.8702023" lon="9.2067507"/>
 <node id="420807418" visible="true" version="3" changeset="24296157" timestamp="2014-07-22T16:25:40Z" user="kaitu" uid="69717" lat="45.8706766" lon="9.2075325"/>
 <node id="420807419" visible="true" version="5" changeset="121720074" timestamp="2022-05-30T14:03:22Z" user="kaitu" uid="69717" lat="45.8707652" lon="9.2076941"/>
 <node id="420807420" visible="true" version="6" changeset="24296157" timestamp="2014-07-22T16:25:40Z" user="kaitu" uid="69717" lat="45.8708144" lon="9.2078167"/>
 <node id="420807421" visible="true" version="2" changeset="24296157" timestamp="2014-07-22T16:25:40Z" user="kaitu" uid="69717" lat="45.8711492" lon="9.2082381"/>
 <node id="420807422" visible="true" version="2" changeset="24296157" timestamp="2014-07-22T16:25:40Z" user="kaitu" uid="69717" lat="45.8714501" lon="9.2084682"/>
 <node id="420807423" visible="true" version="1" changeset="1528228" timestamp="2009-06-15T19:59:31Z" user="gd-wg" uid="65704" lat="45.8736580" lon="9.2085210"/>
 <node id="420807424" visible="true" version="3" changeset="24296157" timestamp="2014-07-22T16:25:40Z" user="kaitu" uid="69717" lat="45.8743090" lon="9.2086346"/>
 <node id="420807425" visible="true" version="3" changeset="24296157" timestamp="2014-07-22T16:25:40Z" user="kaitu" uid="69717" lat="45.8744881" lon="9.2087675"/>
 <node id="420807426" visible="true" version="1" changeset="1528228" timestamp="2009-06-15T19:59:31Z" user="gd-wg" uid="65704" lat="45.8745910" lon="9.2088840"/>
 <node id="420807427" visible="true" version="1" changeset="1528228" timestamp="2009-06-15T19:59:31Z" user="gd-wg" uid="65704" lat="45.8748757" lon="9.2091648"/>
 <node id="420807428" visible="true" version="2" changeset="24283165" timestamp="2014-07-21T21:47:41Z" user="kaitu" uid="69717" lat="45.8751415" lon="9.2094160"/>
 <node id="420807429" visible="true" version="2" changeset="24283165" timestamp="2014-07-21T21:47:41Z" user="kaitu" uid="69717" lat="45.8754162" lon="9.2098273"/>
 <node id="420807430" visible="true" version="2" changeset="24283165" timestamp="2014-07-21T21:47:42Z" user="kaitu" uid="69717" lat="45.8755333" lon="9.2099897"/>
 <node id="420807431" visible="true" version="1" changeset="1528228" timestamp="2009-06-15T19:59:32Z" user="gd-wg" uid="65704" lat="45.8757060" lon="9.2102460"/>
 <node id="420807432" visible="true" version="2" changeset="10823296" timestamp="2012-02-28T22:04:33Z" user="kaitu" uid="69717" lat="45.8758770" lon="9.2105320"/>
 <node id="420807433" visible="true" version="2" changeset="10823296" timestamp="2012-02-28T22:04:33Z" user="kaitu" uid="69717" lat="45.8759639" lon="9.2106706"/>
 <node id="420807434" visible="true" version="3" changeset="24283165" timestamp="2014-07-21T21:47:42Z" user="kaitu" uid="69717" lat="45.8761570" lon="9.2108888"/>
 <node id="420807435" visible="true" version="1" changeset="1528228" timestamp="2009-06-15T19:59:32Z" user="gd-wg" uid="65704" lat="45.8762990" lon="9.2110190"/>
 <node id="420807436" visible="true" version="2" changeset="24283165" timestamp="2014-07-21T21:47:42Z" user="kaitu" uid="69717" lat="45.8768952" lon="9.2111952"/>
 <node id="420807437" visible="true" version="2" changeset="24283165" timestamp="2014-07-21T21:47:42Z" user="kaitu" uid="69717" lat="45.8769746" lon="9.2112620"/>
 <node id="420807454" visible="true" version="2" changeset="24296157" timestamp="2014-07-22T16:25:40Z" user="kaitu" uid="69717" lat="45.8763059" lon="9.2152268"/>
 <node id="420807456" visible="true" version="2" changeset="24283165" timestamp="2014-07-21T21:47:42Z" user="kaitu" uid="69717" lat="45.8762632" lon="9.2154335"/>
 <node id="420807457" visible="true" version="2" changeset="24283165" timestamp="2014-07-21T21:47:42Z" user="kaitu" uid="69717" lat="45.8762631" lon="9.2164623"/>
 <node id="420807458" visible="true" version="2" changeset="10823296" timestamp="2012-02-28T22:04:33Z" user="kaitu" uid="69717" lat="45.8763322" lon="9.2170027"/>
 <node id="420807459" visible="true" version="2" changeset="10823296" timestamp="2012-02-28T22:04:33Z" user="kaitu" uid="69717" lat="45.8766951" lon="9.2174348"/>
 <node id="420807460" visible="true" version="2" changeset="10823296" timestamp="2012-02-28T22:04:33Z" user="kaitu" uid="69717" lat="45.8767983" lon="9.2178300"/>
 <node id="420807461" visible="true" version="2" changeset="10823296" timestamp="2012-02-28T22:04:33Z" user="kaitu" uid="69717" lat="45.8769518" lon="9.2180641"/>
 <node id="420807462" visible="true" version="1" changeset="1528228" timestamp="2009-06-15T19:59:34Z" user="gd-wg" uid="65704" lat="45.8774760" lon="9.2184020"/>
 <node id="420807463" visible="true" version="4" changeset="57923364" timestamp="2018-04-08T21:08:28Z" user="kaitu" uid="69717" lat="45.8779536" lon="9.2187104"/>
 <node id="420807464" visible="true" version="4" changeset="57923364" timestamp="2018-04-08T21:08:28Z" user="kaitu" uid="69717" lat="45.8781135" lon="9.2190418"/>
 <node id="420807466" visible="true" version="3" changeset="62882001" timestamp="2018-09-24T14:07:10Z" user="aldoct" uid="923271" lat="45.8781579" lon="9.2193459"/>
 <node id="420807467" visible="true" version="4" changeset="62882001" timestamp="2018-09-24T14:07:10Z" user="aldoct" uid="923271" lat="45.8783114" lon="9.2196263"/>
 <node id="420807468" visible="true" version="3" changeset="57923364" timestamp="2018-04-08T21:08:28Z" user="kaitu" uid="69717" lat="45.8785607" lon="9.2207129"/>
 <node id="420807469" visible="true" version="4" changeset="62882001" timestamp="2018-09-24T14:07:10Z" user="aldoct" uid="923271" lat="45.8788302" lon="9.2212820"/>
 <node id="420807470" visible="true" version="3" changeset="62882001" timestamp="2018-09-24T14:07:10Z" user="aldoct" uid="923271" lat="45.8788529" lon="9.2214102"/>
 <node id="420807471" visible="true" version="2" changeset="10823296" timestamp="2012-02-28T22:04:34Z" user="kaitu" uid="69717" lat="45.8790918" lon="9.2218912"/>
 <node id="420807472" visible="true" version="5" changeset="62882001" timestamp="2018-09-24T14:07:10Z" user="aldoct" uid="923271" lat="45.8792669" lon="9.2219328"/>
 <node id="420807473" visible="true" version="5" changeset="62882001" timestamp="2018-09-24T14:07:10Z" user="aldoct" uid="923271" lat="45.8793553" lon="9.2220563"/>
 <node id="420807474" visible="true" version="4" changeset="57923364" timestamp="2018-04-08T21:08:28Z" user="kaitu" uid="69717" lat="45.8794737" lon="9.2222399"/>
 <node id="420807475" visible="true" version="3" changeset="57923364" timestamp="2018-04-08T21:08:28Z" user="kaitu" uid="69717" lat="45.8798062" lon="9.2230462"/>
 <node id="420807476" visible="true" version="4" changeset="121760009" timestamp="2022-05-31T10:08:16Z" user="kaitu" uid="69717" lat="45.8799604" lon="9.2234677"/>
 <node id="420807480" visible="true" version="7" changeset="127206123" timestamp="2022-10-08T14:48:57Z" user="kmpoppe (@ Mapillary Update)" uid="14309561" lat="45.8801384" lon="9.2235481">
  <tag k="ele" v="1129"/>
  <tag k="mapillary" v="991779771359069"/>
  <tag k="name" v="Colma di Caglio"/>
  <tag k="natural" v="saddle"/>
  <tag k="source" v="guidepost in loco"/>
  <tag k="wikimedia_commons" v="Category:Colma di Caglio"/>
 </node>
 <node id="420807485" visible="true" version="2" changeset="24283165" timestamp="2014-07-21T21:47:42Z" user="kaitu" uid="69717" lat="45.8807517" lon="9.2235818"/>
 <node id="420807486" visible="true" version="2" changeset="24283165" timestamp="2014-07-21T21:47:42Z" user="kaitu" uid="69717" lat="45.8816149" lon="9.2239376"/>
 <node id="420807487" visible="true" version="2" changeset="24283165" timestamp="2014-07-21T21:47:42Z" user="kaitu" uid="69717" lat="45.8819177" lon="9.2239428"/>
 <node id="420807488" visible="true" version="2" changeset="24283165" timestamp="2014-07-21T21:47:42Z" user="kaitu" uid="69717" lat="45.8822335" lon="9.2237513"/>
 <node id="420807491" visible="true" version="2" changeset="24283165" timestamp="2014-07-21T21:47:42Z" user="kaitu" uid="69717" lat="45.8824725" lon="9.2237123"/>
 <node id="420807493" visible="true" version="1" changeset="1528228" timestamp="2009-06-15T19:59:36Z" user="gd-wg" uid="65704" lat="45.8826790" lon="9.2238120"/>
 <node id="420807495" visible="true" version="4" changeset="57206822" timestamp="2018-03-15T10:57:30Z" user="kaitu" uid="69717" lat="45.8828944" lon="9.2240293"/>
 <node id="420807497" visible="true" version="4" changeset="57206822" timestamp="2018-03-15T10:57:30Z" user="kaitu" uid="69717" lat="45.8829646" lon="9.2243555"/>
 <node id="420807498" visible="true" version="4" changeset="57206822" timestamp="2018-03-15T10:57:30Z" user="kaitu" uid="69717" lat="45.8829342" lon="9.2247636"/>
 <node id="420807499" visible="true" version="3" changeset="57206822" timestamp="2018-03-15T10:57:30Z" user="kaitu" uid="69717" lat="45.8826746" lon="9.2258330"/>
 <node id="420807500" visible="true" version="3" changeset="57206822" timestamp="2018-03-15T10:57:30Z" user="kaitu" uid="69717" lat="45.8826718" lon="9.2262295"/>
 <node id="420807501" visible="true" version="6" changeset="62882001" timestamp="2018-09-24T14:07:10Z" user="aldoct" uid="923271" lat="45.8827350" lon="9.2266381"/>
 <node id="420807502" visible="true" version="3" changeset="57206822" timestamp="2018-03-15T10:57:30Z" user="kaitu" uid="69717" lat="45.8826470" lon="9.2274070"/>
 <node id="420807503" visible="true" version="1" changeset="1528228" timestamp="2009-06-15T19:59:37Z" user="gd-wg" uid="65704" lat="45.8826940" lon="9.2276430"/>
 <node id="420807635" visible="true" version="6" changeset="184350430" timestamp="2026-06-20T12:03:40Z" user="Aaaa002" uid="20434376" lat="45.8384507" lon="9.1576772"/>
 <node id="420807637" visible="true" version="7" changeset="149184380" timestamp="2024-03-26T15:51:29Z" user="kaitu" uid="69717" lat="45.8384877" lon="9.1581648">
  <tag k="ele" v="1116"/>
  <tag k="mountain_pass" v="yes"/>
  <tag k="name" v="Bocchetta di Molina"/>
  <tag k="natural" v="saddle"/>
  <tag k="wikidata" v="Q125151434"/>
  <tag k="wikimedia_commons" v="Category:Bocchetta di Molina"/>
 </node>
 <node id="420807638" visible="true" version="5" changeset="62875362" timestamp="2018-09-24T10:37:57Z" user="aldoct" uid="923271" lat="45.8386428" lon="9.1592541"/>
 <node id="420807639" visible="true" version="4" changeset="10823296" timestamp="2012-02-28T22:04:35Z" user="kaitu" uid="69717" lat="45.8387918" lon="9.1598020"/>
 <node id="420807640" visible="true" version="4" changeset="10823296" timestamp="2012-02-28T22:04:35Z" user="kaitu" uid="69717" lat="45.8389250" lon="9.1599894"/>
 <node id="420807641" visible="true" version="5" changeset="62875362" timestamp="2018-09-24T10:37:57Z" user="aldoct" uid="923271" lat="45.8390246" lon="9.1602546"/>
 <node id="420807642" visible="true" version="5" changeset="62875362" timestamp="2018-09-24T10:37:57Z" user="aldoct" uid="923271" lat="45.8390764" lon="9.1606286"/>
 <node id="420807643" visible="true" version="5" changeset="62875362" timestamp="2018-09-24T10:37:57Z" user="aldoct" uid="923271" lat="45.8391544" lon="9.1612762"/>
 <node id="420807644" visible="true" version="2" changeset="62875362" timestamp="2018-09-24T10:37:57Z" user="aldoct" uid="923271" lat="45.8393160" lon="9.1617677"/>
 <node id="420807645" visible="true" version="2" changeset="62875362" timestamp="2018-09-24T10:37:57Z" user="aldoct" uid="923271" lat="45.8396593" lon="9.1622986"/>
 <node id="420807646" visible="true" version="2" changeset="62875362" timestamp="2018-09-24T10:37:57Z" user="aldoct" uid="923271" lat="45.8397434" lon="9.1625438"/>
 <node id="420807647" visible="true" version="2" changeset="62875362" timestamp="2018-09-24T10:37:57Z" user="aldoct" uid="923271" lat="45.8398067" lon="9.1632297"/>
 <node id="420807648" visible="true" version="2" changeset="62875362" timestamp="2018-09-24T10:37:57Z" user="aldoct" uid="923271" lat="45.8398933" lon="9.1637225"/>
 <node id="420807649" visible="true" version="2" changeset="62875362" timestamp="2018-09-24T10:37:57Z" user="aldoct" uid="923271" lat="45.8399962" lon="9.1641394"/>
 <node id="420807650" visible="true" version="2" changeset="62875362" timestamp="2018-09-24T10:37:57Z" user="aldoct" uid="923271" lat="45.8402695" lon="9.1644196"/>
 <node id="420807651" visible="true" version="2" changeset="62875362" timestamp="2018-09-24T10:37:57Z" user="aldoct" uid="923271" lat="45.8404091" lon="9.1646268"/>
 <node id="420807652" visible="true" version="1" changeset="1528228" timestamp="2009-06-15T19:59:59Z" user="gd-wg" uid="65704" lat="45.8403740" lon="9.1647360"/>
 <node id="420807653" visible="true" version="2" changeset="62875362" timestamp="2018-09-24T10:37:57Z" user="aldoct" uid="923271" lat="45.8400836" lon="9.1656954"/>
 <node id="420807654" visible="true" version="2" changeset="62875362" timestamp="2018-09-24T10:37:57Z" user="aldoct" uid="923271" lat="45.8400138" lon="9.1662112"/>
 <node id="420807655" visible="true" version="2" changeset="62875362" timestamp="2018-09-24T10:37:57Z" user="aldoct" uid="923271" lat="45.8400599" lon="9.1666173"/>
 <node id="420807656" visible="true" version="1" changeset="1528228" timestamp="2009-06-15T19:59:59Z" user="gd-wg" uid="65704" lat="45.8405420" lon="9.1675470"/>
 <node id="420807657" visible="true" version="1" changeset="1528228" timestamp="2009-06-15T20:00:00Z" user="gd-wg" uid="65704" lat="45.8403960" lon="9.1677420"/>
 <node id="420807658" visible="true" version="2" changeset="62875362" timestamp="2018-09-24T10:37:57Z" user="aldoct" uid="923271" lat="45.8402808" lon="9.1678327"/>
 <node id="420807660" visible="true" version="2" changeset="62875362" timestamp="2018-09-24T10:37:57Z" user="aldoct" uid="923271" lat="45.8401086" lon="9.1680679"/>
 <node id="420807661" visible="true" version="2" changeset="62875362" timestamp="2018-09-24T10:37:57Z" user="aldoct" uid="923271" lat="45.8399260" lon="9.1683706"/>
 <node id="420807662" visible="true" version="2" changeset="62875362" timestamp="2018-09-24T10:37:57Z" user="aldoct" uid="923271" lat="45.8399902" lon="9.1688547"/>
 <node id="420807663" visible="true" version="2" changeset="62875362" timestamp="2018-09-24T10:37:57Z" user="aldoct" uid="923271" lat="45.8400785" lon="9.1690759"/>
 <node id="420807664" visible="true" version="2" changeset="62875362" timestamp="2018-09-24T10:37:57Z" user="aldoct" uid="923271" lat="45.8398814" lon="9.1693800"/>
 <node id="420807665" visible="true" version="2" changeset="62875362" timestamp="2018-09-24T10:37:57Z" user="aldoct" uid="923271" lat="45.8396788" lon="9.1695372"/>
 <node id="420807666" visible="true" version="2" changeset="62875362" timestamp="2018-09-24T10:37:57Z" user="aldoct" uid="923271" lat="45.8395801" lon="9.1696384"/>
 <node id="420807667" visible="true" version="2" changeset="62875362" timestamp="2018-09-24T10:37:57Z" user="aldoct" uid="923271" lat="45.8395266" lon="9.1697124"/>
 <node id="420807668" visible="true" version="2" changeset="62875362" timestamp="2018-09-24T10:37:57Z" user="aldoct" uid="923271" lat="45.8395055" lon="9.1700545"/>
 <node id="420807669" visible="true" version="3" changeset="62875362" timestamp="2018-09-24T10:37:57Z" user="aldoct" uid="923271" lat="45.8397433" lon="9.1703779"/>
 <node id="420807670" visible="true" version="3" changeset="62875362" timestamp="2018-09-24T10:37:57Z" user="aldoct" uid="923271" lat="45.8398276" lon="9.1708470"/>
 <node id="420807671" visible="true" version="3" changeset="62875362" timestamp="2018-09-24T10:37:57Z" user="aldoct" uid="923271" lat="45.8398346" lon="9.1711748"/>
 <node id="420807672" visible="true" version="4" changeset="162581278" timestamp="2025-02-16T18:13:54Z" user="Cortix" uid="2165334" lat="45.8395103" lon="9.1716580">
  <tag k="ford" v="yes"/>
 </node>
 <node id="420807673" visible="true" version="3" changeset="162581278" timestamp="2025-02-16T18:13:54Z" user="Cortix" uid="2165334" lat="45.8395481" lon="9.1717627"/>
 <node id="420807674" visible="true" version="2" changeset="62875362" timestamp="2018-09-24T10:37:57Z" user="aldoct" uid="923271" lat="45.8396171" lon="9.1718593"/>
 <node id="420807675" visible="true" version="2" changeset="62875362" timestamp="2018-09-24T10:37:57Z" user="aldoct" uid="923271" lat="45.8398033" lon="9.1726350"/>
 <node id="420807676" visible="true" version="2" changeset="62875362" timestamp="2018-09-24T10:37:57Z" user="aldoct" uid="923271" lat="45.8398150" lon="9.1727981"/>
 <node id="420807677" visible="true" version="2" changeset="62875362" timestamp="2018-09-24T10:37:57Z" user="aldoct" uid="923271" lat="45.8397910" lon="9.1729032"/>
 <node id="420807681" visible="true" version="3" changeset="162581278" timestamp="2025-02-16T18:13:54Z" user="Cortix" uid="2165334" lat="45.8394485" lon="9.1734577"/>
 <node id="420807684" visible="true" version="3" changeset="62875362" timestamp="2018-09-24T10:37:57Z" user="aldoct" uid="923271" lat="45.8394078" lon="9.1736255">
  <tag k="ford" v="yes"/>
 </node>
 <node id="420807686" visible="true" version="3" changeset="62875362" timestamp="2018-09-24T10:37:57Z" user="aldoct" uid="923271" lat="45.8393843" lon="9.1737207"/>
 <node id="420807688" visible="true" version="2" changeset="15671493" timestamp="2013-04-09T21:28:33Z" user="kaitu" uid="69717" lat="45.8394403" lon="9.1739729">
  <tag k="ford" v="yes"/>
 </node>
 <node id="420807695" visible="true" version="2" changeset="62875362" timestamp="2018-09-24T10:37:57Z" user="aldoct" uid="923271" lat="45.8394650" lon="9.1741424"/>
 <node id="420807696" visible="true" version="3" changeset="62875362" timestamp="2018-09-24T10:37:57Z" user="aldoct" uid="923271" lat="45.8397706" lon="9.1745049"/>
 <node id="420807699" visible="true" version="3" changeset="62875362" timestamp="2018-09-24T10:37:57Z" user="aldoct" uid="923271" lat="45.8400823" lon="9.1750809"/>
 <node id="420807701" visible="true" version="2" changeset="62875362" timestamp="2018-09-24T10:37:57Z" user="aldoct" uid="923271" lat="45.8401876" lon="9.1751582"/>
 <node id="420807703" visible="true" version="1" changeset="1528228" timestamp="2009-06-15T20:00:03Z" user="gd-wg" uid="65704" lat="45.8403640" lon="9.1754130"/>
 <node id="420807705" visible="true" version="1" changeset="1528228" timestamp="2009-06-15T20:00:03Z" user="gd-wg" uid="65704" lat="45.8405570" lon="9.1757220"/>
 <node id="420807707" visible="true" version="1" changeset="1528228" timestamp="2009-06-15T20:00:03Z" user="gd-wg" uid="65704" lat="45.8407400" lon="9.1759070"/>
 <node id="420807708" visible="true" version="2" changeset="62875362" timestamp="2018-09-24T10:37:57Z" user="aldoct" uid="923271" lat="45.8410116" lon="9.1760952"/>
 <node id="420807710" visible="true" version="3" changeset="62875362" timestamp="2018-09-24T10:37:57Z" user="aldoct" uid="923271" lat="45.8412505" lon="9.1761307"/>
 <node id="420807712" visible="true" version="3" changeset="62875362" timestamp="2018-09-24T10:37:57Z" user="aldoct" uid="923271" lat="45.8413880" lon="9.1765378"/>
 <node id="420807714" visible="true" version="3" changeset="62875362" timestamp="2018-09-24T10:37:57Z" user="aldoct" uid="923271" lat="45.8414088" lon="9.1768685"/>
 <node id="420807716" visible="true" version="2" changeset="62875362" timestamp="2018-09-24T10:37:58Z" user="aldoct" uid="923271" lat="45.8412337" lon="9.1773124"/>
 <node id="420807718" visible="true" version="3" changeset="62875362" timestamp="2018-09-24T10:37:58Z" user="aldoct" uid="923271" lat="45.8411812" lon="9.1773806"/>
 <node id="420807721" visible="true" version="3" changeset="62875362" timestamp="2018-09-24T10:37:58Z" user="aldoct" uid="923271" lat="45.8407649" lon="9.1777173"/>
 <node id="420807722" visible="true" version="3" changeset="62875362" timestamp="2018-09-24T10:37:58Z" user="aldoct" uid="923271" lat="45.8406883" lon="9.1778015"/>
 <node id="420807723" visible="true" version="2" changeset="62875362" timestamp="2018-09-24T10:37:58Z" user="aldoct" uid="923271" lat="45.8404173" lon="9.1791062"/>
 <node id="420807724" visible="true" version="2" changeset="62875362" timestamp="2018-09-24T10:37:58Z" user="aldoct" uid="923271" lat="45.8403998" lon="9.1792153"/>
 <node id="420807725" visible="true" version="2" changeset="62875362" timestamp="2018-09-24T10:37:58Z" user="aldoct" uid="923271" lat="45.8406193" lon="9.1795473"/>
 <node id="420807731" visible="true" version="3" changeset="62875362" timestamp="2018-09-24T10:37:58Z" user="aldoct" uid="923271" lat="45.8406767" lon="9.1803894"/>
 <node id="420807742" visible="true" version="2" changeset="62875362" timestamp="2018-09-24T10:37:58Z" user="aldoct" uid="923271" lat="45.8407024" lon="9.1805444"/>
 <node id="420807748" visible="true" version="2" changeset="62875362" timestamp="2018-09-24T10:37:58Z" user="aldoct" uid="923271" lat="45.8407606" lon="9.1807846"/>
 <node id="420807756" visible="true" version="3" changeset="62875362" timestamp="2018-09-24T10:37:58Z" user="aldoct" uid="923271" lat="45.8408780" lon="9.1810914"/>
 <node id="420807761" visible="true" version="2" changeset="62875362" timestamp="2018-09-24T10:37:58Z" user="aldoct" uid="923271" lat="45.8409570" lon="9.1815848"/>
 <node id="420807767" visible="true" version="2" changeset="62875362" timestamp="2018-09-24T10:37:58Z" user="aldoct" uid="923271" lat="45.8409857" lon="9.1817597"/>
 <node id="420807772" visible="true" version="2" changeset="62875362" timestamp="2018-09-24T10:37:58Z" user="aldoct" uid="923271" lat="45.8410638" lon="9.1817951"/>
 <node id="420807774" visible="true" version="2" changeset="62875362" timestamp="2018-09-24T10:37:58Z" user="aldoct" uid="923271" lat="45.8413048" lon="9.1820121"/>
 <node id="420807778" visible="true" version="2" changeset="62875362" timestamp="2018-09-24T10:37:58Z" user="aldoct" uid="923271" lat="45.8415457" lon="9.1820940"/>
 <node id="420807784" visible="true" version="3" changeset="62875362" timestamp="2018-09-24T10:37:58Z" user="aldoct" uid="923271" lat="45.8420324" lon="9.1823845"/>
 <node id="420807788" visible="true" version="4" changeset="62875362" timestamp="2018-09-24T10:37:58Z" user="aldoct" uid="923271" lat="45.8421931" lon="9.1824623"/>
 <node id="420807793" visible="true" version="4" changeset="62875362" timestamp="2018-09-24T10:37:58Z" user="aldoct" uid="923271" lat="45.8422441" lon="9.1825652"/>
 <node id="420807796" visible="true" version="4" changeset="62875362" timestamp="2018-09-24T10:37:58Z" user="aldoct" uid="923271" lat="45.8424235" lon="9.1830512"/>
 <node id="420807798" visible="true" version="4" changeset="62875362" timestamp="2018-09-24T10:37:58Z" user="aldoct" uid="923271" lat="45.8424547" lon="9.1832443"/>
 <node id="420807801" visible="true" version="4" changeset="62875362" timestamp="2018-09-24T10:37:58Z" user="aldoct" uid="923271" lat="45.8425537" lon="9.1834033"/>
 <node id="420807803" visible="true" version="4" changeset="62875362" timestamp="2018-09-24T10:37:58Z" user="aldoct" uid="923271" lat="45.8431758" lon="9.1844837"/>
 <node id="420807809" visible="true" version="4" changeset="62875362" timestamp="2018-09-24T10:37:58Z" user="aldoct" uid="923271" lat="45.8432702" lon="9.1847196"/>
 <node id="420807811" visible="true" version="4" changeset="62875362" timestamp="2018-09-24T10:37:58Z" user="aldoct" uid="923271" lat="45.8435556" lon="9.1851808"/>
 <node id="420807815" visible="true" version="4" changeset="62875362" timestamp="2018-09-24T10:37:58Z" user="aldoct" uid="923271" lat="45.8440713" lon="9.1859217"/>
 <node id="420807819" visible="true" version="4" changeset="62875362" timestamp="2018-09-24T10:37:58Z" user="aldoct" uid="923271" lat="45.8442371" lon="9.1872738"/>
 <node id="420807821" visible="true" version="3" changeset="62875362" timestamp="2018-09-24T10:37:58Z" user="aldoct" uid="923271" lat="45.8442511" lon="9.1879338"/>
 <node id="420807822" visible="true" version="4" changeset="62875362" timestamp="2018-09-24T10:37:58Z" user="aldoct" uid="923271" lat="45.8444826" lon="9.1885999"/>
 <node id="420807826" visible="true" version="5" changeset="62875362" timestamp="2018-09-24T10:37:58Z" user="aldoct" uid="923271" lat="45.8442875" lon="9.1901064"/>
 <node id="420807830" visible="true" version="5" changeset="62875362" timestamp="2018-09-24T10:37:58Z" user="aldoct" uid="923271" lat="45.8446027" lon="9.1909020"/>
 <node id="420807832" visible="true" version="5" changeset="62875362" timestamp="2018-09-24T10:37:58Z" user="aldoct" uid="923271" lat="45.8448695" lon="9.1921598"/>
 <node id="420807833" visible="true" version="4" changeset="62875362" timestamp="2018-09-24T10:37:58Z" user="aldoct" uid="923271" lat="45.8450157" lon="9.1924155"/>
 <node id="420807835" visible="true" version="4" changeset="62875362" timestamp="2018-09-24T10:37:58Z" user="aldoct" uid="923271" lat="45.8456660" lon="9.1928578"/>
 <node id="420807836" visible="true" version="9" changeset="149246301" timestamp="2024-03-27T23:24:25Z" user="kaitu" uid="69717" lat="45.8461650" lon="9.1934030">
  <tag k="ele" v="1115"/>
  <tag k="mountain_pass" v="yes"/>
  <tag k="name" v="Bocchetta di Lemna"/>
  <tag k="natural" v="saddle"/>
  <tag k="wikidata" v="Q125178401"/>
  <tag k="wikimedia_commons" v="Category:Bocchetta di Lemna"/>
 </node>
 <node id="420807837" visible="true" version="1" changeset="1528228" timestamp="2009-06-15T20:00:13Z" user="gd-wg" uid="65704" lat="45.8464596" lon="9.1933634"/>
 <node id="420807838" visible="true" version="1" changeset="1528228" timestamp="2009-06-15T20:00:13Z" user="gd-wg" uid="65704" lat="45.8469379" lon="9.1931488"/>
 <node id="420807839" visible="true" version="1" changeset="1528228" timestamp="2009-06-15T20:00:13Z" user="gd-wg" uid="65704" lat="45.8471472" lon="9.1931059"/>
 <node id="420807908" visible="true" version="6" changeset="133296144" timestamp="2023-03-04T16:03:26Z" user="Valerio_Bozzolan" uid="1875845" lat="45.9758291" lon="9.2491581">
  <tag k="crossing" v="marked"/>
  <tag k="crossing:island" v="no"/>
  <tag k="highway" v="crossing"/>
  <tag k="tactile_paving" v="yes"/>
 </node>
 <node id="420807961" visible="true" version="5" changeset="129267702" timestamp="2022-11-23T07:42:24Z" user="gmarzio" uid="107284" lat="45.9145622" lon="9.2367720"/>
 <node id="420807964" visible="true" version="1" changeset="1528228" timestamp="2009-06-15T20:00:29Z" user="gd-wg" uid="65704" lat="45.9148630" lon="9.2375490"/>
 <node id="420807967" visible="true" version="2" changeset="10823296" timestamp="2012-02-28T22:04:35Z" user="kaitu" uid="69717" lat="45.9150542" lon="9.2384234"/>
 <node id="420807970" visible="true" version="1" changeset="1528228" timestamp="2009-06-15T20:00:30Z" user="gd-wg" uid="65704" lat="45.9151910" lon="9.2386390"/>
 <node id="420807977" visible="true" version="2" changeset="10823296" timestamp="2012-02-28T22:04:35Z" user="kaitu" uid="69717" lat="45.9155432" lon="9.2390590"/>
 <node id="420807979" visible="true" version="2" changeset="169500483" timestamp="2025-07-26T11:20:32Z" user="user_8722718" uid="8722718" lat="45.9160356" lon="9.2392731"/>
 <node id="420807980" visible="true" version="2" changeset="169500483" timestamp="2025-07-26T11:20:32Z" user="user_8722718" uid="8722718" lat="45.9162648" lon="9.2392759"/>
 <node id="420807981" visible="true" version="2" changeset="169500483" timestamp="2025-07-26T11:20:32Z" user="user_8722718" uid="8722718" lat="45.9170233" lon="9.2392558"/>
 <node id="420807982" visible="true" version="3" changeset="169500483" timestamp="2025-07-26T11:20:32Z" user="user_8722718" uid="8722718" lat="45.9170495" lon="9.2391992"/>
 <node id="420807984" visible="true" version="1" changeset="1528228" timestamp="2009-06-15T20:00:31Z" user="gd-wg" uid="65704" lat="45.9171260" lon="9.2391560"/>
 <node id="420807986" visible="true" version="2" changeset="38868394" timestamp="2016-04-25T21:26:02Z" user="kaitu" uid="69717" lat="45.9173077" lon="9.2390251"/>
 <node id="420807988" visible="true" version="1" changeset="1528228" timestamp="2009-06-15T20:00:31Z" user="gd-wg" uid="65704" lat="45.9173770" lon="9.2390230"/>
 <node id="420807990" visible="true" version="1" changeset="1528228" timestamp="2009-06-15T20:00:31Z" user="gd-wg" uid="65704" lat="45.9176560" lon="9.2388670"/>
 <node id="420807992" visible="true" version="2" changeset="38868394" timestamp="2016-04-25T21:26:02Z" user="kaitu" uid="69717" lat="45.9181530" lon="9.2385861"/>
 <node id="420807995" visible="true" version="2" changeset="38868394" timestamp="2016-04-25T21:26:02Z" user="kaitu" uid="69717" lat="45.9184193" lon="9.2383512"/>
 <node id="420807998" visible="true" version="2" changeset="38868394" timestamp="2016-04-25T21:26:02Z" user="kaitu" uid="69717" lat="45.9186304" lon="9.2382901"/>
 <node id="420808000" visible="true" version="2" changeset="38868394" timestamp="2016-04-25T21:26:02Z" user="kaitu" uid="69717" lat="45.9189721" lon="9.2380908"/>
 <node id="420808003" visible="true" version="1" changeset="1528228" timestamp="2009-06-15T20:00:32Z" user="gd-wg" uid="65704" lat="45.9190430" lon="9.2380211"/>
 <node id="420808006" visible="true" version="1" changeset="1528228" timestamp="2009-06-15T20:00:32Z" user="gd-wg" uid="65704" lat="45.9191300" lon="9.2379400"/>
 <node id="420808008" visible="true" version="2" changeset="38868394" timestamp="2016-04-25T21:26:02Z" user="kaitu" uid="69717" lat="45.9192518" lon="9.2378764"/>
 <node id="420808010" visible="true" version="2" changeset="38868394" timestamp="2016-04-25T21:26:02Z" user="kaitu" uid="69717" lat="45.9192719" lon="9.2379345"/>
 <node id="420808013" visible="true" version="2" changeset="38868394" timestamp="2016-04-25T21:26:02Z" user="kaitu" uid="69717" lat="45.9192491" lon="9.2380729"/>
 <node id="420808015" visible="true" version="1" changeset="1528228" timestamp="2009-06-15T20:00:33Z" user="gd-wg" uid="65704" lat="45.9197770" lon="9.2378290"/>
 <node id="420808023" visible="true" version="2" changeset="38843032" timestamp="2016-04-24T21:54:24Z" user="kaitu" uid="69717" lat="45.9205066" lon="9.2373625"/>
 <node id="420808029" visible="true" version="1" changeset="1528228" timestamp="2009-06-15T20:00:34Z" user="gd-wg" uid="65704" lat="45.9208380" lon="9.2369600"/>
 <node id="420808032" visible="true" version="2" changeset="38843032" timestamp="2016-04-24T21:54:24Z" user="kaitu" uid="69717" lat="45.9212563" lon="9.2366353"/>
 <node id="420808035" visible="true" version="1" changeset="1528228" timestamp="2009-06-15T20:00:34Z" user="gd-wg" uid="65704" lat="45.9214330" lon="9.2365890"/>
 <node id="420808038" visible="true" version="2" changeset="38843032" timestamp="2016-04-24T21:54:24Z" user="kaitu" uid="69717" lat="45.9215219" lon="9.2364276"/>
 <node id="420808040" visible="true" version="1" changeset="1528228" timestamp="2009-06-15T20:00:35Z" user="gd-wg" uid="65704" lat="45.9216930" lon="9.2359530"/>
 <node id="420808042" visible="true" version="2" changeset="38843032" timestamp="2016-04-24T21:54:24Z" user="kaitu" uid="69717" lat="45.9217571" lon="9.2358284"/>
 <node id="420808044" visible="true" version="1" changeset="1528228" timestamp="2009-06-15T20:00:35Z" user="gd-wg" uid="65704" lat="45.9218950" lon="9.2355990"/>
 <node id="420808046" visible="true" version="1" changeset="1528228" timestamp="2009-06-15T20:00:35Z" user="gd-wg" uid="65704" lat="45.9219950" lon="9.2355130"/>
 <node id="420808048" visible="true" version="3" changeset="38843032" timestamp="2016-04-24T21:54:24Z" user="kaitu" uid="69717" lat="45.9220821" lon="9.2354979"/>
 <node id="420808051" visible="true" version="3" changeset="38843032" timestamp="2016-04-24T21:54:24Z" user="kaitu" uid="69717" lat="45.9222734" lon="9.2352397"/>
 <node id="420808054" visible="true" version="2" changeset="32822101" timestamp="2015-07-23T10:38:38Z" user="rene78" uid="257555" lat="45.9221418" lon="9.2350955"/>
 <node id="420808057" visible="true" version="2" changeset="32822101" timestamp="2015-07-23T10:38:38Z" user="rene78" uid="257555" lat="45.9223207" lon="9.2345764"/>
 <node id="420808062" visible="true" version="2" changeset="32822101" timestamp="2015-07-23T10:38:38Z" user="rene78" uid="257555" lat="45.9223518" lon="9.2342868"/>
 <node id="420808064" visible="true" version="4" changeset="157581714" timestamp="2024-10-07T13:08:36Z" user="crazykye" uid="8162150" lat="45.9224087" lon="9.2340664"/>
 <node id="420808066" visible="true" version="3" changeset="157581714" timestamp="2024-10-07T13:08:36Z" user="crazykye" uid="8162150" lat="45.9224243" lon="9.2339325"/>
 <node id="420808068" visible="true" version="3" changeset="32822101" timestamp="2015-07-23T10:38:38Z" user="rene78" uid="257555" lat="45.9224611" lon="9.2336505"/>
 <node id="420808073" visible="true" version="3" changeset="38843032" timestamp="2016-04-24T21:54:24Z" user="kaitu" uid="69717" lat="45.9225113" lon="9.2333434"/>
 <node id="420808075" visible="true" version="3" changeset="38843032" timestamp="2016-04-24T21:54:24Z" user="kaitu" uid="69717" lat="45.9223063" lon="9.2333977"/>
 <node id="420808077" visible="true" version="3" changeset="38843032" timestamp="2016-04-24T21:54:24Z" user="kaitu" uid="69717" lat="45.9222604" lon="9.2332926"/>
 <node id="420808078" visible="true" version="2" changeset="10823296" timestamp="2012-02-28T22:04:36Z" user="kaitu" uid="69717" lat="45.9219416" lon="9.2330555"/>
 <node id="420808084" visible="true" version="3" changeset="169508398" timestamp="2025-07-26T13:56:15Z" user="user_8722718" uid="8722718" lat="45.9217684" lon="9.2329584"/>
 <node id="420808086" visible="true" version="3" changeset="169508398" timestamp="2025-07-26T13:56:15Z" user="user_8722718" uid="8722718" lat="45.9216317" lon="9.2327293"/>
 <node id="420808087" visible="true" version="3" changeset="169508398" timestamp="2025-07-26T13:56:15Z" user="user_8722718" uid="8722718" lat="45.9215380" lon="9.2323955"/>
 <node id="420808090" visible="true" version="2" changeset="169508398" timestamp="2025-07-26T13:56:15Z" user="user_8722718" uid="8722718" lat="45.9215838" lon="9.2322986"/>
 <node id="420808123" visible="true" version="2" changeset="16435154" timestamp="2013-06-05T17:44:41Z" user="kaitu" uid="69717" lat="45.9236403" lon="9.2305984"/>
 <node id="420808126" visible="true" version="2" changeset="16435154" timestamp="2013-06-05T17:44:41Z" user="kaitu" uid="69717" lat="45.9233998" lon="9.2303977"/>
 <node id="420808136" visible="true" version="1" changeset="1528228" timestamp="2009-06-15T20:00:39Z" user="gd-wg" uid="65704" lat="45.9229360" lon="9.2300990"/>
 <node id="420808138" visible="true" version="2" changeset="16435154" timestamp="2013-06-05T17:44:41Z" user="kaitu" uid="69717" lat="45.9228429" lon="9.2299025"/>
 <node id="420808144" visible="true" version="2" changeset="16435154" timestamp="2013-06-05T17:44:41Z" user="kaitu" uid="69717" lat="45.9228649" lon="9.2297822"/>
 <node id="420808146" visible="true" version="3" changeset="38868394" timestamp="2016-04-25T21:26:02Z" user="kaitu" uid="69717" lat="45.9222274" lon="9.2297227"/>
 <node id="420808149" visible="true" version="4" changeset="106358311" timestamp="2021-06-14T21:13:36Z" user="kaitu" uid="69717" lat="45.9220224" lon="9.2298169"/>
 <node id="420808152" visible="true" version="4" changeset="38868394" timestamp="2016-04-25T21:26:02Z" user="kaitu" uid="69717" lat="45.9219575" lon="9.2299279"/>
 <node id="420808156" visible="true" version="5" changeset="106358311" timestamp="2021-06-14T21:13:36Z" user="kaitu" uid="69717" lat="45.9218255" lon="9.2299948"/>
 <node id="420808161" visible="true" version="5" changeset="106358311" timestamp="2021-06-14T21:13:36Z" user="kaitu" uid="69717" lat="45.9216323" lon="9.2293573"/>
 <node id="420808165" visible="true" version="2" changeset="16445685" timestamp="2013-06-06T14:51:40Z" user="kaitu" uid="69717" lat="45.9220820" lon="9.2287605"/>
 <node id="420808168" visible="true" version="2" changeset="16445685" timestamp="2013-06-06T14:51:40Z" user="kaitu" uid="69717" lat="45.9222162" lon="9.2285066"/>
 <node id="420808170" visible="true" version="2" changeset="16445685" timestamp="2013-06-06T14:51:40Z" user="kaitu" uid="69717" lat="45.9223086" lon="9.2278820"/>
 <node id="420808171" visible="true" version="2" changeset="16445685" timestamp="2013-06-06T14:51:40Z" user="kaitu" uid="69717" lat="45.9224015" lon="9.2274013"/>
 <node id="420808175" visible="true" version="2" changeset="15988942" timestamp="2013-05-05T19:35:40Z" user="Rove" uid="1088303" lat="45.9224192" lon="9.2268172"/>
 <node id="420808178" visible="true" version="3" changeset="30035757" timestamp="2015-04-07T10:28:39Z" user="kaitu" uid="69717" lat="45.9223806" lon="9.2260337"/>
 <node id="420808180" visible="true" version="2" changeset="16445685" timestamp="2013-06-06T14:51:40Z" user="kaitu" uid="69717" lat="45.9220794" lon="9.2256279"/>
 <node id="420808184" visible="true" version="2" changeset="16445685" timestamp="2013-06-06T14:51:40Z" user="kaitu" uid="69717" lat="45.9219131" lon="9.2251692"/>
 <node id="420808187" visible="true" version="4" changeset="106358311" timestamp="2021-06-14T21:13:36Z" user="kaitu" uid="69717" lat="45.9215410" lon="9.2246134">
  <tag k="barrier" v="gate"/>
  <tag k="description" v="Cancello carrabile in legno, con passaggio pedonale laterale di aggiramento."/>
  <tag k="foot" v="permissive"/>
  <tag k="operator" v="Alpe del Ville"/>
  <tag k="source:access" v="scritta &quot;Proprietà privata - Divieto di accesso&quot; sul cancello, e passaggio pedonale laterale."/>
  <tag k="vehicle" v="private"/>
 </node>
 <node id="420808192" visible="true" version="3" changeset="30035757" timestamp="2015-04-07T10:28:39Z" user="kaitu" uid="69717" lat="45.9213291" lon="9.2242046"/>
 <node id="420808194" visible="true" version="3" changeset="30035757" timestamp="2015-04-07T10:28:40Z" user="kaitu" uid="69717" lat="45.9212721" lon="9.2239216"/>
 <node id="420808197" visible="true" version="2" changeset="16445685" timestamp="2013-06-06T14:51:41Z" user="kaitu" uid="69717" lat="45.9212739" lon="9.2231735"/>
 <node id="420808199" visible="true" version="4" changeset="30035757" timestamp="2015-04-07T10:28:40Z" user="kaitu" uid="69717" lat="45.9214874" lon="9.2226154"/>
 <node id="420808201" visible="true" version="4" changeset="30035757" timestamp="2015-04-07T10:28:40Z" user="kaitu" uid="69717" lat="45.9219630" lon="9.2215273"/>
 <node id="420808208" visible="true" version="4" changeset="106358311" timestamp="2021-06-14T21:13:36Z" user="kaitu" uid="69717" lat="45.9222044" lon="9.2213009"/>
 <node id="420808212" visible="true" version="2" changeset="16445685" timestamp="2013-06-06T14:51:41Z" user="kaitu" uid="69717" lat="45.9229361" lon="9.2215786"/>
 <node id="420808221" visible="true" version="1" changeset="1528228" timestamp="2009-06-15T20:00:44Z" user="gd-wg" uid="65704" lat="45.9231370" lon="9.2217930"/>
 <node id="420808229" visible="true" version="3" changeset="16445685" timestamp="2013-06-06T14:51:41Z" user="kaitu" uid="69717" lat="45.9239170" lon="9.2218270"/>
 <node id="420808232" visible="true" version="4" changeset="32154784" timestamp="2015-06-23T07:39:06Z" user="Daniele Clerici" uid="1827621" lat="45.9241358" lon="9.2218971"/>
 <node id="420808235" visible="true" version="5" changeset="167501328" timestamp="2025-06-11T17:11:58Z" user="kaitu" uid="69717" lat="45.9243564" lon="9.2221085">
  <tag k="description" v="trail paint blaze on a rock, symbol: white-red stripes"/>
  <tag k="hiking" v="yes"/>
  <tag k="information" v="route_marker"/>
  <tag k="support" v="rock"/>
  <tag k="tourism" v="information"/>
 </node>
 <node id="420808237" visible="true" version="4" changeset="32154784" timestamp="2015-06-23T07:39:06Z" user="Daniele Clerici" uid="1827621" lat="45.9245508" lon="9.2222973"/>
 <node id="420808242" visible="true" version="4" changeset="32154784" timestamp="2015-06-23T07:39:06Z" user="Daniele Clerici" uid="1827621" lat="45.9247189" lon="9.2224332"/>
 <node id="420808244" visible="true" version="2" changeset="32154784" timestamp="2015-06-23T07:39:06Z" user="Daniele Clerici" uid="1827621" lat="45.9250419" lon="9.2224672"/>
 <node id="420808251" visible="true" version="3" changeset="16445685" timestamp="2013-06-06T14:51:41Z" user="kaitu" uid="69717" lat="45.9257776" lon="9.2225061"/>
 <node id="420808254" visible="true" version="2" changeset="16064066" timestamp="2013-05-10T13:05:47Z" user="Rove" uid="1088303" lat="45.9262999" lon="9.2225141"/>
 <node id="420808258" visible="true" version="2" changeset="16445685" timestamp="2013-06-06T14:51:41Z" user="kaitu" uid="69717" lat="45.9264896" lon="9.2227238"/>
 <node id="420808264" visible="true" version="3" changeset="16445685" timestamp="2013-06-06T14:51:41Z" user="kaitu" uid="69717" lat="45.9266303" lon="9.2227459"/>
 <node id="420808269" visible="true" version="2" changeset="16445685" timestamp="2013-06-06T14:51:41Z" user="kaitu" uid="69717" lat="45.9267566" lon="9.2228556"/>
 <node id="420808283" visible="true" version="2" changeset="16445685" timestamp="2013-06-06T14:51:41Z" user="kaitu" uid="69717" lat="45.9272030" lon="9.2228847"/>
 <node id="420808289" visible="true" version="4" changeset="32154784" timestamp="2015-06-23T07:39:06Z" user="Daniele Clerici" uid="1827621" lat="45.9274239" lon="9.2228750"/>
 <node id="420808293" visible="true" version="4" changeset="32154784" timestamp="2015-06-23T07:39:06Z" user="Daniele Clerici" uid="1827621" lat="45.9278625" lon="9.2227428"/>
 <node id="420808299" visible="true" version="4" changeset="32154784" timestamp="2015-06-23T07:39:06Z" user="Daniele Clerici" uid="1827621" lat="45.9280227" lon="9.2227730"/>
 <node id="420808307" visible="true" version="2" changeset="32154784" timestamp="2015-06-23T07:39:06Z" user="Daniele Clerici" uid="1827621" lat="45.9284008" lon="9.2226786"/>
 <node id="420808310" visible="true" version="3" changeset="32154784" timestamp="2015-06-23T07:39:06Z" user="Daniele Clerici" uid="1827621" lat="45.9286477" lon="9.2226409"/>
 <node id="420808313" visible="true" version="2" changeset="32154784" timestamp="2015-06-23T07:39:06Z" user="Daniele Clerici" uid="1827621" lat="45.9288946" lon="9.2227051"/>
 <node id="420808318" visible="true" version="2" changeset="32154784" timestamp="2015-06-23T07:39:06Z" user="Daniele Clerici" uid="1827621" lat="45.9294802" lon="9.2228448"/>
 <node id="420808320" visible="true" version="4" changeset="167501328" timestamp="2025-06-11T17:11:58Z" user="kaitu" uid="69717" lat="45.9296430" lon="9.2229731">
  <tag k="description" v="trail paint blaze on a rock, symbol: white-red stripes"/>
  <tag k="hiking" v="yes"/>
  <tag k="information" v="route_marker"/>
  <tag k="support" v="rock"/>
  <tag k="tourism" v="information"/>
 </node>
 <node id="420808326" visible="true" version="1" changeset="1528228" timestamp="2009-06-15T20:00:49Z" user="gd-wg" uid="65704" lat="45.9299610" lon="9.2229810"/>
 <node id="420808338" visible="true" version="1" changeset="1528228" timestamp="2009-06-15T20:00:50Z" user="gd-wg" uid="65704" lat="45.9305690" lon="9.2232470"/>
 <node id="420808344" visible="true" version="2" changeset="16445685" timestamp="2013-06-06T14:51:41Z" user="kaitu" uid="69717" lat="45.9318183" lon="9.2233281"/>
 <node id="420808352" visible="true" version="2" changeset="16445685" timestamp="2013-06-06T14:51:41Z" user="kaitu" uid="69717" lat="45.9319427" lon="9.2233114"/>
 <node id="420808364" visible="true" version="2" changeset="16445685" timestamp="2013-06-06T14:51:41Z" user="kaitu" uid="69717" lat="45.9320950" lon="9.2234447"/>
 <node id="420808365" visible="true" version="2" changeset="16445685" timestamp="2013-06-06T14:51:41Z" user="kaitu" uid="69717" lat="45.9322924" lon="9.2236581"/>
 <node id="420808366" visible="true" version="1" changeset="1528228" timestamp="2009-06-15T20:00:51Z" user="gd-wg" uid="65704" lat="45.9326880" lon="9.2237980"/>
 <node id="420808367" visible="true" version="1" changeset="1528228" timestamp="2009-06-15T20:00:51Z" user="gd-wg" uid="65704" lat="45.9330450" lon="9.2240870"/>
 <node id="420808368" visible="true" version="1" changeset="1528228" timestamp="2009-06-15T20:00:52Z" user="gd-wg" uid="65704" lat="45.9340430" lon="9.2246280"/>
 <node id="420808369" visible="true" version="1" changeset="1528228" timestamp="2009-06-15T20:00:52Z" user="gd-wg" uid="65704" lat="45.9344220" lon="9.2247370"/>
 <node id="420808370" visible="true" version="1" changeset="1528228" timestamp="2009-06-15T20:00:52Z" user="gd-wg" uid="65704" lat="45.9348250" lon="9.2250170"/>
 <node id="420808372" visible="true" version="1" changeset="1528228" timestamp="2009-06-15T20:00:52Z" user="gd-wg" uid="65704" lat="45.9352590" lon="9.2256250"/>
 <node id="420808373" visible="true" version="2" changeset="16445685" timestamp="2013-06-06T14:51:41Z" user="kaitu" uid="69717" lat="45.9355556" lon="9.2259088"/>
 <node id="420808374" visible="true" version="1" changeset="1528228" timestamp="2009-06-15T20:00:52Z" user="gd-wg" uid="65704" lat="45.9359550" lon="9.2265720"/>
 <node id="420808375" visible="true" version="1" changeset="1528228" timestamp="2009-06-15T20:00:53Z" user="gd-wg" uid="65704" lat="45.9363250" lon="9.2268580"/>
 <node id="420808376" visible="true" version="1" changeset="1528228" timestamp="2009-06-15T20:00:53Z" user="gd-wg" uid="65704" lat="45.9365180" lon="9.2272370"/>
 <node id="420808377" visible="true" version="1" changeset="1528228" timestamp="2009-06-15T20:00:53Z" user="gd-wg" uid="65704" lat="45.9369050" lon="9.2275740"/>
 <node id="420808378" visible="true" version="1" changeset="1528228" timestamp="2009-06-15T20:00:53Z" user="gd-wg" uid="65704" lat="45.9372290" lon="9.2276590"/>
 <node id="420808379" visible="true" version="1" changeset="1528228" timestamp="2009-06-15T20:00:53Z" user="gd-wg" uid="65704" lat="45.9373760" lon="9.2279600"/>
 <node id="420808380" visible="true" version="1" changeset="1528228" timestamp="2009-06-15T20:00:54Z" user="gd-wg" uid="65704" lat="45.9373580" lon="9.2283260"/>
 <node id="420808382" visible="true" version="1" changeset="1528228" timestamp="2009-06-15T20:00:54Z" user="gd-wg" uid="65704" lat="45.9375110" lon="9.2287540"/>
 <node id="420808383" visible="true" version="1" changeset="1528228" timestamp="2009-06-15T20:00:54Z" user="gd-wg" uid="65704" lat="45.9377400" lon="9.2289820"/>
 <node id="420808385" visible="true" version="1" changeset="1528228" timestamp="2009-06-15T20:00:54Z" user="gd-wg" uid="65704" lat="45.9388650" lon="9.2290580"/>
 <node id="420808386" visible="true" version="1" changeset="1528228" timestamp="2009-06-15T20:00:55Z" user="gd-wg" uid="65704" lat="45.9390850" lon="9.2292220"/>
 <node id="420808394" visible="true" version="1" changeset="1528228" timestamp="2009-06-15T20:00:56Z" user="gd-wg" uid="65704" lat="45.9399340" lon="9.2310830"/>
 <node id="420808395" visible="true" version="1" changeset="1528228" timestamp="2009-06-15T20:00:56Z" user="gd-wg" uid="65704" lat="45.9403380" lon="9.2314450"/>
 <node id="420808396" visible="true" version="1" changeset="1528228" timestamp="2009-06-15T20:00:56Z" user="gd-wg" uid="65704" lat="45.9406490" lon="9.2316200"/>
 <node id="420808399" visible="true" version="2" changeset="35527726" timestamp="2015-11-23T11:08:43Z" user="Rove" uid="1088303" lat="45.9410785" lon="9.2316532"/>
 <node id="420808400" visible="true" version="2" changeset="35527726" timestamp="2015-11-23T11:08:43Z" user="Rove" uid="1088303" lat="45.9411243" lon="9.2316922"/>
 <node id="420808403" visible="true" version="2" changeset="35527726" timestamp="2015-11-23T11:08:43Z" user="Rove" uid="1088303" lat="45.9407076" lon="9.2318430"/>
 <node id="420808404" visible="true" version="2" changeset="35527726" timestamp="2015-11-23T11:08:43Z" user="Rove" uid="1088303" lat="45.9403197" lon="9.2320595"/>
 <node id="420808411" visible="true" version="2" changeset="35527726" timestamp="2015-11-23T11:08:43Z" user="Rove" uid="1088303" lat="45.9397092" lon="9.2321489"/>
 <node id="420808415" visible="true" version="2" changeset="35527726" timestamp="2015-11-23T11:08:43Z" user="Rove" uid="1088303" lat="45.9396556" lon="9.2323419"/>
 <node id="420808422" visible="true" version="1" changeset="1528228" timestamp="2009-06-15T20:00:58Z" user="gd-wg" uid="65704" lat="45.9404720" lon="9.2330000"/>
 <node id="420808424" visible="true" version="2" changeset="35527726" timestamp="2015-11-23T11:08:43Z" user="Rove" uid="1088303" lat="45.9411045" lon="9.2332770"/>
 <node id="420808427" visible="true" version="1" changeset="1528228" timestamp="2009-06-15T20:00:58Z" user="gd-wg" uid="65704" lat="45.9417610" lon="9.2336790"/>
 <node id="420808429" visible="true" version="1" changeset="1528228" timestamp="2009-06-15T20:00:58Z" user="gd-wg" uid="65704" lat="45.9420120" lon="9.2339620"/>
 <node id="420808431" visible="true" version="1" changeset="1528228" timestamp="2009-06-15T20:00:58Z" user="gd-wg" uid="65704" lat="45.9422190" lon="9.2340240"/>
 <node id="420808444" visible="true" version="2" changeset="16445685" timestamp="2013-06-06T14:51:41Z" user="kaitu" uid="69717" lat="45.9423897" lon="9.2348092"/>
 <node id="420808446" visible="true" version="2" changeset="16445685" timestamp="2013-06-06T14:51:41Z" user="kaitu" uid="69717" lat="45.9425148" lon="9.2351065"/>
 <node id="420808452" visible="true" version="2" changeset="16445685" timestamp="2013-06-06T14:51:41Z" user="kaitu" uid="69717" lat="45.9421330" lon="9.2350334"/>
 <node id="420808454" visible="true" version="3" changeset="35527726" timestamp="2015-11-23T11:08:43Z" user="Rove" uid="1088303" lat="45.9420280" lon="9.2351795"/>
 <node id="420808456" visible="true" version="1" changeset="1528228" timestamp="2009-06-15T20:01:00Z" user="gd-wg" uid="65704" lat="45.9420170" lon="9.2354390"/>
 <node id="420808459" visible="true" version="1" changeset="1528228" timestamp="2009-06-15T20:01:01Z" user="gd-wg" uid="65704" lat="45.9424900" lon="9.2362300"/>
 <node id="420808461" visible="true" version="1" changeset="1528228" timestamp="2009-06-15T20:01:01Z" user="gd-wg" uid="65704" lat="45.9425900" lon="9.2365880"/>
 <node id="420808465" visible="true" version="1" changeset="1528228" timestamp="2009-06-15T20:01:01Z" user="gd-wg" uid="65704" lat="45.9427870" lon="9.2369780"/>
 <node id="420808469" visible="true" version="1" changeset="1528228" timestamp="2009-06-15T20:01:02Z" user="gd-wg" uid="65704" lat="45.9436090" lon="9.2380330"/>
 <node id="420808472" visible="true" version="1" changeset="1528228" timestamp="2009-06-15T20:01:02Z" user="gd-wg" uid="65704" lat="45.9439230" lon="9.2382490"/>
 <node id="420808473" visible="true" version="1" changeset="1528228" timestamp="2009-06-15T20:01:02Z" user="gd-wg" uid="65704" lat="45.9444380" lon="9.2383620"/>
 <node id="420808475" visible="true" version="1" changeset="1528228" timestamp="2009-06-15T20:01:03Z" user="gd-wg" uid="65704" lat="45.9447690" lon="9.2381910"/>
 <node id="420808477" visible="true" version="2" changeset="16445685" timestamp="2013-06-06T14:51:41Z" user="kaitu" uid="69717" lat="45.9450345" lon="9.2382373"/>
 <node id="420808480" visible="true" version="2" changeset="16445685" timestamp="2013-06-06T14:51:41Z" user="kaitu" uid="69717" lat="45.9450073" lon="9.2383785"/>
 <node id="420808483" visible="true" version="2" changeset="35525513" timestamp="2015-11-23T08:52:40Z" user="Rove" uid="1088303" lat="45.9447852" lon="9.2386760"/>
 <node id="420808485" visible="true" version="2" changeset="35525513" timestamp="2015-11-23T08:52:40Z" user="Rove" uid="1088303" lat="45.9447790" lon="9.2388925"/>
 <node id="420808487" visible="true" version="1" changeset="1528228" timestamp="2009-06-15T20:01:04Z" user="gd-wg" uid="65704" lat="45.9449210" lon="9.2389840"/>
 <node id="420808491" visible="true" version="2" changeset="15988942" timestamp="2013-05-05T19:35:40Z" user="Rove" uid="1088303" lat="45.9450775" lon="9.2392585"/>
 <node id="420808493" visible="true" version="3" changeset="35466238" timestamp="2015-11-20T16:59:37Z" user="Rove" uid="1088303" lat="45.9450406" lon="9.2393074"/>
 <node id="420808502" visible="true" version="2" changeset="24825830" timestamp="2014-08-18T08:24:09Z" user="s0nik" uid="336137" lat="45.9451540" lon="9.2393890"/>
 <node id="420808505" visible="true" version="4" changeset="35525513" timestamp="2015-11-23T08:52:40Z" user="Rove" uid="1088303" lat="45.9453398" lon="9.2394552"/>
 <node id="420808507" visible="true" version="4" changeset="35525513" timestamp="2015-11-23T08:52:40Z" user="Rove" uid="1088303" lat="45.9454909" lon="9.2392257"/>
 <node id="420808511" visible="true" version="5" changeset="129271112" timestamp="2022-11-23T09:01:03Z" user="gmarzio" uid="107284" lat="45.9457336" lon="9.2393398"/>
 <node id="420808514" visible="true" version="2" changeset="24825830" timestamp="2014-08-18T08:24:09Z" user="s0nik" uid="336137" lat="45.9459470" lon="9.2393430"/>
 <node id="420808517" visible="true" version="3" changeset="24825830" timestamp="2014-08-18T08:24:09Z" user="s0nik" uid="336137" lat="45.9462060" lon="9.2393110"/>
 <node id="420808519" visible="true" version="3" changeset="24825830" timestamp="2014-08-18T08:24:09Z" user="s0nik" uid="336137" lat="45.9462760" lon="9.2393930"/>
 <node id="420808524" visible="true" version="2" changeset="24825830" timestamp="2014-08-18T08:24:10Z" user="s0nik" uid="336137" lat="45.9465870" lon="9.2399610"/>
 <node id="420808528" visible="true" version="3" changeset="24825830" timestamp="2014-08-18T08:24:10Z" user="s0nik" uid="336137" lat="45.9467650" lon="9.2404100"/>
 <node id="420808529" visible="true" version="3" changeset="24825830" timestamp="2014-08-18T08:24:10Z" user="s0nik" uid="336137" lat="45.9470710" lon="9.2408820"/>
 <node id="420808530" visible="true" version="2" changeset="24825830" timestamp="2014-08-18T08:24:10Z" user="s0nik" uid="336137" lat="45.9474270" lon="9.2422010"/>
 <node id="420808533" visible="true" version="2" changeset="24825830" timestamp="2014-08-18T08:24:10Z" user="s0nik" uid="336137" lat="45.9474270" lon="9.2425110"/>
 <node id="420808539" visible="true" version="3" changeset="24825830" timestamp="2014-08-18T08:24:10Z" user="s0nik" uid="336137" lat="45.9474010" lon="9.2428450"/>
 <node id="420808541" visible="true" version="2" changeset="24825830" timestamp="2014-08-18T08:24:10Z" user="s0nik" uid="336137" lat="45.9474420" lon="9.2434110"/>
 <node id="420808544" visible="true" version="3" changeset="35525513" timestamp="2015-11-23T08:52:40Z" user="Rove" uid="1088303" lat="45.9473788" lon="9.2438713"/>
 <node id="420808545" visible="true" version="3" changeset="35525513" timestamp="2015-11-23T08:52:40Z" user="Rove" uid="1088303" lat="45.9473914" lon="9.2441801"/>
 <node id="420808547" visible="true" version="2" changeset="24825830" timestamp="2014-08-18T08:24:10Z" user="s0nik" uid="336137" lat="45.9475620" lon="9.2444440"/>
 <node id="420808548" visible="true" version="3" changeset="35525513" timestamp="2015-11-23T08:52:40Z" user="Rove" uid="1088303" lat="45.9477856" lon="9.2448573"/>
 <node id="420808549" visible="true" version="3" changeset="35525513" timestamp="2015-11-23T08:52:40Z" user="Rove" uid="1088303" lat="45.9479185" lon="9.2449677"/>
 <node id="420808551" visible="true" version="2" changeset="24825830" timestamp="2014-08-18T08:24:10Z" user="s0nik" uid="336137" lat="45.9481590" lon="9.2449320"/>
 <node id="420808553" visible="true" version="2" changeset="24825830" timestamp="2014-08-18T08:24:10Z" user="s0nik" uid="336137" lat="45.9482810" lon="9.2449740"/>
 <node id="420808554" visible="true" version="3" changeset="35525513" timestamp="2015-11-23T08:52:40Z" user="Rove" uid="1088303" lat="45.9484650" lon="9.2452453"/>
 <node id="420808557" visible="true" version="3" changeset="35525513" timestamp="2015-11-23T08:52:40Z" user="Rove" uid="1088303" lat="45.9485401" lon="9.2453148"/>
 <node id="420808563" visible="true" version="3" changeset="35525513" timestamp="2015-11-23T08:52:40Z" user="Rove" uid="1088303" lat="45.9490739" lon="9.2451177"/>
 <node id="420808565" visible="true" version="2" changeset="24825830" timestamp="2014-08-18T08:24:10Z" user="s0nik" uid="336137" lat="45.9494270" lon="9.2453140"/>
 <node id="420808566" visible="true" version="2" changeset="24825830" timestamp="2014-08-18T08:24:10Z" user="s0nik" uid="336137" lat="45.9497120" lon="9.2453380"/>
 <node id="420808567" visible="true" version="2" changeset="24825830" timestamp="2014-08-18T08:24:10Z" user="s0nik" uid="336137" lat="45.9499780" lon="9.2456460"/>
 <node id="420808570" visible="true" version="2" changeset="24825830" timestamp="2014-08-18T08:24:10Z" user="s0nik" uid="336137" lat="45.9503360" lon="9.2459320"/>
 <node id="420808571" visible="true" version="2" changeset="24825830" timestamp="2014-08-18T08:24:10Z" user="s0nik" uid="336137" lat="45.9504470" lon="9.2462260"/>
 <node id="420808572" visible="true" version="2" changeset="24825830" timestamp="2014-08-18T08:24:10Z" user="s0nik" uid="336137" lat="45.9504820" lon="9.2464270"/>
 <node id="420808573" visible="true" version="2" changeset="24825830" timestamp="2014-08-18T08:24:10Z" user="s0nik" uid="336137" lat="45.9508600" lon="9.2471140"/>
 <node id="420808575" visible="true" version="2" changeset="24825830" timestamp="2014-08-18T08:24:10Z" user="s0nik" uid="336137" lat="45.9510950" lon="9.2472930"/>
 <node id="420808577" visible="true" version="2" changeset="24825830" timestamp="2014-08-18T08:24:10Z" user="s0nik" uid="336137" lat="45.9513100" lon="9.2473040"/>
 <node id="420808581" visible="true" version="2" changeset="24825830" timestamp="2014-08-18T08:24:10Z" user="s0nik" uid="336137" lat="45.9516290" lon="9.2472270"/>
 <node id="420808583" visible="true" version="2" changeset="24825830" timestamp="2014-08-18T08:24:10Z" user="s0nik" uid="336137" lat="45.9519600" lon="9.2473450"/>
 <node id="420808584" visible="true" version="2" changeset="24825830" timestamp="2014-08-18T08:24:10Z" user="s0nik" uid="336137" lat="45.9521580" lon="9.2473640"/>
 <node id="420808586" visible="true" version="2" changeset="24825830" timestamp="2014-08-18T08:24:10Z" user="s0nik" uid="336137" lat="45.9523680" lon="9.2474290"/>
 <node id="420808588" visible="true" version="2" changeset="24825830" timestamp="2014-08-18T08:24:10Z" user="s0nik" uid="336137" lat="45.9529430" lon="9.2474040"/>
 <node id="420808590" visible="true" version="2" changeset="24825830" timestamp="2014-08-18T08:24:10Z" user="s0nik" uid="336137" lat="45.9532100" lon="9.2474630"/>
 <node id="420808591" visible="true" version="2" changeset="24825830" timestamp="2014-08-18T08:24:10Z" user="s0nik" uid="336137" lat="45.9534440" lon="9.2474680"/>
 <node id="420808592" visible="true" version="2" changeset="24825830" timestamp="2014-08-18T08:24:10Z" user="s0nik" uid="336137" lat="45.9539740" lon="9.2475920"/>
 <node id="420808594" visible="true" version="2" changeset="24825830" timestamp="2014-08-18T08:24:11Z" user="s0nik" uid="336137" lat="45.9541410" lon="9.2475000"/>
 <node id="420808596" visible="true" version="2" changeset="24825830" timestamp="2014-08-18T08:24:11Z" user="s0nik" uid="336137" lat="45.9545270" lon="9.2470790"/>
 <node id="420808599" visible="true" version="2" changeset="24825830" timestamp="2014-08-18T08:24:11Z" user="s0nik" uid="336137" lat="45.9548480" lon="9.2469490"/>
 <node id="420808602" visible="true" version="2" changeset="24825830" timestamp="2014-08-18T08:24:11Z" user="s0nik" uid="336137" lat="45.9550620" lon="9.2470830"/>
 <node id="420808604" visible="true" version="2" changeset="24825830" timestamp="2014-08-18T08:24:11Z" user="s0nik" uid="336137" lat="45.9552360" lon="9.2471490"/>
 <node id="420808606" visible="true" version="2" changeset="24825830" timestamp="2014-08-18T08:24:11Z" user="s0nik" uid="336137" lat="45.9556520" lon="9.2469290"/>
 <node id="420808608" visible="true" version="2" changeset="24825830" timestamp="2014-08-18T08:24:11Z" user="s0nik" uid="336137" lat="45.9558500" lon="9.2467060"/>
 <node id="420808610" visible="true" version="2" changeset="24825830" timestamp="2014-08-18T08:24:11Z" user="s0nik" uid="336137" lat="45.9561110" lon="9.2462450"/>
 <node id="420808611" visible="true" version="4" changeset="62965850" timestamp="2018-09-27T05:58:29Z" user="aldoct" uid="923271" lat="45.9563703" lon="9.2459620"/>
 <node id="420808615" visible="true" version="4" changeset="62965850" timestamp="2018-09-27T05:58:29Z" user="aldoct" uid="923271" lat="45.9568539" lon="9.2459063"/>
 <node id="420808616" visible="true" version="2" changeset="24825830" timestamp="2014-08-18T08:24:11Z" user="s0nik" uid="336137" lat="45.9572670" lon="9.2463400"/>
 <node id="420808618" visible="true" version="2" changeset="24825830" timestamp="2014-08-18T08:24:11Z" user="s0nik" uid="336137" lat="45.9575430" lon="9.2467820"/>
 <node id="420808620" visible="true" version="2" changeset="24825830" timestamp="2014-08-18T08:24:11Z" user="s0nik" uid="336137" lat="45.9579380" lon="9.2470200"/>
 <node id="420808621" visible="true" version="2" changeset="24825830" timestamp="2014-08-18T08:24:11Z" user="s0nik" uid="336137" lat="45.9582220" lon="9.2469590"/>
 <node id="420808622" visible="true" version="3" changeset="62965850" timestamp="2018-09-27T05:58:29Z" user="aldoct" uid="923271" lat="45.9588218" lon="9.2466608"/>
 <node id="420808623" visible="true" version="3" changeset="62883501" timestamp="2018-09-24T14:56:18Z" user="aldoct" uid="923271" lat="45.9592118" lon="9.2466845"/>
 <node id="420808624" visible="true" version="2" changeset="24825830" timestamp="2014-08-18T08:24:11Z" user="s0nik" uid="336137" lat="45.9592830" lon="9.2465930"/>
 <node id="420808626" visible="true" version="2" changeset="24825830" timestamp="2014-08-18T08:24:11Z" user="s0nik" uid="336137" lat="45.9595960" lon="9.2463390"/>
 <node id="420808630" visible="true" version="2" changeset="24825830" timestamp="2014-08-18T08:24:11Z" user="s0nik" uid="336137" lat="45.9599420" lon="9.2462060"/>
 <node id="420808640" visible="true" version="2" changeset="24825830" timestamp="2014-08-18T08:24:11Z" user="s0nik" uid="336137" lat="45.9607960" lon="9.2463810"/>
 <node id="420808642" visible="true" version="3" changeset="62965850" timestamp="2018-09-27T05:58:29Z" user="aldoct" uid="923271" lat="45.9618158" lon="9.2461994"/>
 <node id="420808644" visible="true" version="2" changeset="24825830" timestamp="2014-08-18T08:24:11Z" user="s0nik" uid="336137" lat="45.9627420" lon="9.2467060"/>
 <node id="420808647" visible="true" version="2" changeset="24825830" timestamp="2014-08-18T08:24:11Z" user="s0nik" uid="336137" lat="45.9629980" lon="9.2470680"/>
 <node id="420808650" visible="true" version="2" changeset="24825830" timestamp="2014-08-18T08:24:11Z" user="s0nik" uid="336137" lat="45.9633970" lon="9.2474670"/>
 <node id="420808653" visible="true" version="2" changeset="24825830" timestamp="2014-08-18T08:24:11Z" user="s0nik" uid="336137" lat="45.9636080" lon="9.2477030"/>
 <node id="420808658" visible="true" version="2" changeset="24825830" timestamp="2014-08-18T08:24:11Z" user="s0nik" uid="336137" lat="45.9638170" lon="9.2477790"/>
 <node id="420808661" visible="true" version="2" changeset="24825830" timestamp="2014-08-18T08:24:11Z" user="s0nik" uid="336137" lat="45.9640500" lon="9.2478150"/>
 <node id="420808663" visible="true" version="3" changeset="24825830" timestamp="2014-08-18T08:24:11Z" user="s0nik" uid="336137" lat="45.9642830" lon="9.2477990"/>
 <node id="420808667" visible="true" version="2" changeset="24825830" timestamp="2014-08-18T08:24:11Z" user="s0nik" uid="336137" lat="45.9645790" lon="9.2478020"/>
 <node id="420808668" visible="true" version="3" changeset="24825830" timestamp="2014-08-18T08:24:11Z" user="s0nik" uid="336137" lat="45.9646410" lon="9.2478950"/>
 <node id="420808670" visible="true" version="2" changeset="24825830" timestamp="2014-08-18T08:24:11Z" user="s0nik" uid="336137" lat="45.9646740" lon="9.2480140"/>
 <node id="420808671" visible="true" version="2" changeset="24825830" timestamp="2014-08-18T08:24:11Z" user="s0nik" uid="336137" lat="45.9647070" lon="9.2482680"/>
 <node id="420808673" visible="true" version="2" changeset="24825830" timestamp="2014-08-18T08:24:11Z" user="s0nik" uid="336137" lat="45.9646880" lon="9.2486530"/>
 <node id="420808674" visible="true" version="3" changeset="24825830" timestamp="2014-08-18T08:24:11Z" user="s0nik" uid="336137" lat="45.9647170" lon="9.2487740"/>
 <node id="420808676" visible="true" version="2" changeset="24825830" timestamp="2014-08-18T08:24:11Z" user="s0nik" uid="336137" lat="45.9647620" lon="9.2488550"/>
 <node id="420808677" visible="true" version="2" changeset="24825830" timestamp="2014-08-18T08:24:11Z" user="s0nik" uid="336137" lat="45.9648940" lon="9.2489240"/>
 <node id="420808679" visible="true" version="2" changeset="24825830" timestamp="2014-08-18T08:24:11Z" user="s0nik" uid="336137" lat="45.9652520" lon="9.2488780"/>
 <node id="420808680" visible="true" version="2" changeset="24825830" timestamp="2014-08-18T08:24:11Z" user="s0nik" uid="336137" lat="45.9654290" lon="9.2489210"/>
 <node id="420808682" visible="true" version="2" changeset="24825830" timestamp="2014-08-18T08:24:11Z" user="s0nik" uid="336137" lat="45.9655980" lon="9.2490080"/>
 <node id="420808683" visible="true" version="3" changeset="62965850" timestamp="2018-09-27T05:58:29Z" user="aldoct" uid="923271" lat="45.9659151" lon="9.2492776"/>
 <node id="420808684" visible="true" version="3" changeset="62965850" timestamp="2018-09-27T05:58:29Z" user="aldoct" uid="923271" lat="45.9659820" lon="9.2493881"/>
 <node id="420808685" visible="true" version="3" changeset="62965850" timestamp="2018-09-27T05:58:29Z" user="aldoct" uid="923271" lat="45.9662231" lon="9.2498331"/>
 <node id="420808687" visible="true" version="3" changeset="62965850" timestamp="2018-09-27T05:58:29Z" user="aldoct" uid="923271" lat="45.9663116" lon="9.2502630"/>
 <node id="420808688" visible="true" version="3" changeset="62965850" timestamp="2018-09-27T05:58:29Z" user="aldoct" uid="923271" lat="45.9665706" lon="9.2507807"/>
 <node id="420808689" visible="true" version="3" changeset="62965850" timestamp="2018-09-27T05:58:29Z" user="aldoct" uid="923271" lat="45.9665227" lon="9.2508851"/>
 <node id="420808690" visible="true" version="3" changeset="62965850" timestamp="2018-09-27T05:58:29Z" user="aldoct" uid="923271" lat="45.9666457" lon="9.2511614"/>
 <node id="420808692" visible="true" version="2" changeset="24825830" timestamp="2014-08-18T08:24:12Z" user="s0nik" uid="336137" lat="45.9668080" lon="9.2512930"/>
 <node id="420808694" visible="true" version="2" changeset="24825830" timestamp="2014-08-18T08:24:12Z" user="s0nik" uid="336137" lat="45.9669780" lon="9.2513710"/>
 <node id="420808695" visible="true" version="2" changeset="24825830" timestamp="2014-08-18T08:24:12Z" user="s0nik" uid="336137" lat="45.9672220" lon="9.2515370"/>
 <node id="420808699" visible="true" version="2" changeset="24825830" timestamp="2014-08-18T08:24:12Z" user="s0nik" uid="336137" lat="45.9674330" lon="9.2515780"/>
 <node id="420808703" visible="true" version="4" changeset="67550293" timestamp="2019-02-25T14:10:55Z" user="Pedisa" uid="4780829" lat="45.9677889" lon="9.2512761"/>
 <node id="420808707" visible="true" version="3" changeset="62965850" timestamp="2018-09-27T05:58:29Z" user="aldoct" uid="923271" lat="45.9682173" lon="9.2510164"/>
 <node id="420808712" visible="true" version="3" changeset="62965850" timestamp="2018-09-27T05:58:29Z" user="aldoct" uid="923271" lat="45.9684014" lon="9.2510411"/>
 <node id="420808713" visible="true" version="2" changeset="24825830" timestamp="2014-08-18T08:24:12Z" user="s0nik" uid="336137" lat="45.9685730" lon="9.2510820"/>
 <node id="420808715" visible="true" version="2" changeset="24825830" timestamp="2014-08-18T08:24:12Z" user="s0nik" uid="336137" lat="45.9687830" lon="9.2511540"/>
 <node id="420808717" visible="true" version="2" changeset="24825830" timestamp="2014-08-18T08:24:12Z" user="s0nik" uid="336137" lat="45.9688720" lon="9.2511510"/>
 <node id="420808718" visible="true" version="3" changeset="62965850" timestamp="2018-09-27T05:58:29Z" user="aldoct" uid="923271" lat="45.9692067" lon="9.2508218"/>
 <node id="420808719" visible="true" version="3" changeset="55789207" timestamp="2018-01-26T22:57:21Z" user="gigi2037" uid="616481" lat="45.9695441" lon="9.2501789"/>
 <node id="420808720" visible="true" version="3" changeset="62965850" timestamp="2018-09-27T05:58:30Z" user="aldoct" uid="923271" lat="45.9697523" lon="9.2499946"/>
 <node id="420808721" visible="true" version="4" changeset="29374063" timestamp="2015-03-09T23:25:25Z" user="Al Bedo Zero39" uid="1181637" lat="45.9700419" lon="9.2498412"/>
 <node id="420808724" visible="true" version="4" changeset="29374063" timestamp="2015-03-09T23:25:25Z" user="Al Bedo Zero39" uid="1181637" lat="45.9710969" lon="9.2497641"/>
 <node id="420808725" visible="true" version="3" changeset="29374063" timestamp="2015-03-09T23:25:25Z" user="Al Bedo Zero39" uid="1181637" lat="45.9712755" lon="9.2497151"/>
 <node id="420808726" visible="true" version="3" changeset="29374063" timestamp="2015-03-09T23:25:25Z" user="Al Bedo Zero39" uid="1181637" lat="45.9713860" lon="9.2496474"/>
 <node id="420808727" visible="true" version="2" changeset="16916780" timestamp="2013-07-11T20:54:23Z" user="Geofreund1" uid="179581" lat="45.9714717" lon="9.2493823"/>
 <node id="420808728" visible="true" version="3" changeset="29374063" timestamp="2015-03-09T23:25:26Z" user="Al Bedo Zero39" uid="1181637" lat="45.9714236" lon="9.2489867"/>
 <node id="420808729" visible="true" version="3" changeset="29374063" timestamp="2015-03-09T23:25:26Z" user="Al Bedo Zero39" uid="1181637" lat="45.9713992" lon="9.2487293"/>
 <node id="420808730" visible="true" version="3" changeset="29374063" timestamp="2015-03-09T23:25:26Z" user="Al Bedo Zero39" uid="1181637" lat="45.9715094" lon="9.2486466"/>
 <node id="420808733" visible="true" version="2" changeset="16916780" timestamp="2013-07-11T20:54:22Z" user="Geofreund1" uid="179581" lat="45.9717078" lon="9.2487950"/>
 <node id="420808734" visible="true" version="3" changeset="29374063" timestamp="2015-03-09T23:25:26Z" user="Al Bedo Zero39" uid="1181637" lat="45.9718883" lon="9.2487895"/>
 <node id="420808736" visible="true" version="3" changeset="29374063" timestamp="2015-03-09T23:25:26Z" user="Al Bedo Zero39" uid="1181637" lat="45.9722260" lon="9.2482770"/>
 <node id="420808737" visible="true" version="3" changeset="29374063" timestamp="2015-03-09T23:25:26Z" user="Al Bedo Zero39" uid="1181637" lat="45.9724088" lon="9.2482097"/>
 <node id="420808738" visible="true" version="3" changeset="29374033" timestamp="2015-03-09T23:22:36Z" user="Al Bedo Zero39" uid="1181637" lat="45.9734193" lon="9.2483763"/>
 <node id="420808739" visible="true" version="2" changeset="67550293" timestamp="2019-02-25T14:10:55Z" user="Pedisa" uid="4780829" lat="45.9737067" lon="9.2486526"/>
 <node id="420808740" visible="true" version="2" changeset="67550293" timestamp="2019-02-25T14:10:55Z" user="Pedisa" uid="4780829" lat="45.9737143" lon="9.2487946"/>
 <node id="420808741" visible="true" version="2" changeset="67550293" timestamp="2019-02-25T14:10:55Z" user="Pedisa" uid="4780829" lat="45.9739313" lon="9.2488327"/>
 <node id="420808744" visible="true" version="2" changeset="56220674" timestamp="2018-02-09T16:15:14Z" user="PatrickOC" uid="5627327" lat="45.9740657" lon="9.2489634"/>
 <node id="420808745" visible="true" version="2" changeset="16916780" timestamp="2013-07-11T21:03:32Z" user="Geofreund1" uid="179581" lat="45.9752545" lon="9.2492183"/>
 <node id="420808746" visible="true" version="4" changeset="43399353" timestamp="2016-11-04T11:42:12Z" user="VehoMMC" uid="4512167" lat="45.9755843" lon="9.2493783"/>
 <node id="431504235" visible="true" version="5" changeset="62875362" timestamp="2018-09-24T10:37:58Z" user="aldoct" uid="923271" lat="45.8385761" lon="9.1589030"/>
 <node id="431506959" visible="true" version="6" changeset="159003620" timestamp="2024-11-11T11:08:50Z" user="kaitu" uid="69717" lat="45.8391574" lon="9.1613903">
  <tag k="description" v="2 frecce a coda rosso-bianco-rosso: &quot;&lt;- BOCCHETTA DI LEMNA PER IL SENTIERO DEI FAGGI -DORSALE-&quot;, &quot;-&gt; MONTE BOLETTONE, BOCCHETTA DI LEMNA, DORSALE PER CRESTA&quot; ."/>
  <tag k="description_2" v="3 frecce metalliche grigie con testo nero e punta rossa: &quot;&lt;- 22 CAPANNA MARA h.1.10&quot;, &quot;&lt;- 22 RIFUGIO RIELLA h.1.50&quot;, &quot;-&gt; 1 RIFUGIO BOLETTONE h.0.40&quot;; 1 segnavia direzionale a bandiera rosso-bianco-rosso con &quot;1&quot; nero e punta nera"/>
  <tag k="information" v="guidepost"/>
  <tag k="material" v="metal"/>
  <tag k="operator" v="Comunità Montana Triangolo Lariano"/>
  <tag k="support" v="pole"/>
  <tag k="tourism" v="information"/>
  <tag k="wikimedia_commons" v="Category:Guidepost 200m east of Bocchetta di Molina"/>
 </node>
 <node id="431632844" visible="true" version="4" changeset="61059458" timestamp="2018-07-25T14:55:17Z" user="Angelo Giuseppe" uid="5848218" lat="45.8258856" lon="9.1026628"/>
 <node id="431632854" visible="true" version="3" changeset="37379253" timestamp="2016-02-22T23:42:14Z" user="kaitu" uid="69717" lat="45.8279397" lon="9.1135059"/>
 <node id="431632857" visible="true" version="3" changeset="184350430" timestamp="2026-06-20T12:03:40Z" user="Aaaa002" uid="20434376" lat="45.8383450" lon="9.1564434"/>
 <node id="431632860" visible="true" version="1" changeset="1702720" timestamp="2009-07-01T18:25:09Z" user="kaitu" uid="69717" lat="45.8310029" lon="9.1193928"/>
 <node id="431632861" visible="true" version="2" changeset="10823296" timestamp="2012-02-28T22:04:45Z" user="kaitu" uid="69717" lat="45.8370285" lon="9.1482718"/>
 <node id="431632893" visible="true" version="2" changeset="37400221" timestamp="2016-02-23T22:04:23Z" user="kaitu" uid="69717" lat="45.8331567" lon="9.1244325"/>
 <node id="431632902" visible="true" version="2" changeset="37400221" timestamp="2016-02-23T22:04:23Z" user="kaitu" uid="69717" lat="45.8338728" lon="9.1254385"/>
 <node id="431632919" visible="true" version="2" changeset="10823296" timestamp="2012-02-28T22:04:45Z" user="kaitu" uid="69717" lat="45.8346888" lon="9.1423024"/>
 <node id="431632930" visible="true" version="1" changeset="1702720" timestamp="2009-07-01T18:25:11Z" user="kaitu" uid="69717" lat="45.8367887" lon="9.1474153"/>
 <node id="431632932" visible="true" version="2" changeset="10823296" timestamp="2012-02-28T22:04:45Z" user="kaitu" uid="69717" lat="45.8351511" lon="9.1429573"/>
 <node id="431632936" visible="true" version="3" changeset="62886935" timestamp="2018-09-24T16:35:46Z" user="aldoct" uid="923271" lat="45.8348537" lon="9.1338882"/>
 <node id="431632942" visible="true" version="6" changeset="184350430" timestamp="2026-06-20T12:03:40Z" user="Aaaa002" uid="20434376" lat="45.8375732" lon="9.1503453"/>
 <node id="431632946" visible="true" version="3" changeset="10823296" timestamp="2012-02-28T22:04:45Z" user="kaitu" uid="69717" lat="45.8379370" lon="9.1519457"/>
 <node id="431632957" visible="true" version="2" changeset="61083696" timestamp="2018-07-26T10:19:54Z" user="Angelo Giuseppe" uid="5848218" lat="45.8330185" lon="9.1241141"/>
 <node id="431632960" visible="true" version="2" changeset="37379253" timestamp="2016-02-22T23:42:14Z" user="kaitu" uid="69717" lat="45.8266067" lon="9.1137834"/>
 <node id="431632962" visible="true" version="2" changeset="37400221" timestamp="2016-02-23T22:04:23Z" user="kaitu" uid="69717" lat="45.8336398" lon="9.1251892"/>
 <node id="431632966" visible="true" version="4" changeset="184350430" timestamp="2026-06-20T12:03:40Z" user="Aaaa002" uid="20434376" lat="45.8383339" lon="9.1569643"/>
 <node id="431632968" visible="true" version="5" changeset="92839665" timestamp="2020-10-21T14:31:01Z" user="kaitu" uid="69717" lat="45.8217317" lon="9.0965167"/>
 <node id="431632973" visible="true" version="1" changeset="1702720" timestamp="2009-07-01T18:25:12Z" user="kaitu" uid="69717" lat="45.8353478" lon="9.1446173"/>
 <node id="431633005" visible="true" version="2" changeset="61083696" timestamp="2018-07-26T10:19:54Z" user="Angelo Giuseppe" uid="5848218" lat="45.8261611" lon="9.1135321"/>
 <node id="431633017" visible="true" version="2" changeset="57686823" timestamp="2018-03-31T12:15:38Z" user="RudiXXL" uid="119281" lat="45.8296481" lon="9.1180057"/>
 <node id="431633033" visible="true" version="2" changeset="37472529" timestamp="2016-02-26T22:06:14Z" user="kaitu" uid="69717" lat="45.8345851" lon="9.1331217"/>
 <node id="431633045" visible="true" version="4" changeset="184350430" timestamp="2026-06-20T12:03:40Z" user="Aaaa002" uid="20434376" lat="45.8378863" lon="9.1530041"/>
 <node id="431633053" visible="true" version="3" changeset="61083696" timestamp="2018-07-26T10:19:54Z" user="Angelo Giuseppe" uid="5848218" lat="45.8353631" lon="9.1306577"/>
 <node id="431633055" visible="true" version="2" changeset="19298419" timestamp="2013-12-05T23:29:46Z" user="jeroenrozema74" uid="183483" lat="45.8300529" lon="9.1183012"/>
 <node id="431633059" visible="true" version="1" changeset="1702720" timestamp="2009-07-01T18:25:14Z" user="kaitu" uid="69717" lat="45.8306169" lon="9.1184505"/>
 <node id="431633065" visible="true" version="2" changeset="37472529" timestamp="2016-02-26T22:06:14Z" user="kaitu" uid="69717" lat="45.8346755" lon="9.1333913"/>
 <node id="431633067" visible="true" version="4" changeset="184350430" timestamp="2026-06-20T12:03:40Z" user="Aaaa002" uid="20434376" lat="45.8374028" lon="9.1499401"/>
 <node id="431633069" visible="true" version="1" changeset="1702720" timestamp="2009-07-01T18:25:14Z" user="kaitu" uid="69717" lat="45.8352417" lon="9.1430912"/>
 <node id="431633075" visible="true" version="4" changeset="62886935" timestamp="2018-09-24T16:35:46Z" user="aldoct" uid="923271" lat="45.8351634" lon="9.1319205"/>
 <node id="431633077" visible="true" version="1" changeset="1702720" timestamp="2009-07-01T18:25:14Z" user="kaitu" uid="69717" lat="45.8352949" lon="9.1287455"/>
 <node id="431633083" visible="true" version="2" changeset="61083696" timestamp="2018-07-26T10:19:55Z" user="Angelo Giuseppe" uid="5848218" lat="45.8259182" lon="9.1132843"/>
 <node id="431633093" visible="true" version="3" changeset="61083696" timestamp="2018-07-26T10:19:55Z" user="Angelo Giuseppe" uid="5848218" lat="45.8353168" lon="9.1302195"/>
 <node id="431633097" visible="true" version="3" changeset="37472529" timestamp="2016-02-26T22:06:14Z" user="kaitu" uid="69717" lat="45.8345332" lon="9.1327903"/>
 <node id="431633112" visible="true" version="3" changeset="184350430" timestamp="2026-06-20T12:03:40Z" user="Aaaa002" uid="20434376" lat="45.8376878" lon="9.1505453"/>
 <node id="431633115" visible="true" version="4" changeset="61059458" timestamp="2018-07-25T14:55:17Z" user="Angelo Giuseppe" uid="5848218" lat="45.8213744" lon="9.0964186"/>
 <node id="431633129" visible="true" version="1" changeset="1702720" timestamp="2009-07-01T18:25:16Z" user="kaitu" uid="69717" lat="45.8283252" lon="9.1150772"/>
 <node id="431633131" visible="true" version="3" changeset="62886935" timestamp="2018-09-24T16:35:46Z" user="aldoct" uid="923271" lat="45.8334516" lon="9.1249862"/>
 <node id="431633143" visible="true" version="2" changeset="37400221" timestamp="2016-02-23T22:04:23Z" user="kaitu" uid="69717" lat="45.8348422" lon="9.1324149"/>
 <node id="431633147" visible="true" version="2" changeset="10823296" timestamp="2012-02-28T22:04:46Z" user="kaitu" uid="69717" lat="45.8352181" lon="9.1437929"/>
 <node id="431633160" visible="true" version="3" changeset="184350430" timestamp="2026-06-20T12:03:40Z" user="Aaaa002" uid="20434376" lat="45.8379274" lon="9.1544787"/>
 <node id="431633166" visible="true" version="3" changeset="16055156" timestamp="2013-05-09T20:55:06Z" user="kaitu" uid="69717" lat="45.8336498" lon="9.1390982"/>
 <node id="431633168" visible="true" version="2" changeset="62886935" timestamp="2018-09-24T16:35:46Z" user="aldoct" uid="923271" lat="45.8255406" lon="9.1128865"/>
 <node id="431633225" visible="true" version="1" changeset="1702720" timestamp="2009-07-01T18:25:18Z" user="kaitu" uid="69717" lat="45.8352912" lon="9.1280003"/>
 <node id="431633228" visible="true" version="2" changeset="10823296" timestamp="2012-02-28T22:04:46Z" user="kaitu" uid="69717" lat="45.8344717" lon="9.1417700"/>
 <node id="431633235" visible="true" version="1" changeset="1702720" timestamp="2009-07-01T18:25:18Z" user="kaitu" uid="69717" lat="45.8340608" lon="9.1409877"/>
 <node id="431633236" visible="true" version="4" changeset="184350430" timestamp="2026-06-20T12:03:40Z" user="Aaaa002" uid="20434376" lat="45.8379637" lon="9.1523743"/>
 <node id="431633242" visible="true" version="2" changeset="61083696" timestamp="2018-07-26T10:19:55Z" user="Angelo Giuseppe" uid="5848218" lat="45.8353130" lon="9.1314753"/>
 <node id="431633246" visible="true" version="3" changeset="184350430" timestamp="2026-06-20T12:03:40Z" user="Aaaa002" uid="20434376" lat="45.8383547" lon="9.1567425"/>
 <node id="431633251" visible="true" version="1" changeset="1702720" timestamp="2009-07-01T18:25:19Z" user="kaitu" uid="69717" lat="45.8367093" lon="9.1462063"/>
 <node id="431633258" visible="true" version="1" changeset="1702720" timestamp="2009-07-01T18:25:20Z" user="kaitu" uid="69717" lat="45.8358776" lon="9.1455329"/>
 <node id="431633264" visible="true" version="3" changeset="37472529" timestamp="2016-02-26T22:06:15Z" user="kaitu" uid="69717" lat="45.8348493" lon="9.1263523"/>
 <node id="431633265" visible="true" version="3" changeset="57686823" timestamp="2018-03-31T12:15:38Z" user="RudiXXL" uid="119281" lat="45.8314440" lon="9.1205277"/>
 <node id="431633272" visible="true" version="2" changeset="37379253" timestamp="2016-02-22T23:42:14Z" user="kaitu" uid="69717" lat="45.8291010" lon="9.1172288"/>
 <node id="431633275" visible="true" version="3" changeset="92759536" timestamp="2020-10-20T10:10:53Z" user="kaitu" uid="69717" lat="45.8243421" lon="9.0979327">
  <tag k="crossing" v="unmarked"/>
  <tag k="highway" v="crossing"/>
 </node>
 <node id="431633280" visible="true" version="2" changeset="37400221" timestamp="2016-02-23T22:04:23Z" user="kaitu" uid="69717" lat="45.8325622" lon="9.1233175"/>
 <node id="431633281" visible="true" version="2" changeset="16055156" timestamp="2013-05-09T20:55:06Z" user="kaitu" uid="69717" lat="45.8336808" lon="9.1390070"/>
 <node id="431633283" visible="true" version="1" changeset="1702720" timestamp="2009-07-01T18:25:20Z" user="kaitu" uid="69717" lat="45.8352953" lon="9.1283415"/>
 <node id="431633285" visible="true" version="2" changeset="10823296" timestamp="2012-02-28T22:04:46Z" user="kaitu" uid="69717" lat="45.8345521" lon="9.1420568"/>
 <node id="431633288" visible="true" version="3" changeset="62886935" timestamp="2018-09-24T16:35:46Z" user="aldoct" uid="923271" lat="45.8319007" lon="9.1221422"/>
 <node id="431633305" visible="true" version="3" changeset="37532234" timestamp="2016-02-29T22:16:27Z" user="kaitu" uid="69717" lat="45.8277375" lon="9.1134242"/>
 <node id="431633313" visible="true" version="2" changeset="10823296" timestamp="2012-02-28T22:04:46Z" user="kaitu" uid="69717" lat="45.8380759" lon="9.1553778"/>
 <node id="431633315" visible="true" version="2" changeset="10823296" timestamp="2012-02-28T22:04:46Z" user="kaitu" uid="69717" lat="45.8372082" lon="9.1486667"/>
 <node id="431633317" visible="true" version="3" changeset="62886935" timestamp="2018-09-24T16:35:47Z" user="aldoct" uid="923271" lat="45.8270069" lon="9.1138008"/>
 <node id="431633331" visible="true" version="3" changeset="61083696" timestamp="2018-07-26T10:19:55Z" user="Angelo Giuseppe" uid="5848218" lat="45.8288998" lon="9.1167966"/>
 <node id="431633340" visible="true" version="1" changeset="1702720" timestamp="2009-07-01T18:25:22Z" user="kaitu" uid="69717" lat="45.8378655" lon="9.1532965"/>
 <node id="431633350" visible="true" version="2" changeset="61083696" timestamp="2018-07-26T10:19:55Z" user="Angelo Giuseppe" uid="5848218" lat="45.8352807" lon="9.1316421"/>
 <node id="431633369" visible="true" version="3" changeset="62886935" timestamp="2018-09-24T16:35:47Z" user="aldoct" uid="923271" lat="45.8342529" lon="9.1258622"/>
 <node id="431633376" visible="true" version="2" changeset="61083696" timestamp="2018-07-26T10:19:55Z" user="Angelo Giuseppe" uid="5848218" lat="45.8316534" lon="9.1213562"/>
 <node id="431633380" visible="true" version="2" changeset="10823296" timestamp="2012-02-28T22:04:46Z" user="kaitu" uid="69717" lat="45.8352601" lon="9.1432961"/>
 <node id="431633382" visible="true" version="4" changeset="37400221" timestamp="2016-02-23T22:04:23Z" user="kaitu" uid="69717" lat="45.8337809" lon="9.1403102"/>
 <node id="431633398" visible="true" version="3" changeset="159341369" timestamp="2024-11-19T20:33:53Z" user="Paolo pn" uid="2370220" lat="45.8351576" lon="9.1272718"/>
 <node id="431633430" visible="true" version="2" changeset="10823296" timestamp="2012-02-28T22:04:46Z" user="kaitu" uid="69717" lat="45.8352188" lon="9.1435633"/>
 <node id="431633441" visible="true" version="2" changeset="10823296" timestamp="2012-02-28T22:04:47Z" user="kaitu" uid="69717" lat="45.8379959" lon="9.1551472"/>
 <node id="431633446" visible="true" version="1" changeset="1702720" timestamp="2009-07-01T18:25:24Z" user="kaitu" uid="69717" lat="45.8312408" lon="9.1200017"/>
 <node id="431633449" visible="true" version="4" changeset="184350430" timestamp="2026-06-20T12:03:40Z" user="Aaaa002" uid="20434376" lat="45.8379323" lon="9.1536461"/>
 <node id="431633453" visible="true" version="5" changeset="184350430" timestamp="2026-06-20T12:03:40Z" user="Aaaa002" uid="20434376" lat="45.8379338" lon="9.1526754"/>
 <node id="431633463" visible="true" version="2" changeset="19306096" timestamp="2013-12-06T13:26:19Z" user="jeroenrozema74" uid="183483" lat="45.8303444" lon="9.1183480"/>
 <node id="431633486" visible="true" version="3" changeset="62886935" timestamp="2018-09-24T16:35:47Z" user="aldoct" uid="923271" lat="45.8333022" lon="9.1247537"/>
 <node id="431633497" visible="true" version="2" changeset="61083696" timestamp="2018-07-26T10:19:55Z" user="Angelo Giuseppe" uid="5848218" lat="45.8351952" lon="9.1296032"/>
 <node id="431633529" visible="true" version="3" changeset="92759536" timestamp="2020-10-20T10:10:53Z" user="kaitu" uid="69717" lat="45.8259398" lon="9.1031070"/>
 <node id="431633533" visible="true" version="3" changeset="62886935" timestamp="2018-09-24T16:35:47Z" user="aldoct" uid="923271" lat="45.8318043" lon="9.1218792"/>
 <node id="431633571" visible="true" version="2" changeset="37400221" timestamp="2016-02-23T22:04:23Z" user="kaitu" uid="69717" lat="45.8348298" lon="9.1262848"/>
 <node id="431633577" visible="true" version="2" changeset="10823296" timestamp="2012-02-28T22:04:47Z" user="kaitu" uid="69717" lat="45.8364636" lon="9.1458567"/>
 <node id="431633598" visible="true" version="2" changeset="10823296" timestamp="2012-02-28T22:04:47Z" user="kaitu" uid="69717" lat="45.8355595" lon="9.1448813"/>
 <node id="431633628" visible="true" version="2" changeset="37400221" timestamp="2016-02-23T22:04:23Z" user="kaitu" uid="69717" lat="45.8323434" lon="9.1229526"/>
 <node id="431633630" visible="true" version="2" changeset="37400221" timestamp="2016-02-23T22:04:23Z" user="kaitu" uid="69717" lat="45.8340485" lon="9.1256578"/>
 <node id="431633636" visible="true" version="2" changeset="37400221" timestamp="2016-02-23T22:04:23Z" user="kaitu" uid="69717" lat="45.8347589" lon="9.1261827"/>
 <node id="431633670" visible="true" version="1" changeset="1702720" timestamp="2009-07-01T18:25:29Z" user="kaitu" uid="69717" lat="45.8368214" lon="9.1465543"/>
 <node id="431633671" visible="true" version="2" changeset="9972787" timestamp="2011-11-27T22:22:16Z" user="kaitu" uid="69717" lat="45.8372543" lon="9.1491051"/>
 <node id="431633672" visible="true" version="3" changeset="62886935" timestamp="2018-09-24T16:35:47Z" user="aldoct" uid="923271" lat="45.8336627" lon="9.1394853"/>
 <node id="431633673" visible="true" version="2" changeset="10823296" timestamp="2012-02-28T22:04:47Z" user="kaitu" uid="69717" lat="45.8371131" lon="9.1484701"/>
 <node id="431633679" visible="true" version="1" changeset="1702720" timestamp="2009-07-01T18:25:30Z" user="kaitu" uid="69717" lat="45.8320841" lon="9.1225239"/>
 <node id="431633686" visible="true" version="2" changeset="10823296" timestamp="2012-02-28T22:04:47Z" user="kaitu" uid="69717" lat="45.8349992" lon="9.1427777"/>
 <node id="431633689" visible="true" version="1" changeset="1702720" timestamp="2009-07-01T18:25:30Z" user="kaitu" uid="69717" lat="45.8285227" lon="9.1155508"/>
 <node id="431633691" visible="true" version="4" changeset="62886935" timestamp="2018-09-24T16:35:47Z" user="aldoct" uid="923271" lat="45.8252794" lon="9.1122707"/>
 <node id="431633711" visible="true" version="1" changeset="1702720" timestamp="2009-07-01T18:25:31Z" user="kaitu" uid="69717" lat="45.8368737" lon="9.1478308"/>
 <node id="431633719" visible="true" version="2" changeset="61083696" timestamp="2018-07-26T10:19:55Z" user="Angelo Giuseppe" uid="5848218" lat="45.8352182" lon="9.1292905"/>
 <node id="431633720" visible="true" version="2" changeset="184350430" timestamp="2026-06-20T12:03:40Z" user="Aaaa002" uid="20434376" lat="45.8378736" lon="9.1541613"/>
 <node id="431633722" visible="true" version="2" changeset="37400221" timestamp="2016-02-23T22:04:23Z" user="kaitu" uid="69717" lat="45.8344849" lon="9.1260198"/>
 <node id="431633733" visible="true" version="4" changeset="37472529" timestamp="2016-02-26T22:06:15Z" user="kaitu" uid="69717" lat="45.8372221" lon="9.1494386"/>
 <node id="431633737" visible="true" version="3" changeset="62886935" timestamp="2018-09-24T16:35:47Z" user="aldoct" uid="923271" lat="45.8348191" lon="9.1337352"/>
 <node id="431633739" visible="true" version="1" changeset="1702720" timestamp="2009-07-01T18:25:31Z" user="kaitu" uid="69717" lat="45.8306753" lon="9.1185375"/>
 <node id="431633758" visible="true" version="1" changeset="1702720" timestamp="2009-07-01T18:25:32Z" user="kaitu" uid="69717" lat="45.8362238" lon="9.1457946"/>
 <node id="431633763" visible="true" version="1" changeset="1702720" timestamp="2009-07-01T18:25:32Z" user="kaitu" uid="69717" lat="45.8357025" lon="9.1452540"/>
 <node id="431633769" visible="true" version="3" changeset="61083696" timestamp="2018-07-26T10:19:55Z" user="Angelo Giuseppe" uid="5848218" lat="45.8350128" lon="9.1321771"/>
 <node id="431633779" visible="true" version="1" changeset="1702720" timestamp="2009-07-01T18:25:32Z" user="kaitu" uid="69717" lat="45.8343617" lon="9.1414568"/>
 <node id="431633789" visible="true" version="2" changeset="19298419" timestamp="2013-12-05T23:29:46Z" user="jeroenrozema74" uid="183483" lat="45.8282433" lon="9.1148295"/>
 <node id="431633792" visible="true" version="4" changeset="61083696" timestamp="2018-07-26T10:19:55Z" user="Angelo Giuseppe" uid="5848218" lat="45.8382341" lon="9.1558970"/>
 <node id="431633794" visible="true" version="3" changeset="37532234" timestamp="2016-02-29T22:16:27Z" user="kaitu" uid="69717" lat="45.8273003" lon="9.1136813"/>
 <node id="431633797" visible="true" version="1" changeset="1702720" timestamp="2009-07-01T18:25:33Z" user="kaitu" uid="69717" lat="45.8348374" lon="9.1425622"/>
 <node id="431633807" visible="true" version="4" changeset="184350430" timestamp="2026-06-20T12:03:40Z" user="Aaaa002" uid="20434376" lat="45.8379169" lon="9.1539169"/>
 <node id="431633808" visible="true" version="3" changeset="37400221" timestamp="2016-02-23T22:04:23Z" user="kaitu" uid="69717" lat="45.8338518" lon="9.1405195"/>
 <node id="431633827" visible="true" version="4" changeset="184350430" timestamp="2026-06-20T12:03:40Z" user="Aaaa002" uid="20434376" lat="45.8379556" lon="9.1514951"/>
 <node id="431633829" visible="true" version="2" changeset="37379253" timestamp="2016-02-22T23:42:14Z" user="kaitu" uid="69717" lat="45.8292685" lon="9.1175235"/>
 <node id="431633831" visible="true" version="2" changeset="16055156" timestamp="2013-05-09T20:55:07Z" user="kaitu" uid="69717" lat="45.8338123" lon="9.1387849"/>
 <node id="431633833" visible="true" version="3" changeset="37472529" timestamp="2016-02-26T22:06:15Z" user="kaitu" uid="69717" lat="45.8372501" lon="9.1492255"/>
 <node id="431633837" visible="true" version="1" changeset="1702720" timestamp="2009-07-01T18:25:34Z" user="kaitu" uid="69717" lat="45.8368254" lon="9.1468891"/>
 <node id="431633840" visible="true" version="2" changeset="37400221" timestamp="2016-02-23T22:04:23Z" user="kaitu" uid="69717" lat="45.8347150" lon="9.1325877"/>
 <node id="431633844" visible="true" version="4" changeset="184350430" timestamp="2026-06-20T12:03:40Z" user="Aaaa002" uid="20434376" lat="45.8384631" lon="9.1574998"/>
 <node id="431633863" visible="true" version="3" changeset="10823296" timestamp="2012-02-28T22:04:48Z" user="kaitu" uid="69717" lat="45.8378925" lon="9.1511732"/>
 <node id="431633869" visible="true" version="2" changeset="13025651" timestamp="2012-09-07T17:33:47Z" user="MarMan" uid="865194" lat="45.8214892" lon="9.0963545"/>
 <node id="431633873" visible="true" version="2" changeset="61083696" timestamp="2018-07-26T10:19:55Z" user="Angelo Giuseppe" uid="5848218" lat="45.8286943" lon="9.1159861"/>
 <node id="431633885" visible="true" version="1" changeset="1702720" timestamp="2009-07-01T18:25:35Z" user="kaitu" uid="69717" lat="45.8359900" lon="9.1456539"/>
 <node id="431633894" visible="true" version="2" changeset="10823296" timestamp="2012-02-28T22:04:48Z" user="kaitu" uid="69717" lat="45.8351876" lon="9.1441290"/>
 <node id="431633928" visible="true" version="6" changeset="62886935" timestamp="2018-09-24T16:35:47Z" user="aldoct" uid="923271" lat="45.8336865" lon="9.1399258"/>
 <node id="431633930" visible="true" version="3" changeset="184350430" timestamp="2026-06-20T12:03:40Z" user="Aaaa002" uid="20434376" lat="45.8378374" lon="9.1509092"/>
 <node id="431633938" visible="true" version="2" changeset="37472529" timestamp="2016-02-26T22:06:15Z" user="kaitu" uid="69717" lat="45.8345175" lon="9.1328764"/>
 <node id="431633952" visible="true" version="2" changeset="37472529" timestamp="2016-02-26T22:06:15Z" user="kaitu" uid="69717" lat="45.8368396" lon="9.1471369"/>
 <node id="431633962" visible="true" version="1" changeset="1702720" timestamp="2009-07-01T18:25:36Z" user="kaitu" uid="69717" lat="45.8342360" lon="9.1412312"/>
 <node id="431633964" visible="true" version="2" changeset="61083696" timestamp="2018-07-26T10:19:55Z" user="Angelo Giuseppe" uid="5848218" lat="45.8352231" lon="9.1298430"/>
 <node id="431633984" visible="true" version="3" changeset="61059458" timestamp="2018-07-25T14:55:17Z" user="Angelo Giuseppe" uid="5848218" lat="45.8211035" lon="9.0963216"/>
 <node id="431633986" visible="true" version="2" changeset="37400221" timestamp="2016-02-23T22:04:23Z" user="kaitu" uid="69717" lat="45.8327981" lon="9.1236986"/>
 <node id="431633994" visible="true" version="3" changeset="62886935" timestamp="2018-09-24T16:35:47Z" user="aldoct" uid="923271" lat="45.8347063" lon="9.1261400"/>
 <node id="431633996" visible="true" version="2" changeset="61083696" timestamp="2018-07-26T10:19:55Z" user="Angelo Giuseppe" uid="5848218" lat="45.8353577" lon="9.1311401"/>
 <node id="431634018" visible="true" version="4" changeset="145028104" timestamp="2023-12-12T08:55:43Z" user="airon90" uid="89897" lat="45.8201831" lon="9.0956834"/>
 <node id="441984222" visible="true" version="3" changeset="57206822" timestamp="2018-03-15T10:57:30Z" user="kaitu" uid="69717" lat="45.8828116" lon="9.2295147"/>
 <node id="441984223" visible="true" version="1" changeset="1832057" timestamp="2009-07-15T00:17:35Z" user="Luca Brivio" uid="9321" lat="45.8827920" lon="9.2294435"/>
 <node id="441984224" visible="true" version="3" changeset="57206822" timestamp="2018-03-15T10:57:30Z" user="kaitu" uid="69717" lat="45.8827771" lon="9.2293065"/>
 <node id="441984225" visible="true" version="2" changeset="57206822" timestamp="2018-03-15T10:57:30Z" user="kaitu" uid="69717" lat="45.8827936" lon="9.2292079"/>
 <node id="441984226" visible="true" version="3" changeset="57206822" timestamp="2018-03-15T10:57:30Z" user="kaitu" uid="69717" lat="45.8828308" lon="9.2291544"/>
 <node id="441984227" visible="true" version="10" changeset="159428303" timestamp="2024-11-21T18:14:58Z" user="kaitu" uid="69717" lat="45.8829576" lon="9.2290100">
  <tag k="crossing" v="unmarked"/>
  <tag k="ele" v="1121"/>
  <tag k="highway" v="crossing"/>
  <tag k="mountain_pass" v="yes"/>
  <tag k="name" v="Colma di Sormano"/>
  <tag k="natural" v="saddle"/>
  <tag k="old_name" v="Colma del Piano"/>
  <tag k="wikidata" v="Q33165121"/>
  <tag k="wikimedia_commons" v="Category:Colma di Sormano"/>
 </node>
 <node id="446179956" visible="true" version="3" changeset="57206822" timestamp="2018-03-15T10:57:31Z" user="kaitu" uid="69717" lat="45.8828746" lon="9.2290955"/>
 <node id="450804148" visible="true" version="7" changeset="164029466" timestamp="2025-03-24T12:16:29Z" user="Sakhalinio" uid="11258178" lat="45.9141659" lon="9.2361763">
  <tag k="alt_name" v="Passo di Terrabiotta"/>
  <tag k="ele" v="1435"/>
  <tag k="mountain_pass" v="yes"/>
  <tag k="name" v="Bocchetta di Terrabiotta"/>
  <tag k="natural" v="saddle"/>
  <tag k="wikidata" v="Q132734405"/>
 </node>
 <node id="450804182" visible="true" version="2" changeset="27270457" timestamp="2014-12-05T18:36:32Z" user="kaitu" uid="69717" lat="45.9143107" lon="9.2388582"/>
 <node id="450804184" visible="true" version="2" changeset="27270457" timestamp="2014-12-05T18:36:32Z" user="kaitu" uid="69717" lat="45.9142737" lon="9.2389732"/>
 <node id="450804188" visible="true" version="2" changeset="27270457" timestamp="2014-12-05T18:36:32Z" user="kaitu" uid="69717" lat="45.9139960" lon="9.2394389"/>
 <node id="450804189" visible="true" version="2" changeset="27270457" timestamp="2014-12-05T18:36:32Z" user="kaitu" uid="69717" lat="45.9138016" lon="9.2396150"/>
 <node id="450804193" visible="true" version="2" changeset="27270457" timestamp="2014-12-05T18:36:32Z" user="kaitu" uid="69717" lat="45.9133489" lon="9.2399691"/>
 <node id="450804200" visible="true" version="1" changeset="1976969" timestamp="2009-07-29T16:57:44Z" user="Joerg Fischer" uid="7186" lat="45.9130900" lon="9.2402700"/>
 <node id="450804202" visible="true" version="2" changeset="27270457" timestamp="2014-12-05T18:36:32Z" user="kaitu" uid="69717" lat="45.9128845" lon="9.2404433"/>
 <node id="450804207" visible="true" version="2" changeset="27270457" timestamp="2014-12-05T18:36:32Z" user="kaitu" uid="69717" lat="45.9123851" lon="9.2407744"/>
 <node id="450804208" visible="true" version="3" changeset="169500483" timestamp="2025-07-26T11:20:32Z" user="user_8722718" uid="8722718" lat="45.9123310" lon="9.2408011"/>
 <node id="450804209" visible="true" version="3" changeset="169500483" timestamp="2025-07-26T11:20:32Z" user="user_8722718" uid="8722718" lat="45.9121631" lon="9.2407928"/>
 <node id="450804210" visible="true" version="3" changeset="169500483" timestamp="2025-07-26T11:20:32Z" user="user_8722718" uid="8722718" lat="45.9120663" lon="9.2407288"/>
 <node id="450804212" visible="true" version="2" changeset="27270457" timestamp="2014-12-05T18:36:33Z" user="kaitu" uid="69717" lat="45.9119221" lon="9.2405594"/>
 <node id="450804214" visible="true" version="2" changeset="27270457" timestamp="2014-12-05T18:36:33Z" user="kaitu" uid="69717" lat="45.9118160" lon="9.2404718"/>
 <node id="450804215" visible="true" version="2" changeset="27270457" timestamp="2014-12-05T18:36:33Z" user="kaitu" uid="69717" lat="45.9116836" lon="9.2404328"/>
 <node id="450804216" visible="true" version="1" changeset="1976969" timestamp="2009-07-29T16:57:45Z" user="Joerg Fischer" uid="7186" lat="45.9115520" lon="9.2405200"/>
 <node id="450804218" visible="true" version="3" changeset="48407879" timestamp="2017-05-04T22:23:31Z" user="kaitu" uid="69717" lat="45.9114093" lon="9.2406881"/>
 <node id="450804220" visible="true" version="3" changeset="48407879" timestamp="2017-05-04T22:23:31Z" user="kaitu" uid="69717" lat="45.9112809" lon="9.2408844"/>
 <node id="450804223" visible="true" version="3" changeset="48407879" timestamp="2017-05-04T22:23:31Z" user="kaitu" uid="69717" lat="45.9111328" lon="9.2412498"/>
 <node id="450804225" visible="true" version="3" changeset="48407879" timestamp="2017-05-04T22:23:31Z" user="kaitu" uid="69717" lat="45.9110460" lon="9.2414902"/>
 <node id="450804226" visible="true" version="3" changeset="48407879" timestamp="2017-05-04T22:23:31Z" user="kaitu" uid="69717" lat="45.9109519" lon="9.2417435"/>
 <node id="450804228" visible="true" version="3" changeset="48407879" timestamp="2017-05-04T22:23:31Z" user="kaitu" uid="69717" lat="45.9109034" lon="9.2419574"/>
 <node id="450804230" visible="true" version="3" changeset="48407879" timestamp="2017-05-04T22:23:31Z" user="kaitu" uid="69717" lat="45.9108760" lon="9.2420190"/>
 <node id="450804232" visible="true" version="2" changeset="48407879" timestamp="2017-05-04T22:23:31Z" user="kaitu" uid="69717" lat="45.9108489" lon="9.2420209"/>
 <node id="450804235" visible="true" version="2" changeset="27143273" timestamp="2014-11-30T22:42:03Z" user="kaitu" uid="69717" lat="45.9108707" lon="9.2417304"/>
 <node id="450804237" visible="true" version="2" changeset="27143273" timestamp="2014-11-30T22:42:03Z" user="kaitu" uid="69717" lat="45.9108831" lon="9.2414792"/>
 <node id="450804239" visible="true" version="2" changeset="27143273" timestamp="2014-11-30T22:42:03Z" user="kaitu" uid="69717" lat="45.9108957" lon="9.2412028"/>
 <node id="450804241" visible="true" version="2" changeset="48407879" timestamp="2017-05-04T22:23:31Z" user="kaitu" uid="69717" lat="45.9109043" lon="9.2409862"/>
 <node id="450804243" visible="true" version="2" changeset="15393180" timestamp="2013-03-17T09:43:22Z" user="Rove" uid="1088303" lat="45.9108751" lon="9.2405068"/>
 <node id="450804244" visible="true" version="2" changeset="15393180" timestamp="2013-03-17T09:43:22Z" user="Rove" uid="1088303" lat="45.9108679" lon="9.2403156"/>
 <node id="450804246" visible="true" version="2" changeset="15393180" timestamp="2013-03-17T09:43:22Z" user="Rove" uid="1088303" lat="45.9108917" lon="9.2399943"/>
 <node id="450804247" visible="true" version="2" changeset="62943115" timestamp="2018-09-26T11:12:43Z" user="aldoct" uid="923271" lat="45.9110127" lon="9.2396953"/>
 <node id="450804248" visible="true" version="1" changeset="1976969" timestamp="2009-07-29T16:57:46Z" user="Joerg Fischer" uid="7186" lat="45.9110110" lon="9.2396060"/>
 <node id="450804249" visible="true" version="2" changeset="62943115" timestamp="2018-09-26T11:12:43Z" user="aldoct" uid="923271" lat="45.9109603" lon="9.2396052"/>
 <node id="450804250" visible="true" version="3" changeset="62943115" timestamp="2018-09-26T11:12:43Z" user="aldoct" uid="923271" lat="45.9109028" lon="9.2396400"/>
 <node id="450804251" visible="true" version="3" changeset="62943115" timestamp="2018-09-26T11:12:43Z" user="aldoct" uid="923271" lat="45.9108333" lon="9.2397634"/>
 <node id="450804252" visible="true" version="2" changeset="15393180" timestamp="2013-03-17T09:43:22Z" user="Rove" uid="1088303" lat="45.9107652" lon="9.2398580"/>
 <node id="450804253" visible="true" version="2" changeset="15393180" timestamp="2013-03-17T09:43:22Z" user="Rove" uid="1088303" lat="45.9106683" lon="9.2400617"/>
 <node id="450804254" visible="true" version="2" changeset="15393180" timestamp="2013-03-17T09:43:22Z" user="Rove" uid="1088303" lat="45.9105281" lon="9.2403883"/>
 <node id="450804255" visible="true" version="2" changeset="15393180" timestamp="2013-03-17T09:43:22Z" user="Rove" uid="1088303" lat="45.9103507" lon="9.2407689"/>
 <node id="450804256" visible="true" version="2" changeset="15393180" timestamp="2013-03-17T09:43:22Z" user="Rove" uid="1088303" lat="45.9102905" lon="9.2409541"/>
 <node id="450804257" visible="true" version="2" changeset="15393180" timestamp="2013-03-17T09:43:22Z" user="Rove" uid="1088303" lat="45.9102531" lon="9.2410931"/>
 <node id="450804258" visible="true" version="2" changeset="15393180" timestamp="2013-03-17T09:43:22Z" user="Rove" uid="1088303" lat="45.9101067" lon="9.2414450"/>
 <node id="450804259" visible="true" version="2" changeset="15393180" timestamp="2013-03-17T09:43:22Z" user="Rove" uid="1088303" lat="45.9100013" lon="9.2416671"/>
 <node id="450804260" visible="true" version="3" changeset="48407879" timestamp="2017-05-04T22:23:31Z" user="kaitu" uid="69717" lat="45.9098900" lon="9.2419002"/>
 <node id="450804261" visible="true" version="2" changeset="15393180" timestamp="2013-03-17T09:43:22Z" user="Rove" uid="1088303" lat="45.9098149" lon="9.2421768"/>
 <node id="450804262" visible="true" version="2" changeset="15393180" timestamp="2013-03-17T09:43:22Z" user="Rove" uid="1088303" lat="45.9098093" lon="9.2423973"/>
 <node id="450804263" visible="true" version="2" changeset="15393180" timestamp="2013-03-17T09:43:22Z" user="Rove" uid="1088303" lat="45.9098349" lon="9.2426273"/>
 <node id="450804265" visible="true" version="2" changeset="15393180" timestamp="2013-03-17T09:43:22Z" user="Rove" uid="1088303" lat="45.9098689" lon="9.2428427"/>
 <node id="450804268" visible="true" version="2" changeset="15393180" timestamp="2013-03-17T09:43:22Z" user="Rove" uid="1088303" lat="45.9099177" lon="9.2431024"/>
 <node id="450804270" visible="true" version="2" changeset="15393180" timestamp="2013-03-17T09:43:22Z" user="Rove" uid="1088303" lat="45.9099509" lon="9.2433190"/>
 <node id="450804273" visible="true" version="4" changeset="48407879" timestamp="2017-05-04T22:23:31Z" user="kaitu" uid="69717" lat="45.9100603" lon="9.2439198">
  <tag k="access" v="yes"/>
  <tag k="barrier" v="gate"/>
  <tag k="description" v="cancelletto liberamente apribile e richiudibile, probabilmente per confinare il bestiame"/>
 </node>
 <node id="450804277" visible="true" version="3" changeset="48407879" timestamp="2017-05-04T22:23:31Z" user="kaitu" uid="69717" lat="45.9101297" lon="9.2443231"/>
 <node id="450804279" visible="true" version="3" changeset="48407879" timestamp="2017-05-04T22:23:31Z" user="kaitu" uid="69717" lat="45.9101482" lon="9.2445819"/>
 <node id="450804286" visible="true" version="3" changeset="48407879" timestamp="2017-05-04T22:23:31Z" user="kaitu" uid="69717" lat="45.9101536" lon="9.2449901"/>
 <node id="450804289" visible="true" version="3" changeset="48407879" timestamp="2017-05-04T22:23:31Z" user="kaitu" uid="69717" lat="45.9101185" lon="9.2456455"/>
 <node id="450804290" visible="true" version="3" changeset="48407879" timestamp="2017-05-04T22:23:31Z" user="kaitu" uid="69717" lat="45.9100538" lon="9.2458516"/>
 <node id="450804291" visible="true" version="4" changeset="48407879" timestamp="2017-05-04T22:23:31Z" user="kaitu" uid="69717" lat="45.9099629" lon="9.2459445"/>
 <node id="450804292" visible="true" version="2" changeset="15393180" timestamp="2013-03-17T09:43:22Z" user="Rove" uid="1088303" lat="45.9098130" lon="9.2460179"/>
 <node id="450804293" visible="true" version="3" changeset="48407879" timestamp="2017-05-04T22:23:31Z" user="kaitu" uid="69717" lat="45.9096784" lon="9.2460660"/>
 <node id="450804295" visible="true" version="4" changeset="48407879" timestamp="2017-05-04T22:23:31Z" user="kaitu" uid="69717" lat="45.9095169" lon="9.2460633"/>
 <node id="450804296" visible="true" version="5" changeset="27143273" timestamp="2014-11-30T22:42:02Z" user="kaitu" uid="69717" lat="45.9094506" lon="9.2460576">
  <tag k="ele" v="1255"/>
  <tag k="mountain_pass" v="yes"/>
  <tag k="name" v="Bocchetta di Spessola"/>
  <tag k="natural" v="saddle"/>
 </node>
 <node id="450804299" visible="true" version="2" changeset="15393180" timestamp="2013-03-17T09:43:22Z" user="Rove" uid="1088303" lat="45.9089853" lon="9.2461841"/>
 <node id="450804303" visible="true" version="2" changeset="15393180" timestamp="2013-03-17T09:43:23Z" user="Rove" uid="1088303" lat="45.9087678" lon="9.2462516"/>
 <node id="450804305" visible="true" version="3" changeset="48407879" timestamp="2017-05-04T22:23:31Z" user="kaitu" uid="69717" lat="45.9085900" lon="9.2463251"/>
 <node id="450804306" visible="true" version="2" changeset="124785149" timestamp="2022-08-11T17:05:32Z" user="maurizioa" uid="2498239" lat="45.9082404" lon="9.2463999"/>
 <node id="450804308" visible="true" version="2" changeset="124785149" timestamp="2022-08-11T17:05:32Z" user="maurizioa" uid="2498239" lat="45.9081011" lon="9.2464286"/>
 <node id="450804310" visible="true" version="3" changeset="124785149" timestamp="2022-08-11T17:05:32Z" user="maurizioa" uid="2498239" lat="45.9079635" lon="9.2464438"/>
 <node id="450804312" visible="true" version="2" changeset="27143273" timestamp="2014-11-30T22:42:03Z" user="kaitu" uid="69717" lat="45.9078030" lon="9.2465349"/>
 <node id="450804313" visible="true" version="1" changeset="1976969" timestamp="2009-07-29T16:57:49Z" user="Joerg Fischer" uid="7186" lat="45.9077490" lon="9.2465890"/>
 <node id="450804318" visible="true" version="1" changeset="1976969" timestamp="2009-07-29T16:57:49Z" user="Joerg Fischer" uid="7186" lat="45.9074900" lon="9.2466400"/>
 <node id="450804323" visible="true" version="1" changeset="1976969" timestamp="2009-07-29T16:57:50Z" user="Joerg Fischer" uid="7186" lat="45.9072300" lon="9.2466750"/>
 <node id="450804338" visible="true" version="2" changeset="48407879" timestamp="2017-05-04T22:23:31Z" user="kaitu" uid="69717" lat="45.9065930" lon="9.2468634"/>
 <node id="450804341" visible="true" version="2" changeset="48407879" timestamp="2017-05-04T22:23:31Z" user="kaitu" uid="69717" lat="45.9063819" lon="9.2469029"/>
 <node id="450804345" visible="true" version="2" changeset="48407879" timestamp="2017-05-04T22:23:31Z" user="kaitu" uid="69717" lat="45.9062015" lon="9.2467996"/>
 <node id="450804346" visible="true" version="2" changeset="48407879" timestamp="2017-05-04T22:23:31Z" user="kaitu" uid="69717" lat="45.9060710" lon="9.2468134"/>
 <node id="450804348" visible="true" version="2" changeset="48407879" timestamp="2017-05-04T22:23:31Z" user="kaitu" uid="69717" lat="45.9059300" lon="9.2468908"/>
 <node id="450804350" visible="true" version="1" changeset="1976969" timestamp="2009-07-29T16:57:50Z" user="Joerg Fischer" uid="7186" lat="45.9057270" lon="9.2470040"/>
 <node id="450804352" visible="true" version="1" changeset="1976969" timestamp="2009-07-29T16:57:50Z" user="Joerg Fischer" uid="7186" lat="45.9055600" lon="9.2470090"/>
 <node id="450804359" visible="true" version="1" changeset="1976969" timestamp="2009-07-29T16:57:50Z" user="Joerg Fischer" uid="7186" lat="45.9054300" lon="9.2468840"/>
 <node id="450804362" visible="true" version="1" changeset="1976969" timestamp="2009-07-29T16:57:50Z" user="Joerg Fischer" uid="7186" lat="45.9051740" lon="9.2466430"/>
 <node id="450804365" visible="true" version="2" changeset="27143273" timestamp="2014-11-30T22:42:04Z" user="kaitu" uid="69717" lat="45.9049760" lon="9.2465049"/>
 <node id="450804370" visible="true" version="2" changeset="27143273" timestamp="2014-11-30T22:42:04Z" user="kaitu" uid="69717" lat="45.9048056" lon="9.2465017"/>
 <node id="450804374" visible="true" version="2" changeset="27143273" timestamp="2014-11-30T22:42:04Z" user="kaitu" uid="69717" lat="45.9046949" lon="9.2465859"/>
 <node id="450804377" visible="true" version="1" changeset="1976969" timestamp="2009-07-29T16:57:51Z" user="Joerg Fischer" uid="7186" lat="45.9045370" lon="9.2467650"/>
 <node id="450804382" visible="true" version="4" changeset="48407879" timestamp="2017-05-04T22:23:31Z" user="kaitu" uid="69717" lat="45.9042795" lon="9.2468240"/>
 <node id="450804387" visible="true" version="3" changeset="48407879" timestamp="2017-05-04T22:23:31Z" user="kaitu" uid="69717" lat="45.9039499" lon="9.2469175"/>
 <node id="450804394" visible="true" version="2" changeset="48407879" timestamp="2017-05-04T22:23:31Z" user="kaitu" uid="69717" lat="45.9037895" lon="9.2470205"/>
 <node id="450804397" visible="true" version="1" changeset="1976969" timestamp="2009-07-29T16:57:51Z" user="Joerg Fischer" uid="7186" lat="45.9036560" lon="9.2472550"/>
 <node id="450804425" visible="true" version="3" changeset="48407879" timestamp="2017-05-04T22:23:31Z" user="kaitu" uid="69717" lat="45.9027231" lon="9.2481235"/>
 <node id="450804430" visible="true" version="3" changeset="48407879" timestamp="2017-05-04T22:23:31Z" user="kaitu" uid="69717" lat="45.9023607" lon="9.2482704"/>
 <node id="450804441" visible="true" version="3" changeset="48407879" timestamp="2017-05-04T22:23:31Z" user="kaitu" uid="69717" lat="45.9014758" lon="9.2485361"/>
 <node id="450804467" visible="true" version="3" changeset="48407879" timestamp="2017-05-04T22:23:31Z" user="kaitu" uid="69717" lat="45.9011197" lon="9.2482414"/>
 <node id="450804474" visible="true" version="3" changeset="48407879" timestamp="2017-05-04T22:23:31Z" user="kaitu" uid="69717" lat="45.9010171" lon="9.2479810"/>
 <node id="450804501" visible="true" version="3" changeset="62943115" timestamp="2018-09-26T11:12:43Z" user="aldoct" uid="923271" lat="45.8999661" lon="9.2460780"/>
 <node id="450804506" visible="true" version="3" changeset="62943115" timestamp="2018-09-26T11:12:43Z" user="aldoct" uid="923271" lat="45.8998158" lon="9.2458864"/>
 <node id="450804518" visible="true" version="2" changeset="48407879" timestamp="2017-05-04T22:23:31Z" user="kaitu" uid="69717" lat="45.8994413" lon="9.2456679"/>
 <node id="450804525" visible="true" version="1" changeset="1976969" timestamp="2009-07-29T16:57:53Z" user="Joerg Fischer" uid="7186" lat="45.8992230" lon="9.2453520"/>
 <node id="450804539" visible="true" version="5" changeset="124785149" timestamp="2022-08-11T17:05:32Z" user="maurizioa" uid="2498239" lat="45.8990864" lon="9.2449768">
  <tag k="ele" v="1233"/>
  <tag k="mountain_pass" v="yes"/>
  <tag k="name" v="Colma del Bosco"/>
  <tag k="natural" v="saddle"/>
 </node>
 <node id="450804543" visible="true" version="1" changeset="1976969" timestamp="2009-07-29T16:57:54Z" user="Joerg Fischer" uid="7186" lat="45.8990100" lon="9.2445840"/>
 <node id="450804546" visible="true" version="1" changeset="1976969" timestamp="2009-07-29T16:57:54Z" user="Joerg Fischer" uid="7186" lat="45.8989330" lon="9.2442880"/>
 <node id="450804553" visible="true" version="3" changeset="48407879" timestamp="2017-05-04T22:23:31Z" user="kaitu" uid="69717" lat="45.8988548" lon="9.2441171"/>
 <node id="450804567" visible="true" version="3" changeset="48407879" timestamp="2017-05-04T22:23:31Z" user="kaitu" uid="69717" lat="45.8985490" lon="9.2437564"/>
 <node id="450804575" visible="true" version="3" changeset="48407879" timestamp="2017-05-04T22:23:31Z" user="kaitu" uid="69717" lat="45.8984199" lon="9.2435212"/>
 <node id="450804579" visible="true" version="3" changeset="48407879" timestamp="2017-05-04T22:23:31Z" user="kaitu" uid="69717" lat="45.8983406" lon="9.2432948"/>
 <node id="450804618" visible="true" version="3" changeset="48407879" timestamp="2017-05-04T22:23:31Z" user="kaitu" uid="69717" lat="45.8981390" lon="9.2424124"/>
 <node id="450804624" visible="true" version="2" changeset="48407879" timestamp="2017-05-04T22:23:31Z" user="kaitu" uid="69717" lat="45.8978566" lon="9.2413031"/>
 <node id="450804636" visible="true" version="2" changeset="48407879" timestamp="2017-05-04T22:23:31Z" user="kaitu" uid="69717" lat="45.8976437" lon="9.2406455"/>
 <node id="450804642" visible="true" version="2" changeset="48407879" timestamp="2017-05-04T22:23:32Z" user="kaitu" uid="69717" lat="45.8973563" lon="9.2401141"/>
 <node id="450804652" visible="true" version="2" changeset="48407879" timestamp="2017-05-04T22:23:32Z" user="kaitu" uid="69717" lat="45.8969859" lon="9.2394769"/>
 <node id="450804658" visible="true" version="2" changeset="48407879" timestamp="2017-05-04T22:23:32Z" user="kaitu" uid="69717" lat="45.8968490" lon="9.2391673"/>
 <node id="450804662" visible="true" version="2" changeset="48407879" timestamp="2017-05-04T22:23:32Z" user="kaitu" uid="69717" lat="45.8967637" lon="9.2388050"/>
 <node id="450804684" visible="true" version="3" changeset="48407879" timestamp="2017-05-04T22:23:32Z" user="kaitu" uid="69717" lat="45.8966596" lon="9.2386027"/>
 <node id="450804690" visible="true" version="3" changeset="48407879" timestamp="2017-05-04T22:23:32Z" user="kaitu" uid="69717" lat="45.8964461" lon="9.2383463"/>
 <node id="450804700" visible="true" version="3" changeset="48407879" timestamp="2017-05-04T22:23:32Z" user="kaitu" uid="69717" lat="45.8958019" lon="9.2375855"/>
 <node id="450804704" visible="true" version="3" changeset="62882001" timestamp="2018-09-24T14:07:10Z" user="aldoct" uid="923271" lat="45.8955099" lon="9.2371710"/>
 <node id="450804711" visible="true" version="2" changeset="62943115" timestamp="2018-09-26T11:12:43Z" user="aldoct" uid="923271" lat="45.8946925" lon="9.2365408"/>
 <node id="450804716" visible="true" version="2" changeset="48407879" timestamp="2017-05-04T22:23:32Z" user="kaitu" uid="69717" lat="45.8944789" lon="9.2363584"/>
 <node id="450804725" visible="true" version="2" changeset="62943115" timestamp="2018-09-26T11:12:43Z" user="aldoct" uid="923271" lat="45.8938977" lon="9.2360097"/>
 <node id="450804730" visible="true" version="3" changeset="48407879" timestamp="2017-05-04T22:23:32Z" user="kaitu" uid="69717" lat="45.8936401" lon="9.2359565"/>
 <node id="450804746" visible="true" version="1" changeset="1976969" timestamp="2009-07-29T16:57:57Z" user="Joerg Fischer" uid="7186" lat="45.8928323" lon="9.2357898"/>
 <node id="450804751" visible="true" version="3" changeset="48407879" timestamp="2017-05-04T22:23:32Z" user="kaitu" uid="69717" lat="45.8922772" lon="9.2357549"/>
 <node id="450804755" visible="true" version="1" changeset="1976969" timestamp="2009-07-29T16:57:57Z" user="Joerg Fischer" uid="7186" lat="45.8914161" lon="9.2357469"/>
 <node id="450804759" visible="true" version="2" changeset="48439697" timestamp="2017-05-05T22:14:33Z" user="kaitu" uid="69717" lat="45.8912612" lon="9.2357401"/>
 <node id="450804760" visible="true" version="1" changeset="1976969" timestamp="2009-07-29T16:57:57Z" user="Joerg Fischer" uid="7186" lat="45.8909225" lon="9.2355967"/>
 <node id="450804764" visible="true" version="2" changeset="48439697" timestamp="2017-05-05T22:14:33Z" user="kaitu" uid="69717" lat="45.8905354" lon="9.2354330"/>
 <node id="450804767" visible="true" version="2" changeset="62882001" timestamp="2018-09-24T14:07:10Z" user="aldoct" uid="923271" lat="45.8903964" lon="9.2353472"/>
 <node id="450804769" visible="true" version="2" changeset="48439697" timestamp="2017-05-05T22:14:33Z" user="kaitu" uid="69717" lat="45.8901128" lon="9.2351139"/>
 <node id="450804770" visible="true" version="1" changeset="1976969" timestamp="2009-07-29T16:57:57Z" user="Joerg Fischer" uid="7186" lat="45.8899355" lon="9.2349958"/>
 <node id="450804771" visible="true" version="2" changeset="48439697" timestamp="2017-05-05T22:14:33Z" user="kaitu" uid="69717" lat="45.8895959" lon="9.2348121"/>
 <node id="450804777" visible="true" version="2" changeset="48439697" timestamp="2017-05-05T22:14:33Z" user="kaitu" uid="69717" lat="45.8894784" lon="9.2347075"/>
 <node id="450804779" visible="true" version="2" changeset="48439697" timestamp="2017-05-05T22:14:33Z" user="kaitu" uid="69717" lat="45.8892367" lon="9.2341081"/>
 <node id="450804780" visible="true" version="2" changeset="62943115" timestamp="2018-09-26T11:12:43Z" user="aldoct" uid="923271" lat="45.8890016" lon="9.2333704"/>
 <node id="450804781" visible="true" version="2" changeset="62943115" timestamp="2018-09-26T11:12:43Z" user="aldoct" uid="923271" lat="45.8888160" lon="9.2330392"/>
 <node id="450804784" visible="true" version="3" changeset="62943115" timestamp="2018-09-26T11:12:43Z" user="aldoct" uid="923271" lat="45.8881014" lon="9.2318242"/>
 <node id="450804786" visible="true" version="1" changeset="1976969" timestamp="2009-07-29T16:57:58Z" user="Joerg Fischer" uid="7186" lat="45.8877897" lon="9.2314768"/>
 <node id="450804788" visible="true" version="2" changeset="48439697" timestamp="2017-05-05T22:14:33Z" user="kaitu" uid="69717" lat="45.8875732" lon="9.2313615"/>
 <node id="450804790" visible="true" version="2" changeset="48439697" timestamp="2017-05-05T22:14:33Z" user="kaitu" uid="69717" lat="45.8874586" lon="9.2313186"/>
 <node id="450804791" visible="true" version="2" changeset="48439697" timestamp="2017-05-05T22:14:33Z" user="kaitu" uid="69717" lat="45.8867589" lon="9.2312693"/>
 <node id="450804792" visible="true" version="3" changeset="62943115" timestamp="2018-09-26T11:12:43Z" user="aldoct" uid="923271" lat="45.8860032" lon="9.2313615"/>
 <node id="450804794" visible="true" version="2" changeset="48439697" timestamp="2017-05-05T22:14:33Z" user="kaitu" uid="69717" lat="45.8856522" lon="9.2312794"/>
 <node id="450804801" visible="true" version="2" changeset="48439697" timestamp="2017-05-05T22:14:33Z" user="kaitu" uid="69717" lat="45.8852917" lon="9.2311621"/>
 <node id="450804803" visible="true" version="2" changeset="48439697" timestamp="2017-05-05T22:14:33Z" user="kaitu" uid="69717" lat="45.8848237" lon="9.2310304"/>
 <node id="450804806" visible="true" version="1" changeset="1976969" timestamp="2009-07-29T16:57:59Z" user="Joerg Fischer" uid="7186" lat="45.8844959" lon="9.2310109"/>
 <node id="450804809" visible="true" version="2" changeset="48439697" timestamp="2017-05-05T22:14:33Z" user="kaitu" uid="69717" lat="45.8842333" lon="9.2310986"/>
 <node id="450804811" visible="true" version="2" changeset="48439697" timestamp="2017-05-05T22:14:33Z" user="kaitu" uid="69717" lat="45.8839236" lon="9.2312931"/>
 <node id="450804815" visible="true" version="2" changeset="48439697" timestamp="2017-05-05T22:14:33Z" user="kaitu" uid="69717" lat="45.8836662" lon="9.2313387"/>
 <node id="450804818" visible="true" version="2" changeset="110391234" timestamp="2021-08-28T18:49:13Z" user="Martin Borsje" uid="99810" lat="45.8833671" lon="9.2312649"/>
 <node id="450804820" visible="true" version="2" changeset="110391234" timestamp="2021-08-28T18:49:13Z" user="Martin Borsje" uid="99810" lat="45.8832392" lon="9.2311227"/>
 <node id="450804821" visible="true" version="2" changeset="110391234" timestamp="2021-08-28T18:49:13Z" user="Martin Borsje" uid="99810" lat="45.8831281" lon="9.2308505"/>
 <node id="450804825" visible="true" version="5" changeset="124785149" timestamp="2022-08-11T17:05:32Z" user="maurizioa" uid="2498239" lat="45.8830718" lon="9.2304789"/>
 <node id="450804828" visible="true" version="6" changeset="124785149" timestamp="2022-08-11T17:05:32Z" user="maurizioa" uid="2498239" lat="45.8829977" lon="9.2300105"/>
 <node id="502442814" visible="true" version="2" changeset="37400221" timestamp="2016-02-23T22:04:23Z" user="kaitu" uid="69717" lat="45.8349402" lon="9.1266708"/>
 <node id="613752451" visible="true" version="2" changeset="9972787" timestamp="2011-11-27T22:22:35Z" user="kaitu" uid="69717" lat="45.8337133" lon="9.1402059"/>
 <node id="613753265" visible="true" version="1" changeset="3620552" timestamp="2010-01-14T22:02:18Z" user="kaitu" uid="69717" lat="45.8365656" lon="9.1459516"/>
 <node id="1197105480" visible="true" version="2" changeset="16055156" timestamp="2013-05-09T20:55:06Z" user="kaitu" uid="69717" lat="45.8337010" lon="9.1389814"/>
 <node id="1269370503" visible="true" version="3" changeset="37550425" timestamp="2016-03-01T18:37:32Z" user="kaitu" uid="69717" lat="45.8194397" lon="9.0957326"/>
 <node id="1269373354" visible="true" version="2" changeset="19816922" timestamp="2014-01-05T03:32:22Z" user="kaitu" uid="69717" lat="45.8193081" lon="9.0957611"/>
 <node id="1269376404" visible="true" version="3" changeset="62886935" timestamp="2018-09-24T16:35:47Z" user="aldoct" uid="923271" lat="45.8201074" lon="9.0955971"/>
 <node id="1269379694" visible="true" version="3" changeset="92839665" timestamp="2020-10-21T14:31:01Z" user="kaitu" uid="69717" lat="45.8198365" lon="9.0956502"/>
 <node id="1301690546" visible="true" version="3" changeset="111159481" timestamp="2021-09-13T18:18:24Z" user="kaitu" uid="69717" lat="45.8671862" lon="9.1987799"/>
 <node id="1301690549" visible="true" version="2" changeset="24283165" timestamp="2014-07-21T21:47:36Z" user="kaitu" uid="69717" lat="45.8781371" lon="9.2106186"/>
 <node id="1301690553" visible="true" version="2" changeset="24283165" timestamp="2014-07-21T21:47:36Z" user="kaitu" uid="69717" lat="45.8779421" lon="9.2111319"/>
 <node id="1301690569" visible="true" version="2" changeset="24283165" timestamp="2014-07-21T21:47:36Z" user="kaitu" uid="69717" lat="45.8768109" lon="9.2140978"/>
 <node id="1301690578" visible="true" version="2" changeset="24283165" timestamp="2014-07-21T21:47:36Z" user="kaitu" uid="69717" lat="45.8773067" lon="9.2110643"/>
 <node id="1301690599" visible="true" version="3" changeset="62882001" timestamp="2018-09-24T14:07:10Z" user="aldoct" uid="923271" lat="45.8776630" lon="9.2120313"/>
 <node id="1301690607" visible="true" version="1" changeset="8259762" timestamp="2011-05-27T07:42:19Z" user="Medal" uid="189118" lat="45.8766449" lon="9.2142199"/>
 <node id="1301690616" visible="true" version="1" changeset="8259762" timestamp="2011-05-27T07:42:19Z" user="Medal" uid="189118" lat="45.8778584" lon="9.2105222"/>
 <node id="1301690620" visible="true" version="3" changeset="62882001" timestamp="2018-09-24T14:07:10Z" user="aldoct" uid="923271" lat="45.8778647" lon="9.2115121"/>
 <node id="1301690634" visible="true" version="2" changeset="24283165" timestamp="2014-07-21T21:47:36Z" user="kaitu" uid="69717" lat="45.8775490" lon="9.2127359"/>
 <node id="1301690647" visible="true" version="2" changeset="24283165" timestamp="2014-07-21T21:47:36Z" user="kaitu" uid="69717" lat="45.8776431" lon="9.2107653"/>
 <node id="1301690655" visible="true" version="2" changeset="24283165" timestamp="2014-07-21T21:47:36Z" user="kaitu" uid="69717" lat="45.8781423" lon="9.2104995"/>
 <node id="1301690659" visible="true" version="3" changeset="62882001" timestamp="2018-09-24T14:07:10Z" user="aldoct" uid="923271" lat="45.8775911" lon="9.2122129"/>
 <node id="1301690674" visible="true" version="2" changeset="24283165" timestamp="2014-07-21T21:47:36Z" user="kaitu" uid="69717" lat="45.8772029" lon="9.2133521"/>
 <node id="1301690681" visible="true" version="2" changeset="24283165" timestamp="2014-07-21T21:47:36Z" user="kaitu" uid="69717" lat="45.8764213" lon="9.2146013"/>
 <node id="1301690695" visible="true" version="1" changeset="8259762" timestamp="2011-05-27T07:42:20Z" user="Medal" uid="189118" lat="45.8780398" lon="9.2104082"/>
 <node id="1301690707" visible="true" version="2" changeset="24283165" timestamp="2014-07-21T21:47:36Z" user="kaitu" uid="69717" lat="45.8773545" lon="9.2128772"/>
 <node id="1432644511" visible="true" version="2" changeset="16435154" timestamp="2013-06-05T17:44:40Z" user="kaitu" uid="69717" lat="45.9221296" lon="9.2318003"/>
 <node id="1432644515" visible="true" version="1" changeset="9299637" timestamp="2011-09-14T13:33:02Z" user="Supertapi" uid="495124" lat="45.9223322" lon="9.2317295"/>
 <node id="1432644516" visible="true" version="1" changeset="9299637" timestamp="2011-09-14T13:33:02Z" user="Supertapi" uid="495124" lat="45.9224983" lon="9.2317438"/>
 <node id="1432644518" visible="true" version="1" changeset="9299637" timestamp="2011-09-14T13:33:02Z" user="Supertapi" uid="495124" lat="45.9227840" lon="9.2315576"/>
 <node id="1432644519" visible="true" version="1" changeset="9299637" timestamp="2011-09-14T13:33:02Z" user="Supertapi" uid="495124" lat="45.9230564" lon="9.2314621"/>
 <node id="1432644520" visible="true" version="1" changeset="9299637" timestamp="2011-09-14T13:33:02Z" user="Supertapi" uid="495124" lat="45.9232989" lon="9.2314286"/>
 <node id="1432644521" visible="true" version="1" changeset="9299637" timestamp="2011-09-14T13:33:02Z" user="Supertapi" uid="495124" lat="45.9235248" lon="9.2312376"/>
 <node id="1432644522" visible="true" version="3" changeset="39023772" timestamp="2016-05-01T19:11:23Z" user="Martin Borsje" uid="99810" lat="45.9236912" lon="9.2312049">
  <tag k="ford" v="yes"/>
 </node>
 <node id="1432644526" visible="true" version="1" changeset="9299637" timestamp="2011-09-14T13:33:02Z" user="Supertapi" uid="495124" lat="45.9237873" lon="9.2307027"/>
 <node id="1432644532" visible="true" version="2" changeset="38868394" timestamp="2016-04-25T21:26:01Z" user="kaitu" uid="69717" lat="45.9238694" lon="9.2307788"/>
 <node id="1625110507" visible="true" version="5" changeset="111159481" timestamp="2021-09-13T18:18:24Z" user="kaitu" uid="69717" lat="45.8570874" lon="9.1982874"/>
 <node id="1652159158" visible="true" version="1" changeset="10823296" timestamp="2012-02-28T22:02:31Z" user="kaitu" uid="69717" lat="45.8352299" lon="9.1443968"/>
 <node id="1652159352" visible="true" version="2" changeset="37472529" timestamp="2016-02-26T22:06:13Z" user="kaitu" uid="69717" lat="45.8371959" lon="9.1494599">
  <tag k="description" v="2 cartelli a coda rosso-bianco-rosso, punta rossa, fondo grigio, testo nero inciso: &quot;RIF. BOLETTO -DORSALE 0.20&quot;; &quot;-&gt; M. BOLETTO -DORSALE PER CRESTA 0.30&quot;"/>
  <tag k="hiking" v="yes"/>
  <tag k="information" v="guidepost"/>
  <tag k="operator" v="Comunità Montana Triangolo Lariano"/>
  <tag k="tourism" v="information"/>
 </node>
 <node id="1652159356" visible="true" version="2" changeset="37472529" timestamp="2016-02-26T22:06:13Z" user="kaitu" uid="69717" lat="45.8372222" lon="9.1493352"/>
 <node id="1652159361" visible="true" version="2" changeset="37472529" timestamp="2016-02-26T22:06:13Z" user="kaitu" uid="69717" lat="45.8373129" lon="9.1496447"/>
 <node id="1652159469" visible="true" version="2" changeset="184350430" timestamp="2026-06-20T12:03:40Z" user="Aaaa002" uid="20434376" lat="45.8379437" lon="9.1525874"/>
 <node id="1652159529" visible="true" version="1" changeset="10823296" timestamp="2012-02-28T22:02:39Z" user="kaitu" uid="69717" lat="45.8384510" lon="9.1577965"/>
 <node id="1652159546" visible="true" version="1" changeset="10823296" timestamp="2012-02-28T22:02:39Z" user="kaitu" uid="69717" lat="45.8384761" lon="9.1579579"/>
 <node id="1652159551" visible="true" version="2" changeset="61083696" timestamp="2018-07-26T10:19:55Z" user="Angelo Giuseppe" uid="5848218" lat="45.8384848" lon="9.1580739"/>
 <node id="1652159553" visible="true" version="2" changeset="14507252" timestamp="2013-01-03T00:14:37Z" user="kaitu" uid="69717" lat="45.8385217" lon="9.1584485"/>
 <node id="1652159560" visible="true" version="1" changeset="10823296" timestamp="2012-02-28T22:02:39Z" user="kaitu" uid="69717" lat="45.8385336" lon="9.1584959"/>
 <node id="1652159593" visible="true" version="3" changeset="62882001" timestamp="2018-09-24T14:07:10Z" user="aldoct" uid="923271" lat="45.8783031" lon="9.2197460"/>
 <node id="1652159597" visible="true" version="3" changeset="62882001" timestamp="2018-09-24T14:07:10Z" user="aldoct" uid="923271" lat="45.8783467" lon="9.2199073"/>
 <node id="1652159598" visible="true" version="2" changeset="57923364" timestamp="2018-04-08T21:08:28Z" user="kaitu" uid="69717" lat="45.8795787" lon="9.2226153"/>
 <node id="1652159643" visible="true" version="2" changeset="57206822" timestamp="2018-03-15T10:57:31Z" user="kaitu" uid="69717" lat="45.8827264" lon="9.2283530"/>
 <node id="1652159868" visible="true" version="1" changeset="10823296" timestamp="2012-02-28T22:02:46Z" user="kaitu" uid="69717" lat="45.8914723" lon="9.2357469"/>
 <node id="1652159875" visible="true" version="2" changeset="169500483" timestamp="2025-07-26T11:20:32Z" user="user_8722718" uid="8722718" lat="45.9158994" lon="9.2392440"/>
 <node id="1652159877" visible="true" version="2" changeset="169508398" timestamp="2025-07-26T13:56:15Z" user="user_8722718" uid="8722718" lat="45.9215537" lon="9.2323424"/>
 <node id="1904524796" visible="true" version="5" changeset="92839665" timestamp="2020-10-21T14:31:01Z" user="kaitu" uid="69717" lat="45.8187974" lon="9.0956784"/>
 <node id="1904524799" visible="true" version="2" changeset="19816922" timestamp="2014-01-05T03:32:23Z" user="kaitu" uid="69717" lat="45.8190709" lon="9.0956417"/>
 <node id="1946480563" visible="true" version="2" changeset="24801715" timestamp="2014-08-17T08:20:35Z" user="Taurus77" uid="2044340" lat="45.8201379" lon="9.0959881"/>
 <node id="1946480564" visible="true" version="4" changeset="92839665" timestamp="2020-10-21T14:31:01Z" user="kaitu" uid="69717" lat="45.8202756" lon="9.0957744"/>
 <node id="1946480573" visible="true" version="3" changeset="92857607" timestamp="2020-10-21T23:26:01Z" user="kaitu" uid="69717" lat="45.8219555" lon="9.0965866"/>
 <node id="1946480579" visible="true" version="4" changeset="149460833" timestamp="2024-04-02T04:27:37Z" user="Murrumbidgee" uid="20432891" lat="45.8221402" lon="9.0966362"/>
 <node id="1946480582" visible="true" version="3" changeset="117994223" timestamp="2022-03-01T20:47:55Z" user="jokien" uid="208052" lat="45.8222658" lon="9.0966777"/>
 <node id="1946480585" visible="true" version="3" changeset="117994223" timestamp="2022-03-01T20:47:55Z" user="jokien" uid="208052" lat="45.8224443" lon="9.0967407"/>
 <node id="1946480599" visible="true" version="1" changeset="13364478" timestamp="2012-10-04T18:30:53Z" user="Z3QP" uid="182071" lat="45.8225903" lon="9.0967937"/>
 <node id="1946480613" visible="true" version="1" changeset="13364478" timestamp="2012-10-04T18:30:53Z" user="Z3QP" uid="182071" lat="45.8228415" lon="9.0968919"/>
 <node id="1946480615" visible="true" version="1" changeset="13364478" timestamp="2012-10-04T18:30:53Z" user="Z3QP" uid="182071" lat="45.8229854" lon="9.0969325"/>
 <node id="1946480617" visible="true" version="1" changeset="13364478" timestamp="2012-10-04T18:30:53Z" user="Z3QP" uid="182071" lat="45.8231882" lon="9.0970239"/>
 <node id="1946480618" visible="true" version="3" changeset="61158356" timestamp="2018-07-29T08:12:22Z" user="Angelo Giuseppe" uid="5848218" lat="45.8232966" lon="9.0970815"/>
 <node id="1946480628" visible="true" version="1" changeset="13364478" timestamp="2012-10-04T18:30:53Z" user="Z3QP" uid="182071" lat="45.8235055" lon="9.0972676"/>
 <node id="1946480632" visible="true" version="2" changeset="188070470" timestamp="2026-08-26T23:06:54Z" user="justcivah" uid="21207235" lat="45.8236268" lon="9.0973248"/>
 <node id="1946480641" visible="true" version="1" changeset="13364478" timestamp="2012-10-04T18:30:53Z" user="Z3QP" uid="182071" lat="45.8238416" lon="9.0973996"/>
 <node id="1946480652" visible="true" version="1" changeset="13364478" timestamp="2012-10-04T18:30:54Z" user="Z3QP" uid="182071" lat="45.8239666" lon="9.0974453"/>
 <node id="1946480660" visible="true" version="1" changeset="13364478" timestamp="2012-10-04T18:30:54Z" user="Z3QP" uid="182071" lat="45.8240786" lon="9.0974944"/>
 <node id="1946480665" visible="true" version="3" changeset="92352722" timestamp="2020-10-12T11:55:57Z" user="user_8722718" uid="8722718" lat="45.8241672" lon="9.0995931"/>
 <node id="1946480671" visible="true" version="3" changeset="92352722" timestamp="2020-10-12T11:55:57Z" user="user_8722718" uid="8722718" lat="45.8241587" lon="9.0995148"/>
 <node id="1946480674" visible="true" version="2" changeset="92352722" timestamp="2020-10-12T11:55:57Z" user="user_8722718" uid="8722718" lat="45.8241706" lon="9.0994276"/>
 <node id="1946480678" visible="true" version="2" changeset="92352722" timestamp="2020-10-12T11:55:57Z" user="user_8722718" uid="8722718" lat="45.8241932" lon="9.0993338"/>
 <node id="1946480680" visible="true" version="6" changeset="92794364" timestamp="2020-10-21T00:25:29Z" user="kaitu" uid="69717" lat="45.8242637" lon="9.0998433">
  <tag k="barrier" v="cycle_barrier"/>
  <tag k="foot" v="yes"/>
 </node>
 <node id="1946480682" visible="true" version="1" changeset="13364478" timestamp="2012-10-04T18:30:54Z" user="Z3QP" uid="182071" lat="45.8242048" lon="9.0975181"/>
 <node id="1946480683" visible="true" version="3" changeset="92352722" timestamp="2020-10-12T11:55:57Z" user="user_8722718" uid="8722718" lat="45.8242528" lon="9.0992084"/>
 <node id="1946480685" visible="true" version="1" changeset="13364478" timestamp="2012-10-04T18:30:54Z" user="Z3QP" uid="182071" lat="45.8242815" lon="9.0975942"/>
 <node id="1946480687" visible="true" version="3" changeset="92352722" timestamp="2020-10-12T11:55:57Z" user="user_8722718" uid="8722718" lat="45.8243579" lon="9.0999683"/>
 <node id="1946480691" visible="true" version="2" changeset="61059458" timestamp="2018-07-25T14:55:18Z" user="Angelo Giuseppe" uid="5848218" lat="45.8243116" lon="9.0977425"/>
 <node id="1946480692" visible="true" version="2" changeset="92352722" timestamp="2020-10-12T11:55:57Z" user="user_8722718" uid="8722718" lat="45.8243326" lon="9.0990534"/>
 <node id="1946480694" visible="true" version="2" changeset="92759536" timestamp="2020-10-20T10:10:53Z" user="kaitu" uid="69717" lat="45.8243511" lon="9.0980325">
  <tag k="barrier" v="cycle_barrier"/>
  <tag k="foot" v="yes"/>
 </node>
 <node id="1946480697" visible="true" version="3" changeset="92352722" timestamp="2020-10-12T11:55:57Z" user="user_8722718" uid="8722718" lat="45.8243915" lon="9.1000173"/>
 <node id="1946480698" visible="true" version="3" changeset="92352722" timestamp="2020-10-12T11:55:57Z" user="user_8722718" uid="8722718" lat="45.8244209" lon="9.0989116"/>
 <node id="1946480699" visible="true" version="3" changeset="92759536" timestamp="2020-10-20T10:10:53Z" user="kaitu" uid="69717" lat="45.8243656" lon="9.0982969"/>
 <node id="1946480701" visible="true" version="3" changeset="92352722" timestamp="2020-10-12T11:55:57Z" user="user_8722718" uid="8722718" lat="45.8244626" lon="9.0988174"/>
 <node id="1946480702" visible="true" version="3" changeset="92759536" timestamp="2020-10-20T10:10:53Z" user="kaitu" uid="69717" lat="45.8244025" lon="9.0985782"/>
 <node id="1946480704" visible="true" version="4" changeset="92759536" timestamp="2020-10-20T10:10:53Z" user="kaitu" uid="69717" lat="45.8244606" lon="9.1000691">
  <tag k="crossing" v="uncontrolled"/>
  <tag k="crossing_ref" v="zebra"/>
  <tag k="highway" v="crossing"/>
  <tag k="supervised" v="no"/>
  <tag k="tactile_paving" v="no"/>
 </node>
 <node id="1946480706" visible="true" version="3" changeset="92352722" timestamp="2020-10-12T11:55:57Z" user="user_8722718" uid="8722718" lat="45.8244622" lon="9.0987385"/>
 <node id="1946480709" visible="true" version="3" changeset="92352722" timestamp="2020-10-12T11:55:57Z" user="user_8722718" uid="8722718" lat="45.8244398" lon="9.0986561"/>
 <node id="1946480712" visible="true" version="3" changeset="92759536" timestamp="2020-10-20T10:10:53Z" user="kaitu" uid="69717" lat="45.8246019" lon="9.1002117"/>
 <node id="1946480716" visible="true" version="2" changeset="92352722" timestamp="2020-10-12T11:55:57Z" user="user_8722718" uid="8722718" lat="45.8246898" lon="9.1003396"/>
 <node id="1946480718" visible="true" version="2" changeset="92352722" timestamp="2020-10-12T11:55:57Z" user="user_8722718" uid="8722718" lat="45.8247966" lon="9.1003869"/>
 <node id="1946480721" visible="true" version="1" changeset="13364478" timestamp="2012-10-04T18:30:55Z" user="Z3QP" uid="182071" lat="45.8249384" lon="9.1004458"/>
 <node id="1946480725" visible="true" version="3" changeset="92794364" timestamp="2020-10-21T00:25:29Z" user="kaitu" uid="69717" lat="45.8249921" lon="9.1011300"/>
 <node id="1946480729" visible="true" version="2" changeset="37532234" timestamp="2016-02-29T22:16:21Z" user="kaitu" uid="69717" lat="45.8250702" lon="9.1009208"/>
 <node id="1946480747" visible="true" version="2" changeset="92794364" timestamp="2020-10-21T00:25:29Z" user="kaitu" uid="69717" lat="45.8250465" lon="9.1005870"/>
 <node id="1972501496" visible="true" version="5" changeset="149252131" timestamp="2024-03-28T06:11:03Z" user="Arvari" uid="19844270" lat="45.8251225" lon="9.1112781"/>
 <node id="1972501504" visible="true" version="5" changeset="149252131" timestamp="2024-03-28T06:11:03Z" user="Arvari" uid="19844270" lat="45.8251961" lon="9.1107594"/>
 <node id="1972501506" visible="true" version="2" changeset="61059458" timestamp="2018-07-25T14:55:19Z" user="Angelo Giuseppe" uid="5848218" lat="45.8252569" lon="9.1099865"/>
 <node id="1972501507" visible="true" version="2" changeset="61059458" timestamp="2018-07-25T14:55:19Z" user="Angelo Giuseppe" uid="5848218" lat="45.8252592" lon="9.1087853"/>
 <node id="1972501509" visible="true" version="3" changeset="61059458" timestamp="2018-07-25T14:55:19Z" user="Angelo Giuseppe" uid="5848218" lat="45.8253254" lon="9.1081581"/>
 <node id="1972501513" visible="true" version="2" changeset="61059458" timestamp="2018-07-25T14:55:19Z" user="Angelo Giuseppe" uid="5848218" lat="45.8253488" lon="9.1078389"/>
 <node id="1972501516" visible="true" version="2" changeset="61059458" timestamp="2018-07-25T14:55:19Z" user="Angelo Giuseppe" uid="5848218" lat="45.8254001" lon="9.1075522"/>
 <node id="1972501519" visible="true" version="1" changeset="13547062" timestamp="2012-10-18T17:09:55Z" user="albertux" uid="118185" lat="45.8254569" lon="9.1072042"/>
 <node id="1972501523" visible="true" version="2" changeset="61059458" timestamp="2018-07-25T14:55:19Z" user="Angelo Giuseppe" uid="5848218" lat="45.8260518" lon="9.1054216"/>
 <node id="1972501526" visible="true" version="4" changeset="61158356" timestamp="2018-07-29T08:12:22Z" user="Angelo Giuseppe" uid="5848218" lat="45.8258858" lon="9.1035720"/>
 <node id="1972501528" visible="true" version="4" changeset="61158356" timestamp="2018-07-29T08:12:22Z" user="Angelo Giuseppe" uid="5848218" lat="45.8259070" lon="9.1038938"/>
 <node id="1972501531" visible="true" version="2" changeset="61059458" timestamp="2018-07-25T14:55:19Z" user="Angelo Giuseppe" uid="5848218" lat="45.8259924" lon="9.1040833"/>
 <node id="1972501533" visible="true" version="2" changeset="61059458" timestamp="2018-07-25T14:55:19Z" user="Angelo Giuseppe" uid="5848218" lat="45.8260970" lon="9.1043682"/>
 <node id="1972501535" visible="true" version="1" changeset="13547062" timestamp="2012-10-18T17:09:55Z" user="albertux" uid="118185" lat="45.8261122" lon="9.1045369"/>
 <node id="2045414986" visible="true" version="2" changeset="61059458" timestamp="2018-07-25T14:55:19Z" user="Angelo Giuseppe" uid="5848218" lat="45.8258661" lon="9.1026413"/>
 <node id="2045414990" visible="true" version="2" changeset="33344161" timestamp="2015-08-14T22:47:46Z" user="kaitu" uid="69717" lat="45.8251826" lon="9.1117871"/>
 <node id="2045414991" visible="true" version="2" changeset="50111006" timestamp="2017-07-07T15:03:15Z" user="mingo23" uid="1902578" lat="45.8257546" lon="9.1026395"/>
 <node id="2045414994" visible="true" version="1" changeset="14119210" timestamp="2012-12-02T00:27:50Z" user="Ramying" uid="668137" lat="45.8257346" lon="9.1026591"/>
 <node id="2045414995" visible="true" version="1" changeset="14119210" timestamp="2012-12-02T00:27:50Z" user="Ramying" uid="668137" lat="45.8256281" lon="9.1026059"/>
 <node id="2045415019" visible="true" version="3" changeset="37532234" timestamp="2016-02-29T22:16:21Z" user="kaitu" uid="69717" lat="45.8252007" lon="9.1117818"/>
 <node id="2045415026" visible="true" version="3" changeset="61059458" timestamp="2018-07-25T14:55:19Z" user="Angelo Giuseppe" uid="5848218" lat="45.8259375" lon="9.1028191"/>
 <node id="2045415027" visible="true" version="4" changeset="62886935" timestamp="2018-09-24T16:35:47Z" user="aldoct" uid="923271" lat="45.8251413" lon="9.1114042">
  <tag k="bus" v="yes"/>
  <tag k="name" v="Brunate - Capanna C.A.O. (Santa Rita)"/>
  <tag k="public_transport" v="stop_position"/>
 </node>
 <node id="2045415032" visible="true" version="5" changeset="62886935" timestamp="2018-09-24T16:35:47Z" user="aldoct" uid="923271" lat="45.8252074" lon="9.1119474"/>
 <node id="2045415033" visible="true" version="1" changeset="14119210" timestamp="2012-12-02T00:27:51Z" user="Ramying" uid="668137" lat="45.8257141" lon="9.1026300"/>
 <node id="2045415036" visible="true" version="3" changeset="62886935" timestamp="2018-09-24T16:35:47Z" user="aldoct" uid="923271" lat="45.8255018" lon="9.1025839"/>
 <node id="2045415038" visible="true" version="3" changeset="61059458" timestamp="2018-07-25T14:55:19Z" user="Angelo Giuseppe" uid="5848218" lat="45.8259487" lon="9.1029801"/>
 <node id="2045415050" visible="true" version="1" changeset="14119210" timestamp="2012-12-02T00:27:52Z" user="Ramying" uid="668137" lat="45.8256805" lon="9.1026193"/>
 <node id="2045415054" visible="true" version="4" changeset="92794364" timestamp="2020-10-21T00:25:29Z" user="kaitu" uid="69717" lat="45.8253985" lon="9.1023391"/>
 <node id="2045415060" visible="true" version="2" changeset="61059458" timestamp="2018-07-25T14:55:19Z" user="Angelo Giuseppe" uid="5848218" lat="45.8258452" lon="9.1026381"/>
 <node id="2197257834" visible="true" version="5" changeset="48453701" timestamp="2017-05-06T14:29:58Z" user="kaitu" uid="69717" lat="45.9141905" lon="9.2361438">
  <tag k="description" v="1 cartello a fondo bianco, punta rossa:&quot;VETTA M. S. PRIMO 1.00&quot;; 3 cartelli a coda r-b-r: &quot;COLMA DI SORMANO -DORSALE-&quot;, &quot;1: Parco S. Primo 0.35, Guggiate 3.00, Bellagio - Imbarcadero 3.30&quot;,&quot;39: S. Primo Vetta 0.50, Rif. Martina 1.35, Dorsale per Cresta&quot;."/>
  <tag k="hiking" v="yes"/>
  <tag k="information" v="guidepost"/>
  <tag k="mapillary" v="1A8O8l6G-lC5U65tHNyPQg"/>
  <tag k="material" v="metal"/>
  <tag k="operator" v="Comunità Montana Triangolo Lariano"/>
  <tag k="support" v="pole"/>
  <tag k="tourism" v="information"/>
 </node>
 <node id="2206401392" visible="true" version="2" changeset="48407879" timestamp="2017-05-04T22:23:32Z" user="kaitu" uid="69717" lat="45.9097545" lon="9.2460692"/>
 <node id="2206401393" visible="true" version="2" changeset="48407879" timestamp="2017-05-04T22:23:32Z" user="kaitu" uid="69717" lat="45.9098429" lon="9.2420292"/>
 <node id="2256187062" visible="true" version="5" changeset="62875362" timestamp="2018-09-24T10:37:58Z" user="aldoct" uid="923271" lat="45.8439402" lon="9.1852826"/>
 <node id="2262114261" visible="true" version="2" changeset="62875362" timestamp="2018-09-24T10:37:58Z" user="aldoct" uid="923271" lat="45.8402249" lon="9.1670031"/>
 <node id="2262114262" visible="true" version="3" changeset="62875362" timestamp="2018-09-24T10:37:58Z" user="aldoct" uid="923271" lat="45.8405484" lon="9.1783167"/>
 <node id="2284746044" visible="true" version="3" changeset="37472529" timestamp="2016-02-26T22:06:13Z" user="kaitu" uid="69717" lat="45.8313041" lon="9.1201569"/>
 <node id="2292918847" visible="true" version="1" changeset="15988942" timestamp="2013-05-05T19:35:39Z" user="Rove" uid="1088303" lat="45.9450812" lon="9.2390912"/>
 <node id="2292918848" visible="true" version="1" changeset="15988942" timestamp="2013-05-05T19:35:39Z" user="Rove" uid="1088303" lat="45.9450972" lon="9.2391635"/>
 <node id="2292918849" visible="true" version="3" changeset="35525513" timestamp="2015-11-23T08:52:40Z" user="Rove" uid="1088303" lat="45.9454105" lon="9.2394447"/>
 <node id="2292918850" visible="true" version="3" changeset="35525513" timestamp="2015-11-23T08:52:40Z" user="Rove" uid="1088303" lat="45.9456241" lon="9.2392700"/>
 <node id="2292918851" visible="true" version="2" changeset="24825830" timestamp="2014-08-18T08:24:09Z" user="s0nik" uid="336137" lat="45.9461210" lon="9.2392780"/>
 <node id="2292918852" visible="true" version="2" changeset="24825830" timestamp="2014-08-18T08:24:10Z" user="s0nik" uid="336137" lat="45.9466750" lon="9.2402160"/>
 <node id="2292918853" visible="true" version="2" changeset="24825830" timestamp="2014-08-18T08:24:10Z" user="s0nik" uid="336137" lat="45.9470170" lon="9.2407790"/>
 <node id="2292918854" visible="true" version="2" changeset="24825830" timestamp="2014-08-18T08:24:10Z" user="s0nik" uid="336137" lat="45.9472450" lon="9.2413350"/>
 <node id="2294941475" visible="true" version="3" changeset="43880180" timestamp="2016-11-22T20:43:42Z" user="kaitu" uid="69717" lat="45.8566487" lon="9.1972797"/>
 <node id="2297260846" visible="true" version="3" changeset="111258980" timestamp="2021-09-15T19:03:34Z" user="kaitu" uid="69717" lat="45.8570429" lon="9.1982716">
  <tag k="description" v="3 frecce metalliche grigie con punta rossa, e coda rosso-bianco-rosso, testo in nero inciso: &quot;BOCC. DI VALLUNGA 0.45&quot;, &quot;RIF. RIELLA - PALANZONE, DORSALE&quot;, &quot;M. PALANZONE -DORSALE PER CRESTA-&quot;"/>
  <tag k="hiking" v="yes"/>
  <tag k="information" v="guidepost"/>
  <tag k="mapillary" v="1905552072946993"/>
  <tag k="material" v="metal"/>
  <tag k="operator" v="Comunità Montana Triangolo Lariano"/>
  <tag k="support" v="pole"/>
  <tag k="tourism" v="information"/>
  <tag k="wikimedia_commons" v="File:Segnavia per la cresta sud del Palanzone.jpg"/>
 </node>
 <node id="2297260865" visible="true" version="1" changeset="16050691" timestamp="2013-05-09T16:34:08Z" user="kaitu" uid="69717" lat="45.8582827" lon="9.1984335"/>
 <node id="2297260871" visible="true" version="2" changeset="24296157" timestamp="2014-07-22T16:25:39Z" user="kaitu" uid="69717" lat="45.8586541" lon="9.1983104"/>
 <node id="2297260883" visible="true" version="1" changeset="16050691" timestamp="2013-05-09T16:34:08Z" user="kaitu" uid="69717" lat="45.8603291" lon="9.1983098"/>
 <node id="2297260907" visible="true" version="1" changeset="16050691" timestamp="2013-05-09T16:34:08Z" user="kaitu" uid="69717" lat="45.8615351" lon="9.1976757"/>
 <node id="2297260910" visible="true" version="1" changeset="16050691" timestamp="2013-05-09T16:34:08Z" user="kaitu" uid="69717" lat="45.8616554" lon="9.1976834"/>
 <node id="2297260914" visible="true" version="1" changeset="16050691" timestamp="2013-05-09T16:34:08Z" user="kaitu" uid="69717" lat="45.8617779" lon="9.1977115"/>
 <node id="2297260976" visible="true" version="3" changeset="62882001" timestamp="2018-09-24T14:07:10Z" user="aldoct" uid="923271" lat="45.8654270" lon="9.1995706"/>
 <node id="2297260984" visible="true" version="4" changeset="62882001" timestamp="2018-09-24T14:07:10Z" user="aldoct" uid="923271" lat="45.8655360" lon="9.1995377"/>
 <node id="2297261039" visible="true" version="2" changeset="129156747" timestamp="2022-11-20T13:38:05Z" user="gmarzio" uid="107284" lat="45.8669163" lon="9.1981840"/>
 <node id="2297261044" visible="true" version="4" changeset="129156747" timestamp="2022-11-20T13:38:05Z" user="gmarzio" uid="107284" lat="45.8670984" lon="9.1981859"/>
 <node id="2297261050" visible="true" version="1" changeset="16050691" timestamp="2013-05-09T16:34:11Z" user="kaitu" uid="69717" lat="45.8672514" lon="9.1991917"/>
 <node id="2297261051" visible="true" version="5" changeset="121735551" timestamp="2022-05-30T19:13:01Z" user="kaitu" uid="69717" lat="45.8673423" lon="9.1995797">
  <tag k="description" v="2 frecce metalliche grigie con testo in nero inciso, punta rossa, e coda rosso-bianco-rosso; 2 cartelli in legno a scritte incise; 1 bandierina della dorsale del triangolo lariano: rosso-bianco-rosso con &quot;1&quot; nero."/>
  <tag k="hiking" v="yes"/>
  <tag k="information" v="guidepost"/>
  <tag k="mtb" v="yes"/>
  <tag k="operator" v="Comunità Montana Triangolo Lariano"/>
  <tag k="support" v="pole"/>
  <tag k="tourism" v="information"/>
  <tag k="wikimedia_commons" v="File:Segnavia presso Bocchetta di Nesso 01.jpg"/>
 </node>
 <node id="2297261053" visible="true" version="1" changeset="16050691" timestamp="2013-05-09T16:34:11Z" user="kaitu" uid="69717" lat="45.8673368" lon="9.2002677"/>
 <node id="2297570728" visible="true" version="5" changeset="111258980" timestamp="2021-09-15T19:03:34Z" user="kaitu" uid="69717" lat="45.8567471" lon="9.1975140">
  <tag k="description" v="2 frecce metalliche grigie con testo in nero inciso, punta rossa, e coda rosso-bianco-rosso: &quot;&lt;- PALANZO 1.30&quot;; &quot;-&gt; ALPE DEL PRINA 1.00; CASLINO FNM 1.50&quot;."/>
  <tag k="ele" v="1210"/>
  <tag k="hiking" v="yes"/>
  <tag k="information" v="guidepost"/>
  <tag k="mapillary" v="1003232250515861"/>
  <tag k="material" v="metal"/>
  <tag k="name" v="Bocchetta di Palanzo"/>
  <tag k="operator" v="Comunità Montana Triangolo Lariano"/>
  <tag k="support" v="pole"/>
  <tag k="tourism" v="information"/>
  <tag k="wikimedia_commons" v="File:Segnavia alla Bocchetta di Palanzo.jpg"/>
 </node>
 <node id="2297570815" visible="true" version="1" changeset="16055156" timestamp="2013-05-09T20:54:53Z" user="kaitu" uid="69717" lat="45.8337033" lon="9.1401179"/>
 <node id="2297570821" visible="true" version="3" changeset="62874952" timestamp="2018-09-24T10:24:32Z" user="aldoct" uid="923271" lat="45.8337336" lon="9.1402401">
  <tag k="natural" v="saddle"/>
 </node>
 <node id="2297570927" visible="true" version="2" changeset="43877332" timestamp="2016-11-22T18:24:05Z" user="kaitu" uid="69717" lat="45.8492964" lon="9.1927732"/>
 <node id="2297570986" visible="true" version="2" changeset="43880180" timestamp="2016-11-22T20:43:43Z" user="kaitu" uid="69717" lat="45.8566935" lon="9.1973749"/>
 <node id="2298250268" visible="true" version="2" changeset="16445685" timestamp="2013-06-06T14:51:34Z" user="kaitu" uid="69717" lat="45.9215747" lon="9.2246595"/>
 <node id="2298250271" visible="true" version="3" changeset="30035757" timestamp="2015-04-07T10:28:39Z" user="kaitu" uid="69717" lat="45.9217578" lon="9.2219597"/>
 <node id="2298250274" visible="true" version="2" changeset="16445685" timestamp="2013-06-06T14:51:34Z" user="kaitu" uid="69717" lat="45.9221322" lon="9.2213621"/>
 <node id="2298250276" visible="true" version="4" changeset="106358311" timestamp="2021-06-14T21:13:36Z" user="kaitu" uid="69717" lat="45.9223178" lon="9.2212936">
  <tag k="description" v="3 frecce metalliche grigie con testo in nero inciso, punta rossa, e coda rosso-bianco-rosso"/>
  <tag k="hiking" v="yes"/>
  <tag k="information" v="guidepost"/>
  <tag k="operator" v="Comunità Montana Triangolo Lariano"/>
  <tag k="tourism" v="information"/>
 </node>
 <node id="2298250292" visible="true" version="3" changeset="38868394" timestamp="2016-04-25T21:26:01Z" user="kaitu" uid="69717" lat="45.9227924" lon="9.2298215">
  <tag k="description" v="2 frecce metalliche su palo, a fondo grigio, testo nero, punta rossa e coda rosso-bianco-rosso: &quot;-&gt; 39: ALPE DELLE VILLLE 0.20, RIF. MARTINA 0.40, M. S. PRIMO 1.40&quot;; &quot;-&gt; 1: ROVENZA 1.00, BELLAGIO 2.10, DORSALE&quot;."/>
  <tag k="hiking" v="yes"/>
  <tag k="information" v="guidepost"/>
  <tag k="operator" v="Comunità Montana Triangolo Lariano"/>
  <tag k="tourism" v="information"/>
 </node>
 <node id="2298250303" visible="true" version="1" changeset="16064066" timestamp="2013-05-10T13:05:26Z" user="Rove" uid="1088303" lat="45.9233601" lon="9.2218214"/>
 <node id="2298250307" visible="true" version="2" changeset="16445685" timestamp="2013-06-06T14:51:34Z" user="kaitu" uid="69717" lat="45.9236039" lon="9.2217260"/>
 <node id="2298250338" visible="true" version="2" changeset="16445685" timestamp="2013-06-06T14:51:34Z" user="kaitu" uid="69717" lat="45.9253707" lon="9.2224059"/>
 <node id="2298250349" visible="true" version="2" changeset="16445685" timestamp="2013-06-06T14:51:34Z" user="kaitu" uid="69717" lat="45.9259879" lon="9.2224566"/>
 <node id="2298250723" visible="true" version="5" changeset="104661528" timestamp="2021-05-13T22:39:12Z" user="Pedisa" uid="4780829" lat="45.9569599" lon="9.2459104">
  <tag k="description" v="Dorsale per cresta; Monte Nuvolone"/>
  <tag k="hiking" v="yes"/>
  <tag k="information" v="guidepost"/>
  <tag k="material" v="metal"/>
  <tag k="mtb" v="yes"/>
  <tag k="operator" v="Comunità Montana Triangolo Lariano"/>
  <tag k="support" v="pole"/>
  <tag k="tourism" v="information"/>
 </node>
 <node id="2298250724" visible="true" version="3" changeset="101357785" timestamp="2021-03-19T22:25:39Z" user="Pedisa" uid="4780829" lat="45.9569095" lon="9.2459316"/>
 <node id="2298260753" visible="true" version="3" changeset="62886935" timestamp="2018-09-24T16:35:47Z" user="aldoct" uid="923271" lat="45.8253397" lon="9.1125466"/>
 <node id="2333375720" visible="true" version="1" changeset="16435154" timestamp="2013-06-05T17:44:16Z" user="kaitu" uid="69717" lat="45.9227778" lon="9.2297718"/>
 <node id="2333375770" visible="true" version="2" changeset="38868394" timestamp="2016-04-25T21:26:01Z" user="kaitu" uid="69717" lat="45.9228872" lon="9.2297454">
  <tag k="description" v="3 frecce a fondo grigio, testo nero, punta rossa: &quot;-&gt; PIANO RANCIO 0.30&quot;, &quot;&lt;- 1 ALPE DEL BORGO 0.15&quot;, &quot;&lt;- 1: Bocchetta Terrabiotta 1.00, S. Primo Vetta -39- 1.50, Brunate -Dorsale- 7.30&quot;; bandierina rosso-bianco-rosso con testo &quot;1&quot; nero e punta nera."/>
  <tag k="hiking" v="yes"/>
  <tag k="information" v="guidepost"/>
  <tag k="operator" v="Comunità Montana Triangolo Lariano"/>
  <tag k="tourism" v="information"/>
 </node>
 <node id="2334467258" visible="true" version="1" changeset="16445685" timestamp="2013-06-06T14:50:58Z" user="kaitu" uid="69717" lat="45.9320551" lon="9.2233675">
  <tag k="ele" v="957"/>
  <tag k="hiking" v="yes"/>
  <tag k="information" v="guidepost"/>
  <tag k="name" v="Paum"/>
  <tag k="tourism" v="information"/>
 </node>
 <node id="2334467259" visible="true" version="1" changeset="16445685" timestamp="2013-06-06T14:50:58Z" user="kaitu" uid="69717" lat="45.9213014" lon="9.2229278"/>
 <node id="2334467261" visible="true" version="4" changeset="106358311" timestamp="2021-06-14T21:13:36Z" user="kaitu" uid="69717" lat="45.9216179" lon="9.2295080"/>
 <node id="2334467262" visible="true" version="4" changeset="106358311" timestamp="2021-06-14T21:13:36Z" user="kaitu" uid="69717" lat="45.9216854" lon="9.2298169"/>
 <node id="2334467264" visible="true" version="4" changeset="106358311" timestamp="2021-06-14T21:13:36Z" user="kaitu" uid="69717" lat="45.9217317" lon="9.2299232"/>
 <node id="2334467268" visible="true" version="3" changeset="106358311" timestamp="2021-06-14T21:13:36Z" user="kaitu" uid="69717" lat="45.9217120" lon="9.2291878"/>
 <node id="2334467269" visible="true" version="1" changeset="16445685" timestamp="2013-06-06T14:50:58Z" user="kaitu" uid="69717" lat="45.9220511" lon="9.2255733"/>
 <node id="2334467271" visible="true" version="3" changeset="167501328" timestamp="2025-06-11T17:11:58Z" user="kaitu" uid="69717" lat="45.9220489" lon="9.2215423">
  <tag k="description" v="bandierina rosso-bianco-rosso con &quot;1&quot; nero, e testo &quot;Dorsale del Triangolo Lariano&quot;, affissa ad un albero."/>
  <tag k="hiking" v="yes"/>
  <tag k="information" v="route_marker"/>
  <tag k="support" v="tree"/>
  <tag k="tourism" v="information"/>
 </node>
 <node id="2334467273" visible="true" version="2" changeset="167501328" timestamp="2025-06-11T17:11:58Z" user="kaitu" uid="69717" lat="45.9222733" lon="9.2213437">
  <tag k="description" v="bandierina rosso-bianco-rosso con &quot;1&quot; nero, e testo &quot;Dorsale del Triangolo Lariano&quot;, affissa ad un albero."/>
  <tag k="hiking" v="yes"/>
  <tag k="information" v="route_marker"/>
  <tag k="support" v="tree"/>
  <tag k="tourism" v="information"/>
 </node>
 <node id="2334467274" visible="true" version="1" changeset="16445685" timestamp="2013-06-06T14:50:58Z" user="kaitu" uid="69717" lat="45.9222765" lon="9.2213198"/>
 <node id="2334467275" visible="true" version="2" changeset="167501328" timestamp="2025-06-11T17:11:58Z" user="kaitu" uid="69717" lat="45.9223058" lon="9.2281904">
  <tag k="description" v="bandierina rosso-bianco-rosso con &quot;1&quot; nero, e testo &quot;Dorsale del Triangolo Lariano&quot;, affissa ad un albero."/>
  <tag k="hiking" v="yes"/>
  <tag k="information" v="route_marker"/>
  <tag k="support" v="tree"/>
  <tag k="tourism" v="information"/>
 </node>
 <node id="2334467282" visible="true" version="1" changeset="16445685" timestamp="2013-06-06T14:50:59Z" user="kaitu" uid="69717" lat="45.9223903" lon="9.2213400"/>
 <node id="2334467287" visible="true" version="2" changeset="106358311" timestamp="2021-06-14T21:13:36Z" user="kaitu" uid="69717" lat="45.9224121" lon="9.2297232"/>
 <node id="2334467293" visible="true" version="1" changeset="16445685" timestamp="2013-06-06T14:50:59Z" user="kaitu" uid="69717" lat="45.9225960" lon="9.2297370"/>
 <node id="2334467323" visible="true" version="1" changeset="16445685" timestamp="2013-06-06T14:51:00Z" user="kaitu" uid="69717" lat="45.9237491" lon="9.2217458"/>
 <node id="2334467369" visible="true" version="3" changeset="167501328" timestamp="2025-06-11T17:11:58Z" user="kaitu" uid="69717" lat="45.9257353" lon="9.2224597">
  <tag k="description" v="trail paint blaze on a tree, symbol: white-red stripes"/>
  <tag k="hiking" v="yes"/>
  <tag k="information" v="route_marker"/>
  <tag k="support" v="tree"/>
  <tag k="tourism" v="information"/>
 </node>
 <node id="2334467398" visible="true" version="3" changeset="167501328" timestamp="2025-06-11T17:11:58Z" user="kaitu" uid="69717" lat="45.9303967" lon="9.2230675">
  <tag k="description" v="trail paint blaze on a rock, symbol: white-red stripes"/>
  <tag k="hiking" v="yes"/>
  <tag k="information" v="route_marker"/>
  <tag k="support" v="rock"/>
  <tag k="tourism" v="information"/>
 </node>
 <node id="2334467405" visible="true" version="2" changeset="32154784" timestamp="2015-06-23T07:39:07Z" user="Daniele Clerici" uid="1827621" lat="45.9310637" lon="9.2233394">
  <tag k="barrier" v="gate"/>
  <tag k="bicycle" v="yes"/>
  <tag k="description" v="cancello apribile, forse serve a limitare i movimenti degli animali"/>
  <tag k="foot" v="yes"/>
 </node>
 <node id="2334467413" visible="true" version="1" changeset="16445685" timestamp="2013-06-06T14:51:03Z" user="kaitu" uid="69717" lat="45.9320483" lon="9.2234038">
  <tag k="barrier" v="gate"/>
  <tag k="bicycle" v="yes"/>
  <tag k="description" v="cancello aggirabile su passaggio laterale a piedi o in bicicletta"/>
  <tag k="foot" v="yes"/>
 </node>
 <node id="2334467456" visible="true" version="1" changeset="16445685" timestamp="2013-06-06T14:51:04Z" user="kaitu" uid="69717" lat="45.9353770" lon="9.2257379"/>
 <node id="2334467465" visible="true" version="1" changeset="16445685" timestamp="2013-06-06T14:51:04Z" user="kaitu" uid="69717" lat="45.9356232" lon="9.2260033"/>
 <node id="2334467555" visible="true" version="1" changeset="16445685" timestamp="2013-06-06T14:51:06Z" user="kaitu" uid="69717" lat="45.9356489" lon="9.2260096">
  <tag k="description" v="3 frecce metalliche grigie con testo in nero inciso, punta rossa, e coda rosso-bianco-rosso"/>
  <tag k="hiking" v="yes"/>
  <tag k="information" v="guidepost"/>
  <tag k="operator" v="Comunità Montana Triangolo Lariano"/>
  <tag k="tourism" v="information"/>
 </node>
 <node id="2334467563" visible="true" version="1" changeset="16445685" timestamp="2013-06-06T14:51:06Z" user="kaitu" uid="69717" lat="45.9357121" lon="9.2261760"/>
 <node id="2334467687" visible="true" version="2" changeset="35527726" timestamp="2015-11-23T11:08:42Z" user="Rove" uid="1088303" lat="45.9422811" lon="9.2351194"/>
 <node id="2334467691" visible="true" version="1" changeset="16445685" timestamp="2013-06-06T14:51:07Z" user="kaitu" uid="69717" lat="45.9424475" lon="9.2352070"/>
 <node id="2334467693" visible="true" version="1" changeset="16445685" timestamp="2013-06-06T14:51:07Z" user="kaitu" uid="69717" lat="45.9424727" lon="9.2349532"/>
 <node id="2334467701" visible="true" version="1" changeset="16445685" timestamp="2013-06-06T14:51:07Z" user="kaitu" uid="69717" lat="45.9449173" lon="9.2381568"/>
 <node id="2381736019" visible="true" version="1" changeset="16916780" timestamp="2013-07-11T20:54:22Z" user="Geofreund1" uid="179581" lat="45.9728956" lon="9.2482391"/>
 <node id="2381736021" visible="true" version="3" changeset="29374063" timestamp="2015-03-09T23:25:25Z" user="Al Bedo Zero39" uid="1181637" lat="45.9704536" lon="9.2497976"/>
 <node id="2381736023" visible="true" version="1" changeset="16916780" timestamp="2013-07-11T20:54:22Z" user="Geofreund1" uid="179581" lat="45.9714694" lon="9.2491804"/>
 <node id="2381736028" visible="true" version="3" changeset="29374063" timestamp="2015-03-09T23:25:25Z" user="Al Bedo Zero39" uid="1181637" lat="45.9701784" lon="9.2498745"/>
 <node id="2381736032" visible="true" version="2" changeset="29374063" timestamp="2015-03-09T23:25:25Z" user="Al Bedo Zero39" uid="1181637" lat="45.9720549" lon="9.2484897"/>
 <node id="2381736034" visible="true" version="2" changeset="29374063" timestamp="2015-03-09T23:25:25Z" user="Al Bedo Zero39" uid="1181637" lat="45.9721181" lon="9.2483995"/>
 <node id="2381736041" visible="true" version="1" changeset="16916780" timestamp="2013-07-11T20:54:22Z" user="Geofreund1" uid="179581" lat="45.9719816" lon="9.2486810"/>
 <node id="2381739533" visible="true" version="1" changeset="16916780" timestamp="2013-07-11T20:56:01Z" user="Geofreund1" uid="179581" lat="45.9730204" lon="9.2482652"/>
 <node id="2381751652" visible="true" version="1" changeset="16916780" timestamp="2013-07-11T21:03:30Z" user="Geofreund1" uid="179581" lat="45.9754374" lon="9.2492551"/>
 <node id="2567239980" visible="true" version="1" changeset="19298419" timestamp="2013-12-05T23:29:44Z" user="jeroenrozema74" uid="183483" lat="45.8274877" lon="9.1135530"/>
 <node id="2567239981" visible="true" version="2" changeset="37379253" timestamp="2016-02-22T23:42:14Z" user="kaitu" uid="69717" lat="45.8278711" lon="9.1134074"/>
 <node id="2567239982" visible="true" version="2" changeset="37379253" timestamp="2016-02-22T23:42:14Z" user="kaitu" uid="69717" lat="45.8279768" lon="9.1137160"/>
 <node id="2567239983" visible="true" version="2" changeset="37379253" timestamp="2016-02-22T23:42:14Z" user="kaitu" uid="69717" lat="45.8280438" lon="9.1142418"/>
 <node id="2567239984" visible="true" version="2" changeset="61059458" timestamp="2018-07-25T14:55:19Z" user="Angelo Giuseppe" uid="5848218" lat="45.8298927" lon="9.1182290"/>
 <node id="2608895744" visible="true" version="2" changeset="19816922" timestamp="2014-01-05T03:32:27Z" user="kaitu" uid="69717" lat="45.8191553" lon="9.0956386"/>
 <node id="2610435702" visible="true" version="1" changeset="19816922" timestamp="2014-01-05T03:31:27Z" user="kaitu" uid="69717" lat="45.8188697" lon="9.0956720"/>
 <node id="2610435779" visible="true" version="1" changeset="19816922" timestamp="2014-01-05T03:31:30Z" user="kaitu" uid="69717" lat="45.8192414" lon="9.0956581">
  <tag k="barrier" v="bollard"/>
  <tag k="bicycle" v="yes"/>
  <tag k="foot" v="yes"/>
 </node>
 <node id="2610435786" visible="true" version="1" changeset="19816922" timestamp="2014-01-05T03:31:31Z" user="kaitu" uid="69717" lat="45.8192748" lon="9.0957097"/>
 <node id="2687536439" visible="true" version="4" changeset="122169393" timestamp="2022-06-09T14:31:44Z" user="kaitu" uid="69717" lat="45.8462188" lon="9.1934629">
  <tag k="description" v="5 frecce grige, a punta rossa e coda rossa-bianca-rossa: &quot;-&gt; BOCCHETTA DI MOLINA, SENTIERO DEI FAGGI 0.45&quot;; &quot;-&gt; ALPE DI LEMNA&quot;; &quot;-&gt; CAPANNA MARA; ERBA FNM 2.10&quot;; &quot;&lt;- BOCC. DI PALANZO 0.30; M. PALANZONE 1.00&quot;; &quot;-&gt; Monte Bolettone; Rifugio Bolettone 0.50&quot;."/>
  <tag k="ele" v="1115"/>
  <tag k="hiking" v="yes"/>
  <tag k="information" v="guidepost"/>
  <tag k="mapillary" v="852690668972624"/>
  <tag k="material" v="metal"/>
  <tag k="name" v="Bocchetta di Lemna"/>
  <tag k="operator" v="Comunità Montana Triangolo Lariano"/>
  <tag k="support" v="pole"/>
  <tag k="tourism" v="information"/>
  <tag k="wikimedia_commons" v="File:Segnavia alla Bocchetta di Lemna.jpg"/>
 </node>
 <node id="2687536446" visible="true" version="5" changeset="111302889" timestamp="2021-09-16T17:42:59Z" user="kaitu" uid="69717" lat="45.8493650" lon="9.1927006">
  <tag k="description" v="2 frecce in metallo su palo, a fondo grigio, scritte nere, punta rossa e coda rossa-bianca-rossa: &quot;-&gt; BOCC. DI PALANZO 0.20; M. PALANZONE 0.50; DORSALE&quot;; &quot;-&gt; PIZZO DELL'ASINO 0.15; BOCC. DI PALANZO 0.25; -DORSALE PER CRESTA-&quot;."/>
  <tag k="hiking" v="yes"/>
  <tag k="information" v="guidepost"/>
  <tag k="mapillary" v="142678064538384"/>
  <tag k="material" v="metal"/>
  <tag k="operator" v="Comunità Montana Triangolo Lariano"/>
  <tag k="support" v="pole"/>
  <tag k="tourism" v="information"/>
  <tag k="wikimedia_commons" v="File:Segnavia per il Pizzo dell'Asino.jpg"/>
 </node>
 <node id="2878892439" visible="true" version="2" changeset="37400221" timestamp="2016-02-23T22:04:22Z" user="kaitu" uid="69717" lat="45.8339710" lon="9.1382765"/>
 <node id="2878892440" visible="true" version="1" changeset="22532598" timestamp="2014-05-24T21:49:42Z" user="kaitu" uid="69717" lat="45.8340913" lon="9.1378636"/>
 <node id="2878892441" visible="true" version="1" changeset="22532598" timestamp="2014-05-24T21:49:42Z" user="kaitu" uid="69717" lat="45.8342498" lon="9.1371311"/>
 <node id="2878892442" visible="true" version="1" changeset="22532598" timestamp="2014-05-24T21:49:42Z" user="kaitu" uid="69717" lat="45.8344828" lon="9.1364187"/>
 <node id="2878892443" visible="true" version="1" changeset="22532598" timestamp="2014-05-24T21:49:42Z" user="kaitu" uid="69717" lat="45.8345900" lon="9.1357866"/>
 <node id="2878892444" visible="true" version="2" changeset="62886935" timestamp="2018-09-24T16:35:47Z" user="aldoct" uid="923271" lat="45.8346889" lon="9.1354226"/>
 <node id="2878892445" visible="true" version="2" changeset="37472529" timestamp="2016-02-26T22:06:13Z" user="kaitu" uid="69717" lat="45.8347899" lon="9.1348302"/>
 <node id="2878892446" visible="true" version="3" changeset="62886935" timestamp="2018-09-24T16:35:47Z" user="aldoct" uid="923271" lat="45.8348725" lon="9.1340617"/>
 <node id="2972117912" visible="true" version="3" changeset="57247816" timestamp="2018-03-16T17:20:12Z" user="kaitu" uid="69717" lat="45.8828538" lon="9.2290206">
  <tag k="description" v="4 segnali a coda rosso-bianco-rosso &quot;&lt;- RIF. PALANZONE 1.20, M. PALANZONE 1.30, DORSALE&quot;; &quot;-&gt; ALPE SPESSOLA 1.00, BOCC. DI TERRABIOTTA 1.20, M. S. PRIMO 2.00&quot;; &quot;&lt;- Grotte presso Colma Squarada&quot;; &quot;&lt;- Abisso Cippei&quot;; segnale legno &quot;RIFUGIO ALPETTO DI TORNO&quot;"/>
  <tag k="ele" v="1123"/>
  <tag k="hiking" v="yes"/>
  <tag k="information" v="guidepost"/>
  <tag k="mapillary" v="WxX2X7dmjcKMns7-y7f8-A;-36a_E-qXSYXsZvfFVcNAQ"/>
  <tag k="material" v="metal;wood"/>
  <tag k="name" v="Colma di Sormano"/>
  <tag k="operator" v="Comunità Montana Triangolo Lariano"/>
  <tag k="support" v="pole"/>
  <tag k="tourism" v="information"/>
 </node>
 <node id="2972117918" visible="true" version="5" changeset="127340698" timestamp="2022-10-11T07:15:28Z" user="kmpoppe (@ Mapillary Update)" uid="14309561" lat="45.8827036" lon="9.2278539">
  <tag k="barrier" v="swing_gate"/>
  <tag k="foot" v="yes"/>
  <tag k="mapillary" v="531899911138494"/>
 </node>
 <node id="2972117921" visible="true" version="1" changeset="24263215" timestamp="2014-07-20T22:14:32Z" user="kaitu" uid="69717" lat="45.8827342" lon="9.2284554"/>
 <node id="2972117922" visible="true" version="1" changeset="24263215" timestamp="2014-07-20T22:14:32Z" user="kaitu" uid="69717" lat="45.8827814" lon="9.2286207"/>
 <node id="2972117923" visible="true" version="1" changeset="24263215" timestamp="2014-07-20T22:14:32Z" user="kaitu" uid="69717" lat="45.8828254" lon="9.2288482"/>
 <node id="2972117926" visible="true" version="2" changeset="62459879" timestamp="2018-09-10T16:26:33Z" user="Martin Borsje" uid="99810" lat="45.8828762" lon="9.2297479"/>
 <node id="2973759290" visible="true" version="3" changeset="121760009" timestamp="2022-05-31T10:08:16Z" user="kaitu" uid="69717" lat="45.8801682" lon="9.2236037">
  <tag k="description" v="4 segnali di direzione metallici a fondo grigio, testo nero inciso, punta rossa e coda rosso-bianco-rosso: &quot;-&gt; RIF. PALANZONE 1.05, M. PALANZONE 1.15&quot;; &quot;-&gt; CAGLIO 0.50&quot;;&quot;&lt;- COLMA DI SORMANO 0.15, DORSALE&quot;; &quot;-&gt; Grotte presso Colma Squarada&quot;."/>
  <tag k="ele" v="1129"/>
  <tag k="hiking" v="yes"/>
  <tag k="information" v="guidepost"/>
  <tag k="mapillary" v="N1bh75JsY6RxadcAU-JFzw;pJI6DKPBHlc3Iv4Dis8zQg"/>
  <tag k="material" v="metal"/>
  <tag k="name" v="Colma di Caglio"/>
  <tag k="operator" v="Comunità Montana Triangolo Lariano"/>
  <tag k="support" v="pole"/>
  <tag k="tourism" v="information"/>
  <tag k="wikimedia_commons" v="File:Segnavia alla Colma di Caglio.jpg"/>
 </node>
 <node id="2973759292" visible="true" version="1" changeset="24283165" timestamp="2014-07-21T21:47:30Z" user="kaitu" uid="69717" lat="45.8663155" lon="9.1989713"/>
 <node id="2973759293" visible="true" version="2" changeset="129156747" timestamp="2022-11-20T13:38:05Z" user="gmarzio" uid="107284" lat="45.8664437" lon="9.1988385"/>
 <node id="2973759294" visible="true" version="1" changeset="24283165" timestamp="2014-07-21T21:47:30Z" user="kaitu" uid="69717" lat="45.8689167" lon="9.2022608"/>
 <node id="2973759295" visible="true" version="1" changeset="24283165" timestamp="2014-07-21T21:47:30Z" user="kaitu" uid="69717" lat="45.8689240" lon="9.2029625"/>
 <node id="2973759296" visible="true" version="1" changeset="24283165" timestamp="2014-07-21T21:47:30Z" user="kaitu" uid="69717" lat="45.8747526" lon="9.2090750"/>
 <node id="2973759297" visible="true" version="1" changeset="24283165" timestamp="2014-07-21T21:47:30Z" user="kaitu" uid="69717" lat="45.8750146" lon="9.2092832"/>
 <node id="2973759298" visible="true" version="1" changeset="24283165" timestamp="2014-07-21T21:47:30Z" user="kaitu" uid="69717" lat="45.8752558" lon="9.2096314"/>
 <node id="2973759299" visible="true" version="1" changeset="24283165" timestamp="2014-07-21T21:47:30Z" user="kaitu" uid="69717" lat="45.8760500" lon="9.2107495"/>
 <node id="2973759300" visible="true" version="1" changeset="24283165" timestamp="2014-07-21T21:47:30Z" user="kaitu" uid="69717" lat="45.8762618" lon="9.2168031"/>
 <node id="2973759302" visible="true" version="1" changeset="24283165" timestamp="2014-07-21T21:47:30Z" user="kaitu" uid="69717" lat="45.8763670" lon="9.2150469"/>
 <node id="2973759304" visible="true" version="1" changeset="24283165" timestamp="2014-07-21T21:47:30Z" user="kaitu" uid="69717" lat="45.8765185" lon="9.2143656"/>
 <node id="2973759305" visible="true" version="1" changeset="24283165" timestamp="2014-07-21T21:47:30Z" user="kaitu" uid="69717" lat="45.8767359" lon="9.2111187"/>
 <node id="2973759306" visible="true" version="1" changeset="24283165" timestamp="2014-07-21T21:47:30Z" user="kaitu" uid="69717" lat="45.8770290" lon="9.2137549"/>
 <node id="2973759307" visible="true" version="1" changeset="24283165" timestamp="2014-07-21T21:47:30Z" user="kaitu" uid="69717" lat="45.8771151" lon="9.2135149"/>
 <node id="2973759309" visible="true" version="1" changeset="24283165" timestamp="2014-07-21T21:47:30Z" user="kaitu" uid="69717" lat="45.8771732" lon="9.2111204"/>
 <node id="2973759310" visible="true" version="1" changeset="24283165" timestamp="2014-07-21T21:47:30Z" user="kaitu" uid="69717" lat="45.8772515" lon="9.2130862"/>
 <node id="2973759311" visible="true" version="1" changeset="24283165" timestamp="2014-07-21T21:47:30Z" user="kaitu" uid="69717" lat="45.8776145" lon="9.2125595"/>
 <node id="2973759313" visible="true" version="1" changeset="24283165" timestamp="2014-07-21T21:47:30Z" user="kaitu" uid="69717" lat="45.8779532" lon="9.2104091"/>
 <node id="2973759314" visible="true" version="1" changeset="24283165" timestamp="2014-07-21T21:47:30Z" user="kaitu" uid="69717" lat="45.8780202" lon="9.2108833"/>
 <node id="2973759318" visible="true" version="1" changeset="24283165" timestamp="2014-07-21T21:47:30Z" user="kaitu" uid="69717" lat="45.8800770" lon="9.2235327"/>
 <node id="2973759320" visible="true" version="2" changeset="121760009" timestamp="2022-05-31T10:08:16Z" user="kaitu" uid="69717" lat="45.8801046" lon="9.2235457"/>
 <node id="2973759322" visible="true" version="1" changeset="24283165" timestamp="2014-07-21T21:47:30Z" user="kaitu" uid="69717" lat="45.8802023" lon="9.2235964"/>
 <node id="2973759327" visible="true" version="1" changeset="24283165" timestamp="2014-07-21T21:47:31Z" user="kaitu" uid="69717" lat="45.8803106" lon="9.2235796"/>
 <node id="2973759328" visible="true" version="1" changeset="24283165" timestamp="2014-07-21T21:47:31Z" user="kaitu" uid="69717" lat="45.8804342" lon="9.2235345"/>
 <node id="2974546008" visible="true" version="1" changeset="24296157" timestamp="2014-07-22T16:25:23Z" user="kaitu" uid="69717" lat="45.8762496" lon="9.2165776"/>
 <node id="2974546013" visible="true" version="2" changeset="121705130" timestamp="2022-05-30T09:47:45Z" user="kaitu" uid="69717" lat="45.8762673" lon="9.2168396"/>
 <node id="2974546014" visible="true" version="2" changeset="121705130" timestamp="2022-05-30T09:47:45Z" user="kaitu" uid="69717" lat="45.8762951" lon="9.2169902">
  <tag k="hiking" v="yes"/>
  <tag k="information" v="route_marker"/>
  <tag k="material" v="metal"/>
  <tag k="operator" v="Comunità Montana Triangolo Lariano;Club Alpino Italiano"/>
  <tag k="support" v="pole"/>
  <tag k="tourism" v="information"/>
 </node>
 <node id="2974546015" visible="true" version="1" changeset="24296157" timestamp="2014-07-22T16:25:23Z" user="kaitu" uid="69717" lat="45.8762971" lon="9.2152694"/>
 <node id="2974546020" visible="true" version="1" changeset="24296157" timestamp="2014-07-22T16:25:24Z" user="kaitu" uid="69717" lat="45.8770603" lon="9.2111788"/>
 <node id="2974546022" visible="true" version="1" changeset="24296157" timestamp="2014-07-22T16:25:24Z" user="kaitu" uid="69717" lat="45.8777583" lon="9.2117887"/>
 <node id="2974546024" visible="true" version="1" changeset="24296157" timestamp="2014-07-22T16:25:24Z" user="kaitu" uid="69717" lat="45.8779896" lon="9.2104087"/>
 <node id="2974549910" visible="true" version="4" changeset="164219192" timestamp="2025-03-28T17:51:48Z" user="Sakhalinio" uid="11258178" lat="45.8710109" lon="9.2080640">
  <tag k="ele" v="1297"/>
  <tag k="name" v="Bocchetta di Caglio"/>
  <tag k="natural" v="saddle"/>
  <tag k="source" v="guidepost in loco"/>
  <tag k="wikidata" v="Q132776499"/>
  <tag k="wikimedia_commons" v="Category:Bocchetta di Caglio"/>
 </node>
 <node id="2974549923" visible="true" version="1" changeset="24296157" timestamp="2014-07-22T16:25:20Z" user="kaitu" uid="69717" lat="45.8607492" lon="9.1979104"/>
 <node id="2974549924" visible="true" version="1" changeset="24296157" timestamp="2014-07-22T16:25:20Z" user="kaitu" uid="69717" lat="45.8608746" lon="9.1977753"/>
 <node id="2974549951" visible="true" version="3" changeset="129156747" timestamp="2022-11-20T13:38:05Z" user="gmarzio" uid="107284" lat="45.8669800" lon="9.1980557"/>
 <node id="2974549958" visible="true" version="1" changeset="24296157" timestamp="2014-07-22T16:25:21Z" user="kaitu" uid="69717" lat="45.8688845" lon="9.2033028"/>
 <node id="2974549959" visible="true" version="1" changeset="24296157" timestamp="2014-07-22T16:25:21Z" user="kaitu" uid="69717" lat="45.8688895" lon="9.2028309"/>
 <node id="2974549960" visible="true" version="1" changeset="24296157" timestamp="2014-07-22T16:25:21Z" user="kaitu" uid="69717" lat="45.8689138" lon="9.2025909"/>
 <node id="2974549962" visible="true" version="1" changeset="24296157" timestamp="2014-07-22T16:25:21Z" user="kaitu" uid="69717" lat="45.8705481" lon="9.2072352"/>
 <node id="2974549963" visible="true" version="4" changeset="154574644" timestamp="2024-07-29T18:06:58Z" user="flschm" uid="12837" lat="45.8706628" lon="9.2075457">
  <tag k="description" v="2 cartelli metallici a fondo grigio, coda rosso-bianco-rosso, punta rossa e testo nero inciso: &quot;M. PALANZONE 0.45, BOCC. DI PALANZO 1.00, -DORSALE PER CRESTA-&quot;, &quot;RIF PALANZONE 0.30, BOCC. DI PALANZO 0.40, -DORSALE-&quot;"/>
  <tag k="hiking" v="yes"/>
  <tag k="information" v="guidepost"/>
  <tag k="material" v="metal"/>
  <tag k="mtb" v="yes"/>
  <tag k="operator" v="Comunità Montana Triangolo Lariano"/>
  <tag k="support" v="pole"/>
  <tag k="tourism" v="information"/>
  <tag k="wikimedia_commons" v="File:Segnavia alla Bocchetta di Caglio 01.jpg"/>
  <tag k="wikimedia_commons:2" v="File:Segnavia alla Bocchetta di Caglio 02.jpg"/>
 </node>
 <node id="2974549964" visible="true" version="1" changeset="24296157" timestamp="2014-07-22T16:25:21Z" user="kaitu" uid="69717" lat="45.8709133" lon="9.2079216"/>
 <node id="2974549978" visible="true" version="1" changeset="24296157" timestamp="2014-07-22T16:25:21Z" user="kaitu" uid="69717" lat="45.8717066" lon="9.2085023"/>
 <node id="2974549986" visible="true" version="1" changeset="24296157" timestamp="2014-07-22T16:25:21Z" user="kaitu" uid="69717" lat="45.8722139" lon="9.2084684"/>
 <node id="2974549988" visible="true" version="1" changeset="24296157" timestamp="2014-07-22T16:25:21Z" user="kaitu" uid="69717" lat="45.8724142" lon="9.2085229"/>
 <node id="2974549990" visible="true" version="1" changeset="24296157" timestamp="2014-07-22T16:25:21Z" user="kaitu" uid="69717" lat="45.8726720" lon="9.2085008"/>
 <node id="2974549992" visible="true" version="1" changeset="24296157" timestamp="2014-07-22T16:25:21Z" user="kaitu" uid="69717" lat="45.8729164" lon="9.2085067"/>
 <node id="2974549995" visible="true" version="1" changeset="24296157" timestamp="2014-07-22T16:25:21Z" user="kaitu" uid="69717" lat="45.8731629" lon="9.2084846"/>
 <node id="2974550000" visible="true" version="1" changeset="24296157" timestamp="2014-07-22T16:25:21Z" user="kaitu" uid="69717" lat="45.8740040" lon="9.2085952"/>
 <node id="3021779333" visible="true" version="3" changeset="92839665" timestamp="2020-10-21T14:31:01Z" user="kaitu" uid="69717" lat="45.8201331" lon="9.0959356"/>
 <node id="3021779335" visible="true" version="2" changeset="37550425" timestamp="2016-03-01T18:37:37Z" user="kaitu" uid="69717" lat="45.8204042" lon="9.0959008"/>
 <node id="3021779433" visible="true" version="1" changeset="24801715" timestamp="2014-08-17T08:20:24Z" user="Taurus77" uid="2044340" lat="45.8202360" lon="9.0958314"/>
 <node id="3021779533" visible="true" version="1" changeset="24801715" timestamp="2014-08-17T08:20:24Z" user="Taurus77" uid="2044340" lat="45.8203266" lon="9.0958077"/>
 <node id="3024045911" visible="true" version="2" changeset="35525513" timestamp="2015-11-23T08:52:40Z" user="Rove" uid="1088303" lat="45.9488533" lon="9.2451714"/>
 <node id="3024045917" visible="true" version="2" changeset="35525513" timestamp="2015-11-23T08:52:40Z" user="Rove" uid="1088303" lat="45.9478400" lon="9.2449448"/>
 <node id="3024045918" visible="true" version="1" changeset="24825830" timestamp="2014-08-18T08:24:02Z" user="s0nik" uid="336137" lat="45.9483560" lon="9.2450450"/>
 <node id="3024045919" visible="true" version="2" changeset="35525513" timestamp="2015-11-23T08:52:40Z" user="Rove" uid="1088303" lat="45.9487137" lon="9.2453028"/>
 <node id="3024045920" visible="true" version="1" changeset="24825830" timestamp="2014-08-18T08:24:02Z" user="s0nik" uid="336137" lat="45.9489070" lon="9.2451460"/>
 <node id="3024045921" visible="true" version="1" changeset="24825830" timestamp="2014-08-18T08:24:02Z" user="s0nik" uid="336137" lat="45.9496250" lon="9.2453120"/>
 <node id="3024045922" visible="true" version="1" changeset="24825830" timestamp="2014-08-18T08:24:02Z" user="s0nik" uid="336137" lat="45.9501890" lon="9.2457880"/>
 <node id="3024045923" visible="true" version="1" changeset="24825830" timestamp="2014-08-18T08:24:02Z" user="s0nik" uid="336137" lat="45.9503700" lon="9.2459930"/>
 <node id="3024045924" visible="true" version="1" changeset="24825830" timestamp="2014-08-18T08:24:02Z" user="s0nik" uid="336137" lat="45.9505760" lon="9.2466460"/>
 <node id="3024045925" visible="true" version="1" changeset="24825830" timestamp="2014-08-18T08:24:02Z" user="s0nik" uid="336137" lat="45.9509760" lon="9.2472340"/>
 <node id="3024045926" visible="true" version="1" changeset="24825830" timestamp="2014-08-18T08:24:02Z" user="s0nik" uid="336137" lat="45.9510430" lon="9.2472740"/>
 <node id="3024045927" visible="true" version="1" changeset="24825830" timestamp="2014-08-18T08:24:02Z" user="s0nik" uid="336137" lat="45.9517530" lon="9.2472580"/>
 <node id="3024045928" visible="true" version="1" changeset="24825830" timestamp="2014-08-18T08:24:02Z" user="s0nik" uid="336137" lat="45.9538300" lon="9.2475930"/>
 <node id="3024045929" visible="true" version="1" changeset="24825830" timestamp="2014-08-18T08:24:02Z" user="s0nik" uid="336137" lat="45.9547230" lon="9.2469510"/>
 <node id="3024045930" visible="true" version="1" changeset="24825830" timestamp="2014-08-18T08:24:02Z" user="s0nik" uid="336137" lat="45.9553950" lon="9.2471140"/>
 <node id="3024045931" visible="true" version="1" changeset="24825830" timestamp="2014-08-18T08:24:02Z" user="s0nik" uid="336137" lat="45.9555280" lon="9.2470340"/>
 <node id="3024045932" visible="true" version="1" changeset="24825830" timestamp="2014-08-18T08:24:02Z" user="s0nik" uid="336137" lat="45.9562130" lon="9.2461400"/>
 <node id="3024045933" visible="true" version="1" changeset="24825830" timestamp="2014-08-18T08:24:02Z" user="s0nik" uid="336137" lat="45.9577330" lon="9.2469300"/>
 <node id="3024045934" visible="true" version="1" changeset="24825830" timestamp="2014-08-18T08:24:02Z" user="s0nik" uid="336137" lat="45.9597660" lon="9.2462560"/>
 <node id="3024045935" visible="true" version="1" changeset="24825830" timestamp="2014-08-18T08:24:02Z" user="s0nik" uid="336137" lat="45.9600680" lon="9.2462160"/>
 <node id="3024045936" visible="true" version="1" changeset="24825830" timestamp="2014-08-18T08:24:02Z" user="s0nik" uid="336137" lat="45.9609220" lon="9.2463770"/>
 <node id="3024045937" visible="true" version="3" changeset="104661528" timestamp="2021-05-13T22:39:12Z" user="Pedisa" uid="4780829" lat="45.9611707" lon="9.2463134"/>
 <node id="3024045938" visible="true" version="2" changeset="62965850" timestamp="2018-09-27T05:58:30Z" user="aldoct" uid="923271" lat="45.9614048" lon="9.2462682"/>
 <node id="3024045939" visible="true" version="2" changeset="62965850" timestamp="2018-09-27T05:58:30Z" user="aldoct" uid="923271" lat="45.9616303" lon="9.2462309"/>
 <node id="3024045940" visible="true" version="2" changeset="62965850" timestamp="2018-09-27T05:58:30Z" user="aldoct" uid="923271" lat="45.9620315" lon="9.2462745"/>
 <node id="3024045941" visible="true" version="1" changeset="24825830" timestamp="2014-08-18T08:24:02Z" user="s0nik" uid="336137" lat="45.9626190" lon="9.2465990"/>
 <node id="3024045942" visible="true" version="1" changeset="24825830" timestamp="2014-08-18T08:24:02Z" user="s0nik" uid="336137" lat="45.9644600" lon="9.2477570"/>
 <node id="3024045943" visible="true" version="1" changeset="24825830" timestamp="2014-08-18T08:24:02Z" user="s0nik" uid="336137" lat="45.9645310" lon="9.2477670"/>
 <node id="3024045944" visible="true" version="1" changeset="24825830" timestamp="2014-08-18T08:24:02Z" user="s0nik" uid="336137" lat="45.9648070" lon="9.2488970"/>
 <node id="3024045945" visible="true" version="2" changeset="62965850" timestamp="2018-09-27T05:58:30Z" user="aldoct" uid="923271" lat="45.9662753" lon="9.2499932"/>
 <node id="3024045946" visible="true" version="2" changeset="62965850" timestamp="2018-09-27T05:58:30Z" user="aldoct" uid="923271" lat="45.9665585" lon="9.2506842"/>
 <node id="3024045947" visible="true" version="1" changeset="24825830" timestamp="2014-08-18T08:24:02Z" user="s0nik" uid="336137" lat="45.9673080" lon="9.2515750"/>
 <node id="3024045948" visible="true" version="1" changeset="24825830" timestamp="2014-08-18T08:24:02Z" user="s0nik" uid="336137" lat="45.9675360" lon="9.2515350"/>
 <node id="3024045949" visible="true" version="1" changeset="24825830" timestamp="2014-08-18T08:24:02Z" user="s0nik" uid="336137" lat="45.9676480" lon="9.2514510"/>
 <node id="3024045950" visible="true" version="2" changeset="67550293" timestamp="2019-02-25T14:10:55Z" user="Pedisa" uid="4780829" lat="45.9677394" lon="9.2513633"/>
 <node id="3024045951" visible="true" version="2" changeset="62965850" timestamp="2018-09-27T05:58:30Z" user="aldoct" uid="923271" lat="45.9680389" lon="9.2510134"/>
 <node id="3024045952" visible="true" version="2" changeset="62965850" timestamp="2018-09-27T05:58:30Z" user="aldoct" uid="923271" lat="45.9681227" lon="9.2509929"/>
 <node id="3024045953" visible="true" version="2" changeset="62965850" timestamp="2018-09-27T05:58:30Z" user="aldoct" uid="923271" lat="45.9689412" lon="9.2510979"/>
 <node id="3024045954" visible="true" version="2" changeset="62965850" timestamp="2018-09-27T05:58:30Z" user="aldoct" uid="923271" lat="45.9690490" lon="9.2509981"/>
 <node id="3024045955" visible="true" version="1" changeset="24825830" timestamp="2014-08-18T08:24:03Z" user="s0nik" uid="336137" lat="45.9699370" lon="9.2498930"/>
 <node id="3066640696" visible="true" version="1" changeset="25307319" timestamp="2014-09-08T13:19:21Z" user="Alexander Elagin" uid="1482676" lat="45.8249669" lon="9.1012078"/>
 <node id="3066640698" visible="true" version="2" changeset="92794364" timestamp="2020-10-21T00:25:29Z" user="kaitu" uid="69717" lat="45.8249655" lon="9.1013063"/>
 <node id="3066640699" visible="true" version="3" changeset="62886935" timestamp="2018-09-24T16:35:47Z" user="aldoct" uid="923271" lat="45.8251566" lon="9.1016838"/>
 <node id="3066640700" visible="true" version="5" changeset="124203327" timestamp="2022-07-28T20:57:38Z" user="ccarre" uid="231934" lat="45.8251944" lon="9.1017826">
  <tag k="barrier" v="cycle_barrier"/>
  <tag k="cycle_barrier" v="single"/>
  <tag k="foot" v="yes"/>
 </node>
 <node id="3066640701" visible="true" version="5" changeset="159239035" timestamp="2024-11-17T11:42:29Z" user="Paolo pn" uid="2370220" lat="45.8253499" lon="9.1023208"/>
 <node id="3213381382" visible="true" version="3" changeset="48453701" timestamp="2017-05-06T14:29:59Z" user="kaitu" uid="69717" lat="45.8991152" lon="9.2451082">
  <tag k="description" v="3 cartelli della comunità montana a coda rosso-bianco-rosso: &quot;&lt;- ALPE SPESSOLA 0.20, BOCC. DI TERRABIOTTA 0.40, M. S. PRIMO 1.20&quot;; &quot;-&gt; COLMA DI SORMANO 0.20&quot;; &quot;-&gt; SORMANO 1.20&quot;; 1 cartello in legno &quot;RIFUGIO ALPETTO DI TORNO 0.30&quot;"/>
  <tag k="ele" v="1233"/>
  <tag k="information" v="guidepost"/>
  <tag k="mapillary" v="FQ_6JuUlZOlfSakql-dViw"/>
  <tag k="name" v="Colma del Bosco"/>
  <tag k="operator" v="Comunità Montana Triangolo Lariano; Rifugio Alpetto di Torno"/>
  <tag k="support" v="pole"/>
  <tag k="tourism" v="information"/>
 </node>
 <node id="3213381389" visible="true" version="1" changeset="27143273" timestamp="2014-11-30T22:41:50Z" user="kaitu" uid="69717" lat="45.8990568" lon="9.2447772"/>
 <node id="3213381391" visible="true" version="1" changeset="27143273" timestamp="2014-11-30T22:41:50Z" user="kaitu" uid="69717" lat="45.8991506" lon="9.2451591"/>
 <node id="3213381428" visible="true" version="1" changeset="27143273" timestamp="2014-11-30T22:41:50Z" user="kaitu" uid="69717" lat="45.9046457" lon="9.2466741"/>
 <node id="3213381431" visible="true" version="1" changeset="27143273" timestamp="2014-11-30T22:41:50Z" user="kaitu" uid="69717" lat="45.9048859" lon="9.2464902"/>
 <node id="3213381983" visible="true" version="1" changeset="27143273" timestamp="2014-11-30T22:41:53Z" user="kaitu" uid="69717" lat="45.9093270" lon="9.2461124"/>
 <node id="3213381988" visible="true" version="2" changeset="48407879" timestamp="2017-05-04T22:23:32Z" user="kaitu" uid="69717" lat="45.9108344" lon="9.2419659"/>
 <node id="3213381989" visible="true" version="3" changeset="48453701" timestamp="2017-05-06T14:29:59Z" user="kaitu" uid="69717" lat="45.9108690" lon="9.2420545">
  <tag k="description" v="2 cartelli metallici grigi, coda r-b-r, testo nero: &quot;&lt;- 2: Colma di Sormano, Alpe Spessola 0.15, Brunate - Dorsale 1&quot;; &quot;-&gt; 2: Parco S. Primo 1.05, Chevrio 2.50, Visgnola - Bellagio - 3.50&quot;."/>
  <tag k="information" v="guidepost"/>
  <tag k="mapillary" v="ZP9nlYBqdrvTXCIP8Ifubg"/>
  <tag k="material" v="metal"/>
  <tag k="support" v="pole"/>
  <tag k="tourism" v="information"/>
 </node>
 <node id="3220579997" visible="true" version="1" changeset="27270457" timestamp="2014-12-05T18:36:21Z" user="kaitu" uid="69717" lat="45.9141030" lon="9.2363863"/>
 <node id="3220579999" visible="true" version="1" changeset="27270457" timestamp="2014-12-05T18:36:21Z" user="kaitu" uid="69717" lat="45.9141672" lon="9.2391780"/>
 <node id="3220580003" visible="true" version="1" changeset="27270457" timestamp="2014-12-05T18:36:21Z" user="kaitu" uid="69717" lat="45.9142564" lon="9.2362529"/>
 <node id="3220580014" visible="true" version="2" changeset="106358311" timestamp="2021-06-14T21:13:36Z" user="kaitu" uid="69717" lat="45.9144193" lon="9.2363154">
  <tag k="description" v="2 cartelli a fondo grigio, coda rosso-bianco-rosso, punta rossa: &quot;-&gt; 1 ALPE DEL BORGO 0.40, ALPE DELLE VILLE 1.10, -DORSALE-&quot;, &quot;&lt;- CIMA DEL COSTONE 0.20, M. S. PRIMO 0.40, DORSALE PER CRESTA&quot;"/>
  <tag k="hiking" v="yes"/>
  <tag k="information" v="guidepost"/>
  <tag k="operator" v="Comunità Montana Triangolo Lariano"/>
  <tag k="tourism" v="information"/>
 </node>
 <node id="3235333518" visible="true" version="1" changeset="27471596" timestamp="2014-12-14T23:45:43Z" user="kaitu" uid="69717" lat="45.8828585" lon="9.2296736"/>
 <node id="3235333523" visible="true" version="6" changeset="124785149" timestamp="2022-08-11T17:05:32Z" user="maurizioa" uid="2498239" lat="45.8829656" lon="9.2298819">
  <tag k="description" v="2 cartelli a fondo grigio, coda rosso-bianco-rosso, punta rossa: &quot;-&gt; ALPE SPESSOLA 1.00, BOCC. DI TERRABIOTTA 1.20, M. S. PRIMO 2.00&quot;, &quot;&lt;- RIF. PALANZONE 1.20, M. PALANZONE 1.30, DORSALE&quot;; cartello in legno &quot;-&gt; RIFUGIO ALPETTO DI TORNO&quot;"/>
  <tag k="direction" v="160"/>
  <tag k="hiking" v="yes"/>
  <tag k="information" v="guidepost"/>
  <tag k="mapillary" v="jwLI0Op0cQE5cfIxKmg_AA"/>
  <tag k="material" v="metal;wood"/>
  <tag k="operator" v="Comunità Montana Triangolo Lariano"/>
  <tag k="support" v="pole"/>
  <tag k="tourism" v="information"/>
 </node>
 <node id="3235333527" visible="true" version="5" changeset="124785149" timestamp="2022-08-11T17:05:32Z" user="maurizioa" uid="2498239" lat="45.8830674" lon="9.2303171"/>
 <node id="3235333529" visible="true" version="4" changeset="62882001" timestamp="2018-09-24T14:07:11Z" user="aldoct" uid="923271" lat="45.8929553" lon="9.2358202"/>
 <node id="3391826806" visible="true" version="1" changeset="29374063" timestamp="2015-03-09T23:25:24Z" user="Al Bedo Zero39" uid="1181637" lat="45.9701167" lon="9.2498707"/>
 <node id="3391826807" visible="true" version="1" changeset="29374063" timestamp="2015-03-09T23:25:24Z" user="Al Bedo Zero39" uid="1181637" lat="45.9703179" lon="9.2497996"/>
 <node id="3391826808" visible="true" version="1" changeset="29374063" timestamp="2015-03-09T23:25:24Z" user="Al Bedo Zero39" uid="1181637" lat="45.9707747" lon="9.2498021"/>
 <node id="3391826809" visible="true" version="1" changeset="29374063" timestamp="2015-03-09T23:25:24Z" user="Al Bedo Zero39" uid="1181637" lat="45.9709298" lon="9.2497935"/>
 <node id="3391826810" visible="true" version="1" changeset="29374063" timestamp="2015-03-09T23:25:24Z" user="Al Bedo Zero39" uid="1181637" lat="45.9711779" lon="9.2497481"/>
 <node id="3391826811" visible="true" version="1" changeset="29374063" timestamp="2015-03-09T23:25:24Z" user="Al Bedo Zero39" uid="1181637" lat="45.9713398" lon="9.2496856"/>
 <node id="3391826812" visible="true" version="1" changeset="29374063" timestamp="2015-03-09T23:25:24Z" user="Al Bedo Zero39" uid="1181637" lat="45.9713952" lon="9.2487879"/>
 <node id="3391826813" visible="true" version="1" changeset="29374063" timestamp="2015-03-09T23:25:24Z" user="Al Bedo Zero39" uid="1181637" lat="45.9714012" lon="9.2488492"/>
 <node id="3391826814" visible="true" version="1" changeset="29374063" timestamp="2015-03-09T23:25:24Z" user="Al Bedo Zero39" uid="1181637" lat="45.9714140" lon="9.2486800"/>
 <node id="3391826815" visible="true" version="1" changeset="29374063" timestamp="2015-03-09T23:25:24Z" user="Al Bedo Zero39" uid="1181637" lat="45.9714174" lon="9.2495948"/>
 <node id="3391826816" visible="true" version="1" changeset="29374063" timestamp="2015-03-09T23:25:24Z" user="Al Bedo Zero39" uid="1181637" lat="45.9714353" lon="9.2486457"/>
 <node id="3391826817" visible="true" version="1" changeset="29374063" timestamp="2015-03-09T23:25:24Z" user="Al Bedo Zero39" uid="1181637" lat="45.9714412" lon="9.2495163"/>
 <node id="3391826818" visible="true" version="1" changeset="29374063" timestamp="2015-03-09T23:25:24Z" user="Al Bedo Zero39" uid="1181637" lat="45.9714566" lon="9.2486285"/>
 <node id="3391826819" visible="true" version="1" changeset="29374063" timestamp="2015-03-09T23:25:24Z" user="Al Bedo Zero39" uid="1181637" lat="45.9714796" lon="9.2486297"/>
 <node id="3391826820" visible="true" version="1" changeset="29374063" timestamp="2015-03-09T23:25:24Z" user="Al Bedo Zero39" uid="1181637" lat="45.9714804" lon="9.2492895"/>
 <node id="3391826821" visible="true" version="1" changeset="29374063" timestamp="2015-03-09T23:25:24Z" user="Al Bedo Zero39" uid="1181637" lat="45.9717769" lon="9.2488164"/>
 <node id="3391826822" visible="true" version="1" changeset="29374063" timestamp="2015-03-09T23:25:24Z" user="Al Bedo Zero39" uid="1181637" lat="45.9718263" lon="9.2488139"/>
 <node id="3391826823" visible="true" version="1" changeset="29374063" timestamp="2015-03-09T23:25:24Z" user="Al Bedo Zero39" uid="1181637" lat="45.9719388" lon="9.2487550"/>
 <node id="3391826824" visible="true" version="1" changeset="29374063" timestamp="2015-03-09T23:25:24Z" user="Al Bedo Zero39" uid="1181637" lat="45.9721655" lon="9.2483405"/>
 <node id="3391826825" visible="true" version="1" changeset="29374063" timestamp="2015-03-09T23:25:24Z" user="Al Bedo Zero39" uid="1181637" lat="45.9722866" lon="9.2482473"/>
 <node id="3442602919" visible="true" version="2" changeset="46768379" timestamp="2017-03-11T18:08:47Z" user="Desmodromico749" uid="4059435" lat="45.9223216" lon="9.2259430"/>
 <node id="3490833210" visible="true" version="2" changeset="35527726" timestamp="2015-11-23T11:08:42Z" user="Rove" uid="1088303" lat="45.9565638" lon="9.2460363"/>
 <node id="3612237323" visible="true" version="1" changeset="32154346" timestamp="2015-06-23T07:11:43Z" user="Daniele Clerici" uid="1827621" lat="45.8426508" lon="9.1835805"/>
 <node id="3612237324" visible="true" version="2" changeset="62875362" timestamp="2018-09-24T10:37:58Z" user="aldoct" uid="923271" lat="45.8427101" lon="9.1837156"/>
 <node id="3612237325" visible="true" version="2" changeset="62875362" timestamp="2018-09-24T10:37:58Z" user="aldoct" uid="923271" lat="45.8427968" lon="9.1840761"/>
 <node id="3612237326" visible="true" version="2" changeset="62875362" timestamp="2018-09-24T10:37:58Z" user="aldoct" uid="923271" lat="45.8428972" lon="9.1841883"/>
 <node id="3612237327" visible="true" version="2" changeset="62875362" timestamp="2018-09-24T10:37:58Z" user="aldoct" uid="923271" lat="45.8430135" lon="9.1842837"/>
 <node id="3612237328" visible="true" version="2" changeset="62875362" timestamp="2018-09-24T10:37:58Z" user="aldoct" uid="923271" lat="45.8430733" lon="9.1843335"/>
 <node id="3612237329" visible="true" version="2" changeset="62875362" timestamp="2018-09-24T10:37:58Z" user="aldoct" uid="923271" lat="45.8433450" lon="9.1849246"/>
 <node id="3612237330" visible="true" version="2" changeset="62875362" timestamp="2018-09-24T10:37:58Z" user="aldoct" uid="923271" lat="45.8434660" lon="9.1850908"/>
 <node id="3612237331" visible="true" version="2" changeset="62875362" timestamp="2018-09-24T10:37:58Z" user="aldoct" uid="923271" lat="45.8436988" lon="9.1852358"/>
 <node id="3612237333" visible="true" version="4" changeset="122164270" timestamp="2022-06-09T12:38:03Z" user="kaitu" uid="69717" lat="45.8440598" lon="9.1855644"/>
 <node id="3612237335" visible="true" version="3" changeset="62875362" timestamp="2018-09-24T10:37:58Z" user="aldoct" uid="923271" lat="45.8441768" lon="9.1865074"/>
 <node id="3612237338" visible="true" version="3" changeset="62875362" timestamp="2018-09-24T10:37:58Z" user="aldoct" uid="923271" lat="45.8442078" lon="9.1877144"/>
 <node id="3612237341" visible="true" version="3" changeset="62875362" timestamp="2018-09-24T10:37:58Z" user="aldoct" uid="923271" lat="45.8444579" lon="9.1889383"/>
 <node id="3612237345" visible="true" version="2" changeset="43877332" timestamp="2016-11-22T18:24:06Z" user="kaitu" uid="69717" lat="45.8444143" lon="9.1893212"/>
 <node id="3612237347" visible="true" version="3" changeset="62875362" timestamp="2018-09-24T10:37:58Z" user="aldoct" uid="923271" lat="45.8444120" lon="9.1897041"/>
 <node id="3612237348" visible="true" version="3" changeset="62875362" timestamp="2018-09-24T10:37:58Z" user="aldoct" uid="923271" lat="45.8443490" lon="9.1899429"/>
 <node id="3612237350" visible="true" version="3" changeset="62875362" timestamp="2018-09-24T10:37:58Z" user="aldoct" uid="923271" lat="45.8443227" lon="9.1903077"/>
 <node id="3612237352" visible="true" version="3" changeset="62875362" timestamp="2018-09-24T10:37:58Z" user="aldoct" uid="923271" lat="45.8445305" lon="9.1907823"/>
 <node id="3612237358" visible="true" version="3" changeset="62875362" timestamp="2018-09-24T10:37:58Z" user="aldoct" uid="923271" lat="45.8447611" lon="9.1918959"/>
 <node id="3612237359" visible="true" version="3" changeset="62875362" timestamp="2018-09-24T10:37:58Z" user="aldoct" uid="923271" lat="45.8446715" lon="9.1915306"/>
 <node id="3612237363" visible="true" version="3" changeset="62875362" timestamp="2018-09-24T10:37:58Z" user="aldoct" uid="923271" lat="45.8454318" lon="9.1925883"/>
 <node id="3612238474" visible="true" version="2" changeset="43877332" timestamp="2016-11-22T18:24:06Z" user="kaitu" uid="69717" lat="45.8482126" lon="9.1928585"/>
 <node id="3612238475" visible="true" version="2" changeset="43880180" timestamp="2016-11-22T20:43:43Z" user="kaitu" uid="69717" lat="45.8504409" lon="9.1943178"/>
 <node id="3612238476" visible="true" version="2" changeset="43880180" timestamp="2016-11-22T20:43:43Z" user="kaitu" uid="69717" lat="45.8516444" lon="9.1938542"/>
 <node id="3612238478" visible="true" version="3" changeset="62882001" timestamp="2018-09-24T14:07:11Z" user="aldoct" uid="923271" lat="45.8528070" lon="9.1934878"/>
 <node id="3612238479" visible="true" version="2" changeset="43880180" timestamp="2016-11-22T20:43:43Z" user="kaitu" uid="69717" lat="45.8529524" lon="9.1932891"/>
 <node id="3612238480" visible="true" version="2" changeset="43880180" timestamp="2016-11-22T20:43:43Z" user="kaitu" uid="69717" lat="45.8543900" lon="9.1939105"/>
 <node id="3612238481" visible="true" version="1" changeset="32154385" timestamp="2015-06-23T07:14:09Z" user="Daniele Clerici" uid="1827621" lat="45.8553522" lon="9.1952492"/>
 <node id="3612238482" visible="true" version="1" changeset="32154385" timestamp="2015-06-23T07:14:09Z" user="Daniele Clerici" uid="1827621" lat="45.8557308" lon="9.1959099"/>
 <node id="3612238483" visible="true" version="1" changeset="32154385" timestamp="2015-06-23T07:14:09Z" user="Daniele Clerici" uid="1827621" lat="45.8557729" lon="9.1960949"/>
 <node id="3612238484" visible="true" version="1" changeset="32154385" timestamp="2015-06-23T07:14:09Z" user="Daniele Clerici" uid="1827621" lat="45.8558912" lon="9.1962573"/>
 <node id="3612238485" visible="true" version="2" changeset="43880180" timestamp="2016-11-22T20:43:43Z" user="kaitu" uid="69717" lat="45.8562974" lon="9.1970478"/>
 <node id="3612239063" visible="true" version="2" changeset="62882001" timestamp="2018-09-24T14:07:11Z" user="aldoct" uid="923271" lat="45.8626476" lon="9.1991012"/>
 <node id="3612239064" visible="true" version="2" changeset="62882001" timestamp="2018-09-24T14:07:11Z" user="aldoct" uid="923271" lat="45.8631802" lon="9.1993978"/>
 <node id="3612239066" visible="true" version="2" changeset="62882001" timestamp="2018-09-24T14:07:11Z" user="aldoct" uid="923271" lat="45.8639370" lon="9.1993095"/>
 <node id="3612239067" visible="true" version="2" changeset="62882001" timestamp="2018-09-24T14:07:11Z" user="aldoct" uid="923271" lat="45.8637974" lon="9.1993069"/>
 <node id="3612239068" visible="true" version="2" changeset="62882001" timestamp="2018-09-24T14:07:11Z" user="aldoct" uid="923271" lat="45.8652834" lon="9.1995290"/>
 <node id="3612239069" visible="true" version="3" changeset="129156747" timestamp="2022-11-20T13:38:05Z" user="gmarzio" uid="107284" lat="45.8659276" lon="9.1992850"/>
 <node id="3612239070" visible="true" version="3" changeset="129156747" timestamp="2022-11-20T13:38:05Z" user="gmarzio" uid="107284" lat="45.8660659" lon="9.1992193"/>
 <node id="3612239071" visible="true" version="1" changeset="32154414" timestamp="2015-06-23T07:16:02Z" user="Daniele Clerici" uid="1827621" lat="45.8679749" lon="9.2012382"/>
 <node id="3612240156" visible="true" version="2" changeset="57206822" timestamp="2018-03-15T10:57:32Z" user="kaitu" uid="69717" lat="45.8827677" lon="9.2253875"/>
 <node id="3612250503" visible="true" version="2" changeset="48407879" timestamp="2017-05-04T22:23:32Z" user="kaitu" uid="69717" lat="45.9005782" lon="9.2470549"/>
 <node id="3612260171" visible="true" version="1" changeset="32154784" timestamp="2015-06-23T07:39:06Z" user="Daniele Clerici" uid="1827621" lat="45.9275762" lon="9.2228032"/>
 <node id="3612260172" visible="true" version="1" changeset="32154784" timestamp="2015-06-23T07:39:06Z" user="Daniele Clerici" uid="1827621" lat="45.9314182" lon="9.2234111"/>
 <node id="3662840170" visible="true" version="1" changeset="32822101" timestamp="2015-07-23T10:38:37Z" user="rene78" uid="257555" lat="45.9225479" lon="9.2335827"/>
 <node id="3662840171" visible="true" version="1" changeset="32822101" timestamp="2015-07-23T10:38:37Z" user="rene78" uid="257555" lat="45.9225822" lon="9.2334456"/>
 <node id="3662840189" visible="true" version="2" changeset="38843032" timestamp="2016-04-24T21:54:24Z" user="kaitu" uid="69717" lat="45.9199507" lon="9.2378584"/>
 <node id="3697864878" visible="true" version="3" changeset="37532234" timestamp="2016-02-29T22:16:24Z" user="kaitu" uid="69717" lat="45.8251756" lon="9.1119492">
  <tag k="description" v="2 cartelli a coda rosso-bianco rosso e scritte nere incise: &quot;&lt;- Baita Carla 0.10, Baita Bondella 0.25, Rifugio Boletto 0.40&quot;; &quot;-&gt; Civiglio 1.00&quot;"/>
  <tag k="information" v="guidepost"/>
  <tag k="material" v="metal"/>
  <tag k="operator" v="Comunità Montana Triangolo Lariano"/>
  <tag k="tourism" v="information"/>
 </node>
 <node id="3697864894" visible="true" version="1" changeset="33344161" timestamp="2015-08-14T22:47:36Z" user="kaitu" uid="69717" lat="45.8278303" lon="9.1134061"/>
 <node id="3763137232" visible="true" version="1" changeset="34313833" timestamp="2015-09-28T21:13:05Z" user="sabas88" uid="454589" lat="45.9676802" lon="9.2514138"/>
 <node id="3854006664" visible="true" version="1" changeset="35525513" timestamp="2015-11-23T08:52:31Z" user="Rove" uid="1088303" lat="45.9447403" lon="9.2387921"/>
 <node id="3854006676" visible="true" version="1" changeset="35525513" timestamp="2015-11-23T08:52:31Z" user="Rove" uid="1088303" lat="45.9449842" lon="9.2381688"/>
 <node id="3854006684" visible="true" version="1" changeset="35525513" timestamp="2015-11-23T08:52:32Z" user="Rove" uid="1088303" lat="45.9450409" lon="9.2383153"/>
 <node id="3854006730" visible="true" version="1" changeset="35525513" timestamp="2015-11-23T08:52:33Z" user="Rove" uid="1088303" lat="45.9454440" lon="9.2394004"/>
 <node id="3854006747" visible="true" version="1" changeset="35525513" timestamp="2015-11-23T08:52:33Z" user="Rove" uid="1088303" lat="45.9455652" lon="9.2392144"/>
 <node id="3854006807" visible="true" version="1" changeset="35525513" timestamp="2015-11-23T08:52:34Z" user="Rove" uid="1088303" lat="45.9486236" lon="9.2453244"/>
 <node id="3854006811" visible="true" version="1" changeset="35525513" timestamp="2015-11-23T08:52:34Z" user="Rove" uid="1088303" lat="45.9487926" lon="9.2452495"/>
 <node id="3854006820" visible="true" version="1" changeset="35525513" timestamp="2015-11-23T08:52:34Z" user="Rove" uid="1088303" lat="45.9491599" lon="9.2451510"/>
 <node id="3854020353" visible="true" version="1" changeset="35525698" timestamp="2015-11-23T09:04:17Z" user="Rove" uid="1088303" lat="45.9423235" lon="9.2345045"/>
 <node id="3854208287" visible="true" version="2" changeset="48931364" timestamp="2017-05-24T00:16:58Z" user="PatrickOC" uid="5627327" lat="45.9384536" lon="9.2290302"/>
 <node id="3854208332" visible="true" version="1" changeset="35527726" timestamp="2015-11-23T11:08:36Z" user="Rove" uid="1088303" lat="45.9396503" lon="9.2322480"/>
 <node id="3854208333" visible="true" version="1" changeset="35527726" timestamp="2015-11-23T11:08:36Z" user="Rove" uid="1088303" lat="45.9396650" lon="9.2321821"/>
 <node id="3854208334" visible="true" version="1" changeset="35527726" timestamp="2015-11-23T11:08:36Z" user="Rove" uid="1088303" lat="45.9396977" lon="9.2323869"/>
 <node id="3854208337" visible="true" version="1" changeset="35527726" timestamp="2015-11-23T11:08:36Z" user="Rove" uid="1088303" lat="45.9397567" lon="9.2324176"/>
 <node id="3854208340" visible="true" version="1" changeset="35527726" timestamp="2015-11-23T11:08:36Z" user="Rove" uid="1088303" lat="45.9399384" lon="9.2325282"/>
 <node id="3854208341" visible="true" version="1" changeset="35527726" timestamp="2015-11-23T11:08:36Z" user="Rove" uid="1088303" lat="45.9399990" lon="9.2321021"/>
 <node id="3854208343" visible="true" version="1" changeset="35527726" timestamp="2015-11-23T11:08:36Z" user="Rove" uid="1088303" lat="45.9401578" lon="9.2320974"/>
 <node id="3854208344" visible="true" version="1" changeset="35527726" timestamp="2015-11-23T11:08:36Z" user="Rove" uid="1088303" lat="45.9402348" lon="9.2327902"/>
 <node id="3854208345" visible="true" version="1" changeset="35527726" timestamp="2015-11-23T11:08:36Z" user="Rove" uid="1088303" lat="45.9405065" lon="9.2319537"/>
 <node id="3854208350" visible="true" version="1" changeset="35527726" timestamp="2015-11-23T11:08:36Z" user="Rove" uid="1088303" lat="45.9410735" lon="9.2317489"/>
 <node id="3854208355" visible="true" version="1" changeset="35527726" timestamp="2015-11-23T11:08:36Z" user="Rove" uid="1088303" lat="45.9411120" lon="9.2316677"/>
 <node id="3854208356" visible="true" version="1" changeset="35527726" timestamp="2015-11-23T11:08:36Z" user="Rove" uid="1088303" lat="45.9411120" lon="9.2317336"/>
 <node id="3854209991" visible="true" version="1" changeset="35527726" timestamp="2015-11-23T11:08:37Z" user="Rove" uid="1088303" lat="45.9414211" lon="9.2334809"/>
 <node id="3854209992" visible="true" version="1" changeset="35527726" timestamp="2015-11-23T11:08:37Z" user="Rove" uid="1088303" lat="45.9420087" lon="9.2353051"/>
 <node id="3854209993" visible="true" version="1" changeset="35527726" timestamp="2015-11-23T11:08:37Z" user="Rove" uid="1088303" lat="45.9420758" lon="9.2350920"/>
 <node id="3854209994" visible="true" version="1" changeset="35527726" timestamp="2015-11-23T11:08:37Z" user="Rove" uid="1088303" lat="45.9420939" lon="9.2339605"/>
 <node id="3854209995" visible="true" version="1" changeset="35527726" timestamp="2015-11-23T11:08:37Z" user="Rove" uid="1088303" lat="45.9422017" lon="9.2350565"/>
 <node id="3854209996" visible="true" version="1" changeset="35527726" timestamp="2015-11-23T11:08:37Z" user="Rove" uid="1088303" lat="45.9424006" lon="9.2351954"/>
 <node id="3854209997" visible="true" version="1" changeset="35527726" timestamp="2015-11-23T11:08:37Z" user="Rove" uid="1088303" lat="45.9425005" lon="9.2351719"/>
 <node id="3854209998" visible="true" version="1" changeset="35527726" timestamp="2015-11-23T11:08:37Z" user="Rove" uid="1088303" lat="45.9425111" lon="9.2350436"/>
 <node id="3854210036" visible="true" version="2" changeset="62965850" timestamp="2018-09-27T05:58:30Z" user="aldoct" uid="923271" lat="45.9564148" lon="9.2459367"/>
 <node id="3854210038" visible="true" version="2" changeset="62965850" timestamp="2018-09-27T05:58:30Z" user="aldoct" uid="923271" lat="45.9564909" lon="9.2459502"/>
 <node id="3854210047" visible="true" version="1" changeset="35527726" timestamp="2015-11-23T11:08:38Z" user="Rove" uid="1088303" lat="45.9567294" lon="9.2459491"/>
 <node id="3854522202" visible="true" version="1" changeset="35531967" timestamp="2015-11-23T15:00:12Z" user="Rove" uid="1088303" lat="45.9602284" lon="9.2462180"/>
 <node id="3854522203" visible="true" version="1" changeset="35531967" timestamp="2015-11-23T15:00:12Z" user="Rove" uid="1088303" lat="45.9603605" lon="9.2462614"/>
 <node id="3854522204" visible="true" version="1" changeset="35531967" timestamp="2015-11-23T15:00:12Z" user="Rove" uid="1088303" lat="45.9605801" lon="9.2464183"/>
 <node id="3854522208" visible="true" version="1" changeset="35531967" timestamp="2015-11-23T15:00:13Z" user="Rove" uid="1088303" lat="45.9606849" lon="9.2463791"/>
 <node id="3854522210" visible="true" version="1" changeset="35531967" timestamp="2015-11-23T15:00:13Z" user="Rove" uid="1088303" lat="45.9610938" lon="9.2463306"/>
 <node id="4020693779" visible="true" version="2" changeset="62886935" timestamp="2018-09-24T16:35:47Z" user="aldoct" uid="923271" lat="45.8267747" lon="9.1138043">
  <tag k="highway" v="passing_place"/>
 </node>
 <node id="4021678214" visible="true" version="2" changeset="37472529" timestamp="2016-02-26T22:06:14Z" user="kaitu" uid="69717" lat="45.8314909" lon="9.1205166">
  <tag k="description" v="2 cartelli a coda rosso-bianco-rosso, punta rossa, fondo grigio, testo nero inciso: &quot;-&gt; Pizzo dei Tre Termini 0.15, Monte Boletto 0.30 -Dorsale per cresta-&quot;; &quot;-&gt; Baita Bondella 0.10, Baita Boletto 0.20, Monte Bolettto 0.35&quot;."/>
  <tag k="hiking" v="yes"/>
  <tag k="information" v="guidepost"/>
  <tag k="material" v="metal"/>
  <tag k="operator" v="Comunità Montana Triangolo Lariano"/>
  <tag k="tourism" v="information"/>
 </node>
 <node id="4022717120" visible="true" version="2" changeset="37472529" timestamp="2016-02-26T22:06:14Z" user="kaitu" uid="69717" lat="45.8337324" lon="9.1389371"/>
 <node id="4022717124" visible="true" version="1" changeset="37400221" timestamp="2016-02-23T22:04:12Z" user="kaitu" uid="69717" lat="45.8338222" lon="9.1403603">
  <tag k="description" v="1 freccia in metallo su palo, a fondo grigio, scritte nere incise, punta rossa e coda rossa-bianca-rossa: &quot;-&gt; BOCCHETTA DI MOLINA, CAPANNA S. PIETRO 0.40 -DORSALE-&quot;"/>
  <tag k="hiking" v="yes"/>
  <tag k="information" v="guidepost"/>
  <tag k="operator" v="Comunità Montana Triangolo Lariano"/>
  <tag k="tourism" v="information"/>
 </node>
 <node id="4029003648" visible="true" version="1" changeset="37472529" timestamp="2016-02-26T22:05:57Z" user="kaitu" uid="69717" lat="45.8338446" lon="9.1386815"/>
 <node id="4029003655" visible="true" version="1" changeset="37472529" timestamp="2016-02-26T22:05:57Z" user="kaitu" uid="69717" lat="45.8345285" lon="9.1361494"/>
 <node id="4029003673" visible="true" version="2" changeset="61083696" timestamp="2018-07-26T10:19:56Z" user="Angelo Giuseppe" uid="5848218" lat="45.8352719" lon="9.1290616">
  <tag k="highway" v="passing_place"/>
 </node>
 <node id="4029003675" visible="true" version="1" changeset="37472529" timestamp="2016-02-26T22:05:58Z" user="kaitu" uid="69717" lat="45.8352640" lon="9.1278449"/>
 <node id="4035200811" visible="true" version="1" changeset="37550425" timestamp="2016-03-01T18:37:22Z" user="kaitu" uid="69717" lat="45.8214089" lon="9.0963507"/>
 <node id="4036257036" visible="true" version="1" changeset="37564044" timestamp="2016-03-02T11:10:57Z" user="kaitu" uid="69717" lat="45.8201884" lon="9.0959531"/>
 <node id="4145211673" visible="true" version="1" changeset="38843032" timestamp="2016-04-24T21:54:06Z" user="kaitu" uid="69717" lat="45.9199387" lon="9.2377892">
  <tag k="description" v="4 cartelli metallici a fondo grigio, testo nero, punta rossa, segnavia 1: &quot;&lt;- ALPE TERRA BIOTTA 0.30&quot;; &quot;&lt;- COLMA DI SORMANO 1.30&quot;; &quot;&lt;- MONTE PALANZONE 3.00&quot;; &quot;&lt;- BRUNATE 7.00&quot;; &quot;-&gt; BELLAGIO 3.05&quot;."/>
  <tag k="hiking" v="yes"/>
  <tag k="information" v="guidepost"/>
  <tag k="operator" v="Comunità Montana Triangolo Lariano"/>
  <tag k="tourism" v="information"/>
 </node>
 <node id="4145211817" visible="true" version="1" changeset="38843032" timestamp="2016-04-24T21:54:07Z" user="kaitu" uid="69717" lat="45.9221693" lon="9.2353490"/>
 <node id="4145211818" visible="true" version="1" changeset="38843032" timestamp="2016-04-24T21:54:07Z" user="kaitu" uid="69717" lat="45.9221836" lon="9.2351956"/>
 <node id="4145211824" visible="true" version="1" changeset="38843032" timestamp="2016-04-24T21:54:08Z" user="kaitu" uid="69717" lat="45.9222728" lon="9.2352793"/>
 <node id="4145211829" visible="true" version="1" changeset="38843032" timestamp="2016-04-24T21:54:08Z" user="kaitu" uid="69717" lat="45.9225068" lon="9.2333965">
  <tag k="description" v="cartello metallico su palo, a fondo bianco, punta rossa e scritta nera &quot;MONTE S. PRIMO m. 1686&quot;"/>
  <tag k="hiking" v="yes"/>
  <tag k="information" v="guidepost"/>
  <tag k="material" v="metal"/>
  <tag k="operator" v="Comunità Montana Triangolo Lariano"/>
  <tag k="tourism" v="information"/>
 </node>
 <node id="4147723891" visible="true" version="5" changeset="124785149" timestamp="2022-08-11T17:05:32Z" user="maurizioa" uid="2498239" lat="45.9094285" lon="9.2461247">
  <tag k="description" v="3 cartelli della comunità montana a coda r-b-r: &quot;&lt;- BOCC. DI TERRABIOTTA 0.20, M. S. PRIMO 1.00&quot;; &quot;-&gt; COLMA DI SORMANO 0.40&quot;; &quot;-&gt; SORGENTI DEL LAMBRO 1.10, MAGREGLIO 1.35&quot;; 1 cartello in legno &quot;RIFUGIO ALPETTO DI TORNO 0.10&quot;; bandierina &quot;1&quot; della Dorsale."/>
  <tag k="ele" v="1237"/>
  <tag k="information" v="guidepost"/>
  <tag k="mapillary" v="HctnWB9AFOTBEZyW94rs8Q"/>
  <tag k="name" v="Alpe Spessola"/>
  <tag k="operator" v="Comunità Montana Triangolo Lariano; Rifugio Alpetto di Torno"/>
  <tag k="support" v="pole"/>
  <tag k="tourism" v="information"/>
 </node>
 <node id="4147723896" visible="true" version="1" changeset="38868394" timestamp="2016-04-25T21:24:07Z" user="kaitu" uid="69717" lat="45.9192242" lon="9.2380435"/>
 <node id="4147723918" visible="true" version="1" changeset="38868394" timestamp="2016-04-25T21:24:07Z" user="kaitu" uid="69717" lat="45.9230061" lon="9.2301441"/>
 <node id="4147723926" visible="true" version="1" changeset="38868394" timestamp="2016-04-25T21:24:07Z" user="kaitu" uid="69717" lat="45.9233671" lon="9.2303766"/>
 <node id="4147723935" visible="true" version="2" changeset="55876373" timestamp="2018-01-29T23:31:36Z" user="PatrickOC" uid="5627327" lat="45.9238806" lon="9.2312525"/>
 <node id="4147723942" visible="true" version="2" changeset="55876373" timestamp="2018-01-29T23:31:36Z" user="PatrickOC" uid="5627327" lat="45.9238972" lon="9.2308176"/>
 <node id="4147723947" visible="true" version="1" changeset="38868394" timestamp="2016-04-25T21:24:08Z" user="kaitu" uid="69717" lat="45.9239239" lon="9.2308549">
  <tag k="barrier" v="lift_gate"/>
  <tag k="bicycle" v="yes"/>
  <tag k="foot" v="yes"/>
  <tag k="vehicle" v="private"/>
 </node>
 <node id="4147723949" visible="true" version="1" changeset="38868394" timestamp="2016-04-25T21:24:08Z" user="kaitu" uid="69717" lat="45.9239325" lon="9.2308465">
  <tag k="description" v="&quot;-&gt; 1: Bocch.Terrabiotta 1.00, S.Primo Vetta -39- 1.50, Brunate 7.30&quot;; &quot;&lt;- 1: Brogno 1.45, Guggiate 2.30, Bellagio -Imbarcadero 3.00&quot;; &quot;&lt;- 2: A.Magreglio 0.30, A.Spessola 1.30, Brunate&quot;; &quot;-&gt; 2: Sasso Lentina 0.15, Chevrio 1.45, Visgnola -Bellagio 2.45&quot;."/>
  <tag k="hiking" v="yes"/>
  <tag k="information" v="guidepost"/>
  <tag k="tourism" v="information"/>
 </node>
 <node id="4147723951" visible="true" version="1" changeset="38868394" timestamp="2016-04-25T21:24:08Z" user="kaitu" uid="69717" lat="45.9239617" lon="9.2309272"/>
 <node id="4147723952" visible="true" version="1" changeset="38868394" timestamp="2016-04-25T21:24:08Z" user="kaitu" uid="69717" lat="45.9239909" lon="9.2310921"/>
 <node id="4341618528" visible="true" version="2" changeset="48377657" timestamp="2017-05-03T22:10:16Z" user="kaitu" uid="69717" lat="45.8932571" lon="9.2359077"/>
 <node id="4343037885" visible="true" version="1" changeset="41347654" timestamp="2016-08-09T15:23:14Z" user="Ride Trail Map" uid="508672" lat="45.9593562" lon="9.2465336"/>
 <node id="4481560771" visible="true" version="1" changeset="43399353" timestamp="2016-11-04T11:42:09Z" user="VehoMMC" uid="4512167" lat="45.9757152" lon="9.2492499"/>
 <node id="4515758811" visible="true" version="3" changeset="122169393" timestamp="2022-06-09T14:31:44Z" user="kaitu" uid="69717" lat="45.8460776" lon="9.1932964"/>
 <node id="4515969324" visible="true" version="1" changeset="43880180" timestamp="2016-11-22T20:43:42Z" user="kaitu" uid="69717" lat="45.8505150" lon="9.1944375"/>
 <node id="4515969325" visible="true" version="1" changeset="43880180" timestamp="2016-11-22T20:43:42Z" user="kaitu" uid="69717" lat="45.8506476" lon="9.1944670"/>
 <node id="4515969326" visible="true" version="1" changeset="43880180" timestamp="2016-11-22T20:43:42Z" user="kaitu" uid="69717" lat="45.8508102" lon="9.1943302"/>
 <node id="4612343627" visible="true" version="2" changeset="169508398" timestamp="2025-07-26T13:56:15Z" user="user_8722718" uid="8722718" lat="45.9218586" lon="9.2320835"/>
 <node id="4612399603" visible="true" version="1" changeset="45222178" timestamp="2017-01-16T18:20:10Z" user="Cortix" uid="2165334" lat="45.9150288" lon="9.2383074"/>
 <node id="4639783404" visible="true" version="1" changeset="45594015" timestamp="2017-01-28T14:37:31Z" user="Davide Franchi" uid="5168638" lat="45.9226458" lon="9.2316476"/>
 <node id="4653008663" visible="true" version="1" changeset="45720593" timestamp="2017-02-01T16:22:27Z" user="Stefano Covino" uid="5113131" lat="45.8618518" lon="9.1977209"/>
 <node id="4833563128" visible="true" version="1" changeset="48377657" timestamp="2017-05-03T22:10:15Z" user="kaitu" uid="69717" lat="45.8934927" lon="9.2359386"/>
 <node id="4833563129" visible="true" version="3" changeset="102077132" timestamp="2021-03-31T20:06:25Z" user="Superste230" uid="10998670" lat="45.8926834" lon="9.2357965">
  <tag k="ele" v="1185"/>
  <tag k="mountain_pass" v="yes"/>
  <tag k="name" v="Colma dei Cippiei"/>
  <tag k="natural" v="saddle"/>
  <tag k="source" v="http://www.massimoperlabici.eu/Sito%20Max%20v1.0/No-Asfal/pnlomb/bosco.htm"/>
 </node>
 <node id="4833563130" visible="true" version="1" changeset="48377657" timestamp="2017-05-03T22:10:15Z" user="kaitu" uid="69717" lat="45.8925182" lon="9.2357469"/>
 <node id="4833563131" visible="true" version="2" changeset="62882001" timestamp="2018-09-24T14:07:12Z" user="aldoct" uid="923271" lat="45.8919861" lon="9.2357683"/>
 <node id="4833563132" visible="true" version="1" changeset="48377657" timestamp="2017-05-03T22:10:15Z" user="kaitu" uid="69717" lat="45.8916389" lon="9.2357482"/>
 <node id="4833563133" visible="true" version="2" changeset="62882001" timestamp="2018-09-24T14:07:12Z" user="aldoct" uid="923271" lat="45.8918321" lon="9.2357817"/>
 <node id="4835613748" visible="true" version="2" changeset="62943115" timestamp="2018-09-26T11:12:43Z" user="aldoct" uid="923271" lat="45.9109499" lon="9.2398307"/>
 <node id="4835613750" visible="true" version="1" changeset="48407879" timestamp="2017-05-04T22:23:29Z" user="kaitu" uid="69717" lat="45.9035035" lon="9.2474621"/>
 <node id="4835613751" visible="true" version="1" changeset="48407879" timestamp="2017-05-04T22:23:29Z" user="kaitu" uid="69717" lat="45.9030265" lon="9.2479852"/>
 <node id="4835613752" visible="true" version="1" changeset="48407879" timestamp="2017-05-04T22:23:29Z" user="kaitu" uid="69717" lat="45.9019359" lon="9.2484680"/>
 <node id="4835613753" visible="true" version="1" changeset="48407879" timestamp="2017-05-04T22:23:30Z" user="kaitu" uid="69717" lat="45.9012656" lon="9.2484772"/>
 <node id="4835613754" visible="true" version="1" changeset="48407879" timestamp="2017-05-04T22:23:30Z" user="kaitu" uid="69717" lat="45.8993065" lon="9.2455503"/>
 <node id="4837589975" visible="true" version="1" changeset="48439697" timestamp="2017-05-05T22:14:33Z" user="kaitu" uid="69717" lat="45.8846601" lon="9.2309980"/>
 <node id="4837589976" visible="true" version="1" changeset="48439697" timestamp="2017-05-05T22:14:33Z" user="kaitu" uid="69717" lat="45.8850550" lon="9.2311066"/>
 <node id="4837589977" visible="true" version="1" changeset="48439697" timestamp="2017-05-05T22:14:33Z" user="kaitu" uid="69717" lat="45.8863657" lon="9.2313467"/>
 <node id="4837589978" visible="true" version="1" changeset="48439697" timestamp="2017-05-05T22:14:33Z" user="kaitu" uid="69717" lat="45.8875892" lon="9.2313700"/>
 <node id="4837589979" visible="true" version="1" changeset="48439697" timestamp="2017-05-05T22:14:33Z" user="kaitu" uid="69717" lat="45.8871620" lon="9.2312890"/>
 <node id="4837589980" visible="true" version="1" changeset="48439697" timestamp="2017-05-05T22:14:33Z" user="kaitu" uid="69717" lat="45.8884297" lon="9.2323297"/>
 <node id="4837589981" visible="true" version="1" changeset="48439697" timestamp="2017-05-05T22:14:33Z" user="kaitu" uid="69717" lat="45.8902518" lon="9.2352507"/>
 <node id="4837589982" visible="true" version="1" changeset="48439697" timestamp="2017-05-05T22:14:33Z" user="kaitu" uid="69717" lat="45.8906662" lon="9.2354719"/>
 <node id="4837589983" visible="true" version="1" changeset="48439697" timestamp="2017-05-05T22:14:33Z" user="kaitu" uid="69717" lat="45.8910928" lon="9.2356959"/>
 <node id="4913829029" visible="true" version="1" changeset="49515369" timestamp="2017-06-14T00:37:27Z" user="PatrickOC" uid="5627327" lat="45.9309192" lon="9.2233124"/>
 <node id="5371378751" visible="true" version="1" changeset="55876373" timestamp="2018-01-29T23:31:35Z" user="PatrickOC" uid="5627327" lat="45.9234081" lon="9.2313336"/>
 <node id="5371378752" visible="true" version="1" changeset="55876373" timestamp="2018-01-29T23:31:35Z" user="PatrickOC" uid="5627327" lat="45.9237633" lon="9.2306848"/>
 <node id="5401482585" visible="true" version="1" changeset="56220674" timestamp="2018-02-09T16:15:14Z" user="PatrickOC" uid="5627327" lat="45.9747217" lon="9.2491280"/>
 <node id="5401482586" visible="true" version="1" changeset="56220674" timestamp="2018-02-09T16:15:14Z" user="PatrickOC" uid="5627327" lat="45.9742128" lon="9.2490149"/>
 <node id="5518432511" visible="true" version="1" changeset="57686823" timestamp="2018-03-31T12:15:37Z" user="RudiXXL" uid="119281" lat="45.8299658" lon="9.1182710"/>
 <node id="5518432518" visible="true" version="2" changeset="61059458" timestamp="2018-07-25T14:55:21Z" user="Angelo Giuseppe" uid="5848218" lat="45.8259426" lon="9.1028614"/>
 <node id="5518432519" visible="true" version="1" changeset="57686823" timestamp="2018-03-31T12:15:37Z" user="RudiXXL" uid="119281" lat="45.8257758" lon="9.1026382"/>
 <node id="5518437621" visible="true" version="2" changeset="145028104" timestamp="2023-12-12T08:55:43Z" user="airon90" uid="89897" lat="45.8201597" lon="9.0957612"/>
 <node id="5518437623" visible="true" version="2" changeset="92839665" timestamp="2020-10-21T14:31:01Z" user="kaitu" uid="69717" lat="45.8198007" lon="9.0956552"/>
 <node id="5784464300" visible="true" version="1" changeset="61059458" timestamp="2018-07-25T14:55:16Z" user="Angelo Giuseppe" uid="5848218" lat="45.8252443" lon="9.1090219"/>
 <node id="5784464301" visible="true" version="1" changeset="61059458" timestamp="2018-07-25T14:55:16Z" user="Angelo Giuseppe" uid="5848218" lat="45.8252434" lon="9.1093746"/>
 <node id="5784464302" visible="true" version="1" changeset="61059458" timestamp="2018-07-25T14:55:16Z" user="Angelo Giuseppe" uid="5848218" lat="45.8253023" lon="9.1084774"/>
 <node id="5784464303" visible="true" version="1" changeset="61059458" timestamp="2018-07-25T14:55:16Z" user="Angelo Giuseppe" uid="5848218" lat="45.8258032" lon="9.1063169"/>
 <node id="5784464304" visible="true" version="1" changeset="61059458" timestamp="2018-07-25T14:55:16Z" user="Angelo Giuseppe" uid="5848218" lat="45.8261144" lon="9.1047330"/>
 <node id="5784464305" visible="true" version="1" changeset="61059458" timestamp="2018-07-25T14:55:16Z" user="Angelo Giuseppe" uid="5848218" lat="45.8260920" lon="9.1049328"/>
 <node id="5784464306" visible="true" version="1" changeset="61059458" timestamp="2018-07-25T14:55:16Z" user="Angelo Giuseppe" uid="5848218" lat="45.8259032" lon="9.1026932"/>
 <node id="5784464307" visible="true" version="1" changeset="61059458" timestamp="2018-07-25T14:55:16Z" user="Angelo Giuseppe" uid="5848218" lat="45.8259481" lon="9.1030580"/>
 <node id="5784464308" visible="true" version="1" changeset="61059458" timestamp="2018-07-25T14:55:16Z" user="Angelo Giuseppe" uid="5848218" lat="45.8259191" lon="9.1027455"/>
 <node id="5784464324" visible="true" version="2" changeset="92759536" timestamp="2020-10-20T10:10:53Z" user="kaitu" uid="69717" lat="45.8243790" lon="9.0984687"/>
 <node id="5784464325" visible="true" version="1" changeset="61059458" timestamp="2018-07-25T14:55:17Z" user="Angelo Giuseppe" uid="5848218" lat="45.8243033" lon="9.0976694"/>
 <node id="5784464326" visible="true" version="1" changeset="61059458" timestamp="2018-07-25T14:55:17Z" user="Angelo Giuseppe" uid="5848218" lat="45.8242472" lon="9.0975487"/>
 <node id="5784464327" visible="true" version="2" changeset="117994223" timestamp="2022-03-01T20:47:55Z" user="jokien" uid="208052" lat="45.8223598" lon="9.0967085"/>
 <node id="5784464329" visible="true" version="1" changeset="61059458" timestamp="2018-07-25T14:55:17Z" user="Angelo Giuseppe" uid="5848218" lat="45.8214500" lon="9.0963431"/>
 <node id="5784464330" visible="true" version="1" changeset="61059458" timestamp="2018-07-25T14:55:17Z" user="Angelo Giuseppe" uid="5848218" lat="45.8213817" lon="9.0963685"/>
 <node id="5784464331" visible="true" version="2" changeset="92839665" timestamp="2020-10-21T14:31:01Z" user="kaitu" uid="69717" lat="45.8213387" lon="9.0964450"/>
 <node id="5784464332" visible="true" version="2" changeset="92839665" timestamp="2020-10-21T14:31:01Z" user="kaitu" uid="69717" lat="45.8212537" lon="9.0964249"/>
 <node id="5784464333" visible="true" version="1" changeset="61059458" timestamp="2018-07-25T14:55:17Z" user="Angelo Giuseppe" uid="5848218" lat="45.8208705" lon="9.0961660"/>
 <node id="5784464334" visible="true" version="3" changeset="92839665" timestamp="2020-10-21T14:31:01Z" user="kaitu" uid="69717" lat="45.8206677" lon="9.0960802"/>
 <node id="5784464335" visible="true" version="1" changeset="61059458" timestamp="2018-07-25T14:55:17Z" user="Angelo Giuseppe" uid="5848218" lat="45.8204677" lon="9.0959582"/>
 <node id="5786824677" visible="true" version="1" changeset="61083696" timestamp="2018-07-26T10:19:53Z" user="Angelo Giuseppe" uid="5848218" lat="45.8260406" lon="9.1134140"/>
 <node id="5786824679" visible="true" version="2" changeset="62886935" timestamp="2018-09-24T16:35:47Z" user="aldoct" uid="923271" lat="45.8318456" lon="9.1220010"/>
 <node id="5786824680" visible="true" version="2" changeset="62886935" timestamp="2018-09-24T16:35:47Z" user="aldoct" uid="923271" lat="45.8332220" lon="9.1245895"/>
 <node id="5786824681" visible="true" version="1" changeset="61083696" timestamp="2018-07-26T10:19:53Z" user="Angelo Giuseppe" uid="5848218" lat="45.8352263" lon="9.1291773"/>
 <node id="5786824682" visible="true" version="1" changeset="61083696" timestamp="2018-07-26T10:19:53Z" user="Angelo Giuseppe" uid="5848218" lat="45.8352898" lon="9.1289467"/>
 <node id="5786824683" visible="true" version="1" changeset="61083696" timestamp="2018-07-26T10:19:53Z" user="Angelo Giuseppe" uid="5848218" lat="45.8352057" lon="9.1294295"/>
 <node id="5786824684" visible="true" version="1" changeset="61083696" timestamp="2018-07-26T10:19:53Z" user="Angelo Giuseppe" uid="5848218" lat="45.8353721" lon="9.1309047"/>
 <node id="5786824685" visible="true" version="1" changeset="61083696" timestamp="2018-07-26T10:19:53Z" user="Angelo Giuseppe" uid="5848218" lat="45.8352375" lon="9.1317898"/>
 <node id="5786824686" visible="true" version="1" changeset="61083696" timestamp="2018-07-26T10:19:53Z" user="Angelo Giuseppe" uid="5848218" lat="45.8348395" lon="9.1344559"/>
 <node id="5786824687" visible="true" version="2" changeset="62886935" timestamp="2018-09-24T16:35:47Z" user="aldoct" uid="923271" lat="45.8336528" lon="9.1392947"/>
 <node id="5786824698" visible="true" version="2" changeset="62875362" timestamp="2018-09-24T10:37:58Z" user="aldoct" uid="923271" lat="45.8386993" lon="9.1594769"/>
 <node id="5786824699" visible="true" version="1" changeset="61083696" timestamp="2018-07-26T10:19:53Z" user="Angelo Giuseppe" uid="5848218" lat="45.8382723" lon="9.1561443"/>
 <node id="5786824700" visible="true" version="2" changeset="184350430" timestamp="2026-06-20T12:03:40Z" user="Aaaa002" uid="20434376" lat="45.8378695" lon="9.1531888"/>
 <node id="5786824701" visible="true" version="2" changeset="184350430" timestamp="2026-06-20T12:03:40Z" user="Aaaa002" uid="20434376" lat="45.8379117" lon="9.1534700"/>
 <node id="5786824702" visible="true" version="2" changeset="184350430" timestamp="2026-06-20T12:03:40Z" user="Aaaa002" uid="20434376" lat="45.8378832" lon="9.1540844"/>
 <node id="5792399156" visible="true" version="4" changeset="92857607" timestamp="2020-10-21T23:26:01Z" user="kaitu" uid="69717" lat="45.8217710" lon="9.0965489">
  <tag k="direction" v="forward"/>
  <tag k="highway" v="stop"/>
 </node>
 <node id="5793447177" visible="true" version="1" changeset="61158356" timestamp="2018-07-29T08:12:21Z" user="Angelo Giuseppe" uid="5848218" lat="45.8259116" lon="9.1061237"/>
 <node id="5793447178" visible="true" version="1" changeset="61158356" timestamp="2018-07-29T08:12:21Z" user="Angelo Giuseppe" uid="5848218" lat="45.8259714" lon="9.1058877"/>
 <node id="5793447179" visible="true" version="1" changeset="61158356" timestamp="2018-07-29T08:12:21Z" user="Angelo Giuseppe" uid="5848218" lat="45.8258845" lon="9.1037473"/>
 <node id="5793447180" visible="true" version="1" changeset="61158356" timestamp="2018-07-29T08:12:21Z" user="Angelo Giuseppe" uid="5848218" lat="45.8258948" lon="9.1034107"/>
 <node id="5926312888" visible="true" version="2" changeset="62886935" timestamp="2018-09-24T16:35:48Z" user="aldoct" uid="923271" lat="45.8336799" lon="9.1397036"/>
 <node id="5926341998" visible="true" version="1" changeset="62875362" timestamp="2018-09-24T10:37:56Z" user="aldoct" uid="923271" lat="45.8458352" lon="9.1931064"/>
 <node id="5926341999" visible="true" version="1" changeset="62875362" timestamp="2018-09-24T10:37:56Z" user="aldoct" uid="923271" lat="45.8449962" lon="9.1923568"/>
 <node id="5926342000" visible="true" version="1" changeset="62875362" timestamp="2018-09-24T10:37:56Z" user="aldoct" uid="923271" lat="45.8443862" lon="9.1905852"/>
 <node id="5926342001" visible="true" version="1" changeset="62875362" timestamp="2018-09-24T10:37:56Z" user="aldoct" uid="923271" lat="45.8442535" lon="9.1879915"/>
 <node id="5926342002" visible="true" version="1" changeset="62875362" timestamp="2018-09-24T10:37:56Z" user="aldoct" uid="923271" lat="45.8442638" lon="9.1871305"/>
 <node id="5926342003" visible="true" version="1" changeset="62875362" timestamp="2018-09-24T10:37:56Z" user="aldoct" uid="923271" lat="45.8442096" lon="9.1867764"/>
 <node id="5926342004" visible="true" version="1" changeset="62875362" timestamp="2018-09-24T10:37:56Z" user="aldoct" uid="923271" lat="45.8441003" lon="9.1861193"/>
 <node id="5926342005" visible="true" version="1" changeset="62875362" timestamp="2018-09-24T10:37:56Z" user="aldoct" uid="923271" lat="45.8441227" lon="9.1864103"/>
 <node id="5926342007" visible="true" version="1" changeset="62875362" timestamp="2018-09-24T10:37:56Z" user="aldoct" uid="923271" lat="45.8425551" lon="9.1833177"/>
 <node id="5926342008" visible="true" version="1" changeset="62875362" timestamp="2018-09-24T10:37:56Z" user="aldoct" uid="923271" lat="45.8423421" lon="9.1828108"/>
 <node id="5926342009" visible="true" version="1" changeset="62875362" timestamp="2018-09-24T10:37:56Z" user="aldoct" uid="923271" lat="45.8423056" lon="9.1827531"/>
 <node id="5926342010" visible="true" version="1" changeset="62875362" timestamp="2018-09-24T10:37:56Z" user="aldoct" uid="923271" lat="45.8418151" lon="9.1822891"/>
 <node id="5926342011" visible="true" version="1" changeset="62875362" timestamp="2018-09-24T10:37:56Z" user="aldoct" uid="923271" lat="45.8416759" lon="9.1821630"/>
 <node id="5926342012" visible="true" version="1" changeset="62875362" timestamp="2018-09-24T10:37:56Z" user="aldoct" uid="923271" lat="45.8414106" lon="9.1821215"/>
 <node id="5926342013" visible="true" version="1" changeset="62875362" timestamp="2018-09-24T10:37:56Z" user="aldoct" uid="923271" lat="45.8412630" lon="9.1818519"/>
 <node id="5926342014" visible="true" version="1" changeset="62875362" timestamp="2018-09-24T10:37:56Z" user="aldoct" uid="923271" lat="45.8409977" lon="9.1814777"/>
 <node id="5926342015" visible="true" version="1" changeset="62875362" timestamp="2018-09-24T10:37:56Z" user="aldoct" uid="923271" lat="45.8409874" lon="9.1813450"/>
 <node id="5926342016" visible="true" version="1" changeset="62875362" timestamp="2018-09-24T10:37:56Z" user="aldoct" uid="923271" lat="45.8409519" lon="9.1812256"/>
 <node id="5926342017" visible="true" version="1" changeset="62875362" timestamp="2018-09-24T10:37:56Z" user="aldoct" uid="923271" lat="45.8407641" lon="9.1801044"/>
 <node id="5926342018" visible="true" version="1" changeset="62875362" timestamp="2018-09-24T10:37:56Z" user="aldoct" uid="923271" lat="45.8407650" lon="9.1799515"/>
 <node id="5926342019" visible="true" version="1" changeset="62875362" timestamp="2018-09-24T10:37:56Z" user="aldoct" uid="923271" lat="45.8405249" lon="9.1794419"/>
 <node id="5926342020" visible="true" version="1" changeset="62875362" timestamp="2018-09-24T10:37:56Z" user="aldoct" uid="923271" lat="45.8404203" lon="9.1792770"/>
 <node id="5926342021" visible="true" version="1" changeset="62875362" timestamp="2018-09-24T10:37:56Z" user="aldoct" uid="923271" lat="45.8404670" lon="9.1789752"/>
 <node id="5926342022" visible="true" version="1" changeset="62875362" timestamp="2018-09-24T10:37:56Z" user="aldoct" uid="923271" lat="45.8404959" lon="9.1785434"/>
 <node id="5926342023" visible="true" version="1" changeset="62875362" timestamp="2018-09-24T10:37:56Z" user="aldoct" uid="923271" lat="45.8404959" lon="9.1784455"/>
 <node id="5926342024" visible="true" version="1" changeset="62875362" timestamp="2018-09-24T10:37:56Z" user="aldoct" uid="923271" lat="45.8406006" lon="9.1781451"/>
 <node id="5926342025" visible="true" version="1" changeset="62875362" timestamp="2018-09-24T10:37:56Z" user="aldoct" uid="923271" lat="45.8406417" lon="9.1778997"/>
 <node id="5926342026" visible="true" version="1" changeset="62875362" timestamp="2018-09-24T10:37:56Z" user="aldoct" uid="923271" lat="45.8410079" lon="9.1775563"/>
 <node id="5926342027" visible="true" version="1" changeset="62875362" timestamp="2018-09-24T10:37:56Z" user="aldoct" uid="923271" lat="45.8410294" lon="9.1774678"/>
 <node id="5926342028" visible="true" version="1" changeset="62875362" timestamp="2018-09-24T10:37:56Z" user="aldoct" uid="923271" lat="45.8413630" lon="9.1771513"/>
 <node id="5926342029" visible="true" version="1" changeset="62875362" timestamp="2018-09-24T10:37:56Z" user="aldoct" uid="923271" lat="45.8413405" lon="9.1762742"/>
 <node id="5926342030" visible="true" version="1" changeset="62875362" timestamp="2018-09-24T10:37:56Z" user="aldoct" uid="923271" lat="45.8406903" lon="9.1758732"/>
 <node id="5926342031" visible="true" version="1" changeset="62875362" timestamp="2018-09-24T10:37:56Z" user="aldoct" uid="923271" lat="45.8403100" lon="9.1752872"/>
 <node id="5926342032" visible="true" version="1" changeset="62875362" timestamp="2018-09-24T10:37:56Z" user="aldoct" uid="923271" lat="45.8402390" lon="9.1752268"/>
 <node id="5926342033" visible="true" version="1" changeset="62875362" timestamp="2018-09-24T10:37:56Z" user="aldoct" uid="923271" lat="45.8398877" lon="9.1748701"/>
 <node id="5926342034" visible="true" version="1" changeset="62875362" timestamp="2018-09-24T10:37:56Z" user="aldoct" uid="923271" lat="45.8395504" lon="9.1742800"/>
 <node id="5926342035" visible="true" version="1" changeset="62875362" timestamp="2018-09-24T10:37:57Z" user="aldoct" uid="923271" lat="45.8395336" lon="9.1742143"/>
 <node id="5926342036" visible="true" version="1" changeset="62875362" timestamp="2018-09-24T10:37:57Z" user="aldoct" uid="923271" lat="45.8395616" lon="9.1733010"/>
 <node id="5926342037" visible="true" version="1" changeset="62875362" timestamp="2018-09-24T10:37:57Z" user="aldoct" uid="923271" lat="45.8396887" lon="9.1730274"/>
 <node id="5926342038" visible="true" version="1" changeset="62875362" timestamp="2018-09-24T10:37:57Z" user="aldoct" uid="923271" lat="45.8396999" lon="9.1722456"/>
 <node id="5926342039" visible="true" version="2" changeset="162581278" timestamp="2025-02-16T18:13:54Z" user="Cortix" uid="2165334" lat="45.8395530" lon="9.1715277"/>
 <node id="5926342040" visible="true" version="1" changeset="62875362" timestamp="2018-09-24T10:37:57Z" user="aldoct" uid="923271" lat="45.8396644" lon="9.1714007"/>
 <node id="5926342041" visible="true" version="1" changeset="62875362" timestamp="2018-09-24T10:37:57Z" user="aldoct" uid="923271" lat="45.8397149" lon="9.1713014"/>
 <node id="5926342042" visible="true" version="1" changeset="62875362" timestamp="2018-09-24T10:37:57Z" user="aldoct" uid="923271" lat="45.8398933" lon="9.1710386"/>
 <node id="5926342043" visible="true" version="1" changeset="62875362" timestamp="2018-09-24T10:37:57Z" user="aldoct" uid="923271" lat="45.8398167" lon="9.1706657"/>
 <node id="5926342044" visible="true" version="1" changeset="62875362" timestamp="2018-09-24T10:37:57Z" user="aldoct" uid="923271" lat="45.8397270" lon="9.1704740"/>
 <node id="5926342045" visible="true" version="1" changeset="62875362" timestamp="2018-09-24T10:37:57Z" user="aldoct" uid="923271" lat="45.8396644" lon="9.1702071"/>
 <node id="5926342046" visible="true" version="1" changeset="62875362" timestamp="2018-09-24T10:37:57Z" user="aldoct" uid="923271" lat="45.8394897" lon="9.1698611"/>
 <node id="5926342047" visible="true" version="1" changeset="62875362" timestamp="2018-09-24T10:37:57Z" user="aldoct" uid="923271" lat="45.8399868" lon="9.1693099"/>
 <node id="5926342048" visible="true" version="1" changeset="62875362" timestamp="2018-09-24T10:37:57Z" user="aldoct" uid="923271" lat="45.8400708" lon="9.1691945"/>
 <node id="5926342049" visible="true" version="1" changeset="62875362" timestamp="2018-09-24T10:37:57Z" user="aldoct" uid="923271" lat="45.8399129" lon="9.1685870"/>
 <node id="5926342050" visible="true" version="1" changeset="62875362" timestamp="2018-09-24T10:37:57Z" user="aldoct" uid="923271" lat="45.8405044" lon="9.1676295"/>
 <node id="5926342051" visible="true" version="1" changeset="62875362" timestamp="2018-09-24T10:37:57Z" user="aldoct" uid="923271" lat="45.8405427" lon="9.1675007"/>
 <node id="5926342052" visible="true" version="1" changeset="62875362" timestamp="2018-09-24T10:37:57Z" user="aldoct" uid="923271" lat="45.8404100" lon="9.1672714"/>
 <node id="5926342053" visible="true" version="1" changeset="62875362" timestamp="2018-09-24T10:37:57Z" user="aldoct" uid="923271" lat="45.8400400" lon="9.1663527"/>
 <node id="5926342054" visible="true" version="1" changeset="62875362" timestamp="2018-09-24T10:37:57Z" user="aldoct" uid="923271" lat="45.8403904" lon="9.1645503"/>
 <node id="5926342055" visible="true" version="1" changeset="62875362" timestamp="2018-09-24T10:37:57Z" user="aldoct" uid="923271" lat="45.8399204" lon="9.1638878"/>
 <node id="5926342056" visible="true" version="1" changeset="62875362" timestamp="2018-09-24T10:37:57Z" user="aldoct" uid="923271" lat="45.8397233" lon="9.1624220"/>
 <node id="5926342057" visible="true" version="1" changeset="62875362" timestamp="2018-09-24T10:37:57Z" user="aldoct" uid="923271" lat="45.8391403" lon="9.1610393"/>
 <node id="5926342058" visible="true" version="1" changeset="62875362" timestamp="2018-09-24T10:37:57Z" user="aldoct" uid="923271" lat="45.8387394" lon="9.1596620"/>
 <node id="5926800060" visible="true" version="1" changeset="62882001" timestamp="2018-09-24T14:07:09Z" user="aldoct" uid="923271" lat="45.8826520" lon="9.2270941"/>
 <node id="5926800061" visible="true" version="1" changeset="62882001" timestamp="2018-09-24T14:07:09Z" user="aldoct" uid="923271" lat="45.8826539" lon="9.2260373"/>
 <node id="5926800062" visible="true" version="1" changeset="62882001" timestamp="2018-09-24T14:07:09Z" user="aldoct" uid="923271" lat="45.8826912" lon="9.2268366"/>
 <node id="5926800063" visible="true" version="1" changeset="62882001" timestamp="2018-09-24T14:07:09Z" user="aldoct" uid="923271" lat="45.8789250" lon="9.2217001"/>
 <node id="5926800064" visible="true" version="1" changeset="62882001" timestamp="2018-09-24T14:07:09Z" user="aldoct" uid="923271" lat="45.8789194" lon="9.2215607"/>
 <node id="5926800065" visible="true" version="1" changeset="62882001" timestamp="2018-09-24T14:07:09Z" user="aldoct" uid="923271" lat="45.8688314" lon="9.2045528"/>
 <node id="5926800067" visible="true" version="1" changeset="62882001" timestamp="2018-09-24T14:07:09Z" user="aldoct" uid="923271" lat="45.8646926" lon="9.1994324"/>
 <node id="5926800068" visible="true" version="1" changeset="62882001" timestamp="2018-09-24T14:07:09Z" user="aldoct" uid="923271" lat="45.8601686" lon="9.1983515"/>
 <node id="5926800069" visible="true" version="1" changeset="62882001" timestamp="2018-09-24T14:07:09Z" user="aldoct" uid="923271" lat="45.8573779" lon="9.1984212"/>
 <node id="5926897140" visible="true" version="1" changeset="62883501" timestamp="2018-09-24T14:56:17Z" user="aldoct" uid="923271" lat="45.9590412" lon="9.2467493"/>
 <node id="5927072913" visible="true" version="1" changeset="62886935" timestamp="2018-09-24T16:35:46Z" user="aldoct" uid="923271" lat="45.8336799" lon="9.1395923"/>
 <node id="5927072914" visible="true" version="1" changeset="62886935" timestamp="2018-09-24T16:35:46Z" user="aldoct" uid="923271" lat="45.8344498" lon="9.1365480"/>
 <node id="5927072915" visible="true" version="1" changeset="62886935" timestamp="2018-09-24T16:35:46Z" user="aldoct" uid="923271" lat="45.8353450" lon="9.1312990"/>
 <node id="5927072916" visible="true" version="1" changeset="62886935" timestamp="2018-09-24T16:35:46Z" user="aldoct" uid="923271" lat="45.8353468" lon="9.1303843"/>
 <node id="5927072918" visible="true" version="2" changeset="149252131" timestamp="2024-03-28T06:11:03Z" user="Arvari" uid="19844270" lat="45.8251677" lon="9.1111556"/>
 <node id="5927072919" visible="true" version="1" changeset="62886935" timestamp="2018-09-24T16:35:46Z" user="aldoct" uid="923271" lat="45.8251285" lon="9.1112950"/>
 <node id="5931239394" visible="true" version="1" changeset="62943115" timestamp="2018-09-26T11:12:43Z" user="aldoct" uid="923271" lat="45.9055854" lon="9.2470082">
  <tag k="ford" v="yes"/>
 </node>
 <node id="5931239395" visible="true" version="1" changeset="62943115" timestamp="2018-09-26T11:12:43Z" user="aldoct" uid="923271" lat="45.9017032" lon="9.2485383"/>
 <node id="5931239396" visible="true" version="1" changeset="62943115" timestamp="2018-09-26T11:12:43Z" user="aldoct" uid="923271" lat="45.8942422" lon="9.2361706"/>
 <node id="5933373398" visible="true" version="2" changeset="104661528" timestamp="2021-05-13T22:39:12Z" user="Pedisa" uid="4780829" lat="45.9565148" lon="9.2459785"/>
 <node id="5933373399" visible="true" version="1" changeset="62965850" timestamp="2018-09-27T05:58:29Z" user="aldoct" uid="923271" lat="45.9604443" lon="9.2463684"/>
 <node id="5933373400" visible="true" version="1" changeset="62965850" timestamp="2018-09-27T05:58:29Z" user="aldoct" uid="923271" lat="45.9612918" lon="9.2462531"/>
 <node id="5933373401" visible="true" version="2" changeset="104661528" timestamp="2021-05-13T22:39:12Z" user="Pedisa" uid="4780829" lat="45.9612516" lon="9.2462598"/>
 <node id="5933373402" visible="true" version="2" changeset="104661528" timestamp="2021-05-13T22:39:12Z" user="Pedisa" uid="4780829" lat="45.9612153" lon="9.2462679"/>
 <node id="5933373403" visible="true" version="1" changeset="62965850" timestamp="2018-09-27T05:58:29Z" user="aldoct" uid="923271" lat="45.9619415" lon="9.2462236"/>
 <node id="5933373404" visible="true" version="1" changeset="62965850" timestamp="2018-09-27T05:58:29Z" user="aldoct" uid="923271" lat="45.9664851" lon="9.2505755"/>
 <node id="5933373405" visible="true" version="1" changeset="62965850" timestamp="2018-09-27T05:58:29Z" user="aldoct" uid="923271" lat="45.9665625" lon="9.2510851"/>
 <node id="5933373406" visible="true" version="1" changeset="62965850" timestamp="2018-09-27T05:58:29Z" user="aldoct" uid="923271" lat="45.9667322" lon="9.2511883"/>
 <node id="5933373407" visible="true" version="1" changeset="62965850" timestamp="2018-09-27T05:58:29Z" user="aldoct" uid="923271" lat="45.9679253" lon="9.2511226"/>
 <node id="5933373408" visible="true" version="1" changeset="62965850" timestamp="2018-09-27T05:58:29Z" user="aldoct" uid="923271" lat="45.9683047" lon="9.2511401"/>
 <node id="5933373409" visible="true" version="1" changeset="62965850" timestamp="2018-09-27T05:58:29Z" user="aldoct" uid="923271" lat="45.9683588" lon="9.2511226"/>
 <node id="5933373410" visible="true" version="1" changeset="62965850" timestamp="2018-09-27T05:58:29Z" user="aldoct" uid="923271" lat="45.9684762" lon="9.2510328"/>
 <node id="5933373421" visible="true" version="1" changeset="62965850" timestamp="2018-09-27T05:58:29Z" user="aldoct" uid="923271" lat="45.9698530" lon="9.2499371"/>
 <node id="6221365210" visible="true" version="1" changeset="66456816" timestamp="2019-01-19T15:53:01Z" user="Pedisa" uid="4780829" lat="45.9758191" lon="9.2492987">
  <tag k="hiking" v="yes"/>
  <tag k="information" v="guidepost"/>
  <tag k="material" v="metal"/>
  <tag k="operator" v="Comunità Montana Triangolo Lariano"/>
  <tag k="support" v="pole"/>
  <tag k="tourism" v="information"/>
 </node>
 <node id="6301295886" visible="true" version="1" changeset="67550293" timestamp="2019-02-25T14:10:49Z" user="Pedisa" uid="4780829" lat="45.9735607" lon="9.2485123"/>
 <node id="6301295893" visible="true" version="1" changeset="67550293" timestamp="2019-02-25T14:10:50Z" user="Pedisa" uid="4780829" lat="45.9682156" lon="9.2509579">
  <tag k="hiking" v="yes"/>
  <tag k="information" v="guidepost"/>
  <tag k="material" v="metal"/>
  <tag k="support" v="pole"/>
  <tag k="tourism" v="information"/>
 </node>
 <node id="6301295896" visible="true" version="1" changeset="67550293" timestamp="2019-02-25T14:10:50Z" user="Pedisa" uid="4780829" lat="45.9676513" lon="9.2513975">
  <tag k="ele" v="360"/>
  <tag k="hiking" v="yes"/>
  <tag k="information" v="guidepost"/>
  <tag k="material" v="metal"/>
  <tag k="operator" v="Comunità Montana Triangolo Lariano"/>
  <tag k="support" v="pole"/>
  <tag k="tourism" v="information"/>
 </node>
 <node id="6870253132" visible="true" version="2" changeset="159341369" timestamp="2024-11-19T20:33:53Z" user="Paolo pn" uid="2370220" lat="45.8350919" lon="9.1270910"/>
 <node id="7999975877" visible="true" version="1" changeset="92352722" timestamp="2020-10-12T11:55:57Z" user="user_8722718" uid="8722718" lat="45.8242033" lon="9.0996838"/>
 <node id="7999975879" visible="true" version="1" changeset="92352722" timestamp="2020-10-12T11:55:57Z" user="user_8722718" uid="8722718" lat="45.8248855" lon="9.1004106"/>
 <node id="7999975880" visible="true" version="1" changeset="92352722" timestamp="2020-10-12T11:55:57Z" user="user_8722718" uid="8722718" lat="45.8249995" lon="9.1004965"/>
 <node id="7999975881" visible="true" version="1" changeset="92352722" timestamp="2020-10-12T11:55:57Z" user="user_8722718" uid="8722718" lat="45.8247266" lon="9.1003650"/>
 <node id="8026676350" visible="true" version="1" changeset="92794364" timestamp="2020-10-21T00:25:29Z" user="kaitu" uid="69717" lat="45.8250028" lon="9.1013970"/>
 <node id="8032524852" visible="true" version="1" changeset="92839665" timestamp="2020-10-21T14:31:01Z" user="kaitu" uid="69717" lat="45.8201697" lon="9.0956007"/>
 <node id="8567848230" visible="true" version="1" changeset="101854042" timestamp="2021-03-27T20:53:53Z" user="Pedisa" uid="4780829" lat="45.9388514" lon="9.2289877">
  <tag k="hiking" v="yes"/>
  <tag k="information" v="guidepost"/>
  <tag k="material" v="metal"/>
  <tag k="operator" v="Comunità Montana Triangolo Lariano"/>
  <tag k="support" v="pole"/>
  <tag k="tourism" v="information"/>
 </node>
 <node id="8729840004" visible="true" version="1" changeset="104661528" timestamp="2021-05-13T22:39:12Z" user="Pedisa" uid="4780829" lat="45.9564699" lon="9.2459111">
  <tag k="hiking" v="yes"/>
  <tag k="information" v="guidepost"/>
  <tag k="material" v="metal"/>
  <tag k="mtb" v="yes"/>
  <tag k="operator" v="Comunità Montana Triangolo Lariano"/>
  <tag k="support" v="pole"/>
  <tag k="tourism" v="information"/>
 </node>
 <node id="8833569628" visible="true" version="1" changeset="106358311" timestamp="2021-06-14T21:13:36Z" user="kaitu" uid="69717" lat="45.9200020" lon="9.2378516"/>
 <node id="8833569633" visible="true" version="1" changeset="106358311" timestamp="2021-06-14T21:13:36Z" user="kaitu" uid="69717" lat="45.9216951" lon="9.2295982"/>
 <node id="9007009024" visible="true" version="1" changeset="109680122" timestamp="2021-08-14T18:53:42Z" user="hal 9000" uid="639546" lat="45.9744635" lon="9.2490759"/>
 <node id="9007009025" visible="true" version="1" changeset="109680122" timestamp="2021-08-14T18:53:42Z" user="hal 9000" uid="639546" lat="45.9744272" lon="9.2490678"/>
 <node id="9044025935" visible="true" version="1" changeset="110391234" timestamp="2021-08-28T18:49:13Z" user="Martin Borsje" uid="99810" lat="45.8838199" lon="9.2313252"/>
 <node id="9044025936" visible="true" version="1" changeset="110391234" timestamp="2021-08-28T18:49:13Z" user="Martin Borsje" uid="99810" lat="45.8835184" lon="9.2313145"/>
 <node id="9044025937" visible="true" version="1" changeset="110391234" timestamp="2021-08-28T18:49:13Z" user="Martin Borsje" uid="99810" lat="45.8831851" lon="9.2310356"/>
 <node id="9088876516" visible="true" version="3" changeset="181321620" timestamp="2026-04-14T12:54:19Z" user="iandees" uid="4732" lat="45.8670702" lon="9.1980860"/>
 <node id="9088914317" visible="true" version="1" changeset="111159481" timestamp="2021-09-13T18:18:24Z" user="kaitu" uid="69717" lat="45.8670926" lon="9.1981383"/>
 <node id="9088914318" visible="true" version="1" changeset="111159481" timestamp="2021-09-13T18:18:24Z" user="kaitu" uid="69717" lat="45.8570297" lon="9.1981632"/>
 <node id="9098558749" visible="true" version="1" changeset="111299464" timestamp="2021-09-16T16:13:06Z" user="kaitu" uid="69717" lat="45.8650605" lon="9.1992152">
  <tag k="hiking" v="yes"/>
  <tag k="information" v="guidepost"/>
  <tag k="mapillary" v="266730955455065"/>
  <tag k="material" v="metal"/>
  <tag k="support" v="pole"/>
  <tag k="tourism" v="information"/>
  <tag k="wikimedia_commons" v="File:Segnavia per Palanzo dalla Dorsale del Triangolo Lariano.jpg"/>
 </node>
 <node id="9548159999" visible="true" version="1" changeset="117994223" timestamp="2022-03-01T20:47:55Z" user="jokien" uid="208052" lat="45.8225003" lon="9.0967611"/>
 <node id="9773049421" visible="true" version="1" changeset="121534139" timestamp="2022-05-26T15:56:28Z" user="Denis Sbragion OSM" uid="8155101" lat="45.8772625" lon="9.2182644"/>
 <node id="9782219250" visible="true" version="1" changeset="121720074" timestamp="2022-05-30T14:03:22Z" user="kaitu" uid="69717" lat="45.8781557" lon="9.2105609"/>
 <node id="9806244332" visible="true" version="1" changeset="122164270" timestamp="2022-06-09T12:38:03Z" user="kaitu" uid="69717" lat="45.8440975" lon="9.1856995"/>
 <node id="9806244333" visible="true" version="1" changeset="122164270" timestamp="2022-06-09T12:38:03Z" user="kaitu" uid="69717" lat="45.8440041" lon="9.1854273"/>
 <node id="9947829655" visible="true" version="1" changeset="124785149" timestamp="2022-08-11T17:05:32Z" user="maurizioa" uid="2498239" lat="45.8830196" lon="9.2300534"/>
 <node id="9947829656" visible="true" version="1" changeset="124785149" timestamp="2022-08-11T17:05:32Z" user="maurizioa" uid="2498239" lat="45.8830900" lon="9.2306724"/>
 <node id="9947829657" visible="true" version="1" changeset="124785149" timestamp="2022-08-11T17:05:32Z" user="maurizioa" uid="2498239" lat="45.8830460" lon="9.2301432"/>
 <node id="9947829666" visible="true" version="1" changeset="124785149" timestamp="2022-08-11T17:05:32Z" user="maurizioa" uid="2498239" lat="45.9082968" lon="9.2463846"/>
 <node id="10203926259" visible="true" version="1" changeset="129156747" timestamp="2022-11-20T13:38:05Z" user="gmarzio" uid="107284" lat="45.8658468" lon="9.1993305"/>
 <node id="10203926260" visible="true" version="1" changeset="129156747" timestamp="2022-11-20T13:38:05Z" user="gmarzio" uid="107284" lat="45.8668068" lon="9.1983810"/>
 <node id="10203926261" visible="true" version="1" changeset="129156747" timestamp="2022-11-20T13:38:05Z" user="gmarzio" uid="107284" lat="45.8668479" lon="9.1983220"/>
 <node id="10203926262" visible="true" version="1" changeset="129156747" timestamp="2022-11-20T13:38:05Z" user="gmarzio" uid="107284" lat="45.8671346" lon="9.1984910"/>
 <node id="10211421750" visible="true" version="1" changeset="129267702" timestamp="2022-11-23T07:42:24Z" user="gmarzio" uid="107284" lat="45.9142798" lon="9.2362722"/>
 <node id="10211421751" visible="true" version="1" changeset="129267702" timestamp="2022-11-23T07:42:24Z" user="gmarzio" uid="107284" lat="45.9143115" lon="9.2363302"/>
 <node id="10211421752" visible="true" version="1" changeset="129267702" timestamp="2022-11-23T07:42:24Z" user="gmarzio" uid="107284" lat="45.9143381" lon="9.2363758"/>
 <node id="10211421753" visible="true" version="1" changeset="129267702" timestamp="2022-11-23T07:42:24Z" user="gmarzio" uid="107284" lat="45.9143740" lon="9.2364670"/>
 <node id="10211421754" visible="true" version="1" changeset="129267702" timestamp="2022-11-23T07:42:24Z" user="gmarzio" uid="107284" lat="45.9143955" lon="9.2365193"/>
 <node id="10211421755" visible="true" version="1" changeset="129267702" timestamp="2022-11-23T07:42:24Z" user="gmarzio" uid="107284" lat="45.9144888" lon="9.2366333"/>
 <node id="10211421756" visible="true" version="1" changeset="129267702" timestamp="2022-11-23T07:42:24Z" user="gmarzio" uid="107284" lat="45.9144720" lon="9.2366072"/>
 <node id="12231730964" visible="true" version="1" changeset="157581714" timestamp="2024-10-07T13:08:36Z" user="crazykye" uid="8162150" lat="45.9218077" lon="9.2329899"/>
 <node id="12347898066" visible="true" version="1" changeset="159239035" timestamp="2024-11-17T11:42:29Z" user="Paolo pn" uid="2370220" lat="45.8253742" lon="9.1023300">
  <tag k="barrier" v="bollard"/>
  <tag k="bollard" v="rising"/>
 </node>
 <node id="12593513437" visible="true" version="1" changeset="162581278" timestamp="2025-02-16T18:13:54Z" user="Cortix" uid="2165334" lat="45.8395229" lon="9.1715767"/>
 <node id="12593513438" visible="true" version="1" changeset="162581278" timestamp="2025-02-16T18:13:54Z" user="Cortix" uid="2165334" lat="45.8395210" lon="9.1717048"/>
 <node id="12593513439" visible="true" version="1" changeset="162581278" timestamp="2025-02-16T18:13:54Z" user="Cortix" uid="2165334" lat="45.8395098" lon="9.1716337"/>
 <node id="12593513440" visible="true" version="1" changeset="162581278" timestamp="2025-02-16T18:13:54Z" user="Cortix" uid="2165334" lat="45.8393958" lon="9.1738193"/>
 <node id="13026373773" visible="true" version="1" changeset="169500483" timestamp="2025-07-26T11:20:32Z" user="user_8722718" uid="8722718" lat="45.9122704" lon="9.2408181"/>
 <node id="13026373774" visible="true" version="1" changeset="169500483" timestamp="2025-07-26T11:20:32Z" user="user_8722718" uid="8722718" lat="45.9121154" lon="9.2407709"/>
 <node id="13026389834" visible="true" version="1" changeset="169500483" timestamp="2025-07-26T11:20:32Z" user="user_8722718" uid="8722718" lat="45.9169829" lon="9.2393450"/>
 <node id="13026389835" visible="true" version="1" changeset="169500483" timestamp="2025-07-26T11:20:32Z" user="user_8722718" uid="8722718" lat="45.9170005" lon="9.2393260"/>
 <node id="13026389836" visible="true" version="1" changeset="169500483" timestamp="2025-07-26T11:20:32Z" user="user_8722718" uid="8722718" lat="45.9168528" lon="9.2392597"/>
 <node id="13026389837" visible="true" version="1" changeset="169500483" timestamp="2025-07-26T11:20:32Z" user="user_8722718" uid="8722718" lat="45.9168885" lon="9.2392977"/>
 <node id="13026389838" visible="true" version="1" changeset="169500483" timestamp="2025-07-26T11:20:32Z" user="user_8722718" uid="8722718" lat="45.9169456" lon="9.2393500"/>
 <node id="13026389839" visible="true" version="1" changeset="169500483" timestamp="2025-07-26T11:20:32Z" user="user_8722718" uid="8722718" lat="45.9169648" lon="9.2393547"/>
 <node id="13026389840" visible="true" version="1" changeset="169500483" timestamp="2025-07-26T11:20:32Z" user="user_8722718" uid="8722718" lat="45.9167940" lon="9.2392218"/>
 <node id="13026389841" visible="true" version="1" changeset="169500483" timestamp="2025-07-26T11:20:32Z" user="user_8722718" uid="8722718" lat="45.9166268" lon="9.2392154"/>
 <node id="13026389842" visible="true" version="1" changeset="169500483" timestamp="2025-07-26T11:20:32Z" user="user_8722718" uid="8722718" lat="45.9161285" lon="9.2392906"/>
 <node id="13026389843" visible="true" version="1" changeset="169500483" timestamp="2025-07-26T11:20:32Z" user="user_8722718" uid="8722718" lat="45.9157241" lon="9.2391656"/>
 <node id="13026717121" visible="true" version="1" changeset="169508398" timestamp="2025-07-26T13:56:15Z" user="user_8722718" uid="8722718" lat="45.9215360" lon="9.2324570"/>
 <node id="13026717122" visible="true" version="1" changeset="169508398" timestamp="2025-07-26T13:56:15Z" user="user_8722718" uid="8722718" lat="45.9215486" lon="9.2325394"/>
 <node id="13026717123" visible="true" version="1" changeset="169508398" timestamp="2025-07-26T13:56:15Z" user="user_8722718" uid="8722718" lat="45.9216435" lon="9.2322324"/>
 <node id="13026717124" visible="true" version="1" changeset="169508398" timestamp="2025-07-26T13:56:15Z" user="user_8722718" uid="8722718" lat="45.9218488" lon="9.2330206"/>
 <node id="13026717185" visible="true" version="1" changeset="169508398" timestamp="2025-07-26T13:56:15Z" user="user_8722718" uid="8722718" lat="45.9225953" lon="9.2316806"/>
 <node id="13252439634" visible="true" version="1" changeset="173681550" timestamp="2025-10-23T15:53:53Z" user="eyveg" uid="18769500" lat="45.9044492" lon="9.2467851"/>
 <node id="13953780320" visible="true" version="1" changeset="184350430" timestamp="2026-06-20T12:03:40Z" user="Aaaa002" uid="20434376" lat="45.8389046" lon="9.1599606"/>
 <way id="36001055" visible="true" version="16" changeset="165326084" timestamp="2025-04-23T10:32:47Z" user="Andrea Del Sarto" uid="3215770">
  <nd ref="420807836"/>
  <nd ref="420807837"/>
  <nd ref="420807838"/>
  <nd ref="420807839"/>
  <nd ref="420807323"/>
  <nd ref="420807324"/>
  <nd ref="420807325"/>
  <nd ref="3612238474"/>
  <nd ref="420807326"/>
  <nd ref="420807327"/>
  <nd ref="420807328"/>
  <nd ref="2297570927"/>
  <tag k="bicycle" v="yes"/>
  <tag k="foot" v="yes"/>
  <tag k="highway" v="track"/>
  <tag k="sac_scale" v="hiking"/>
  <tag k="surface" v="ground"/>
  <tag k="tracktype" v="grade3"/>
  <tag k="trail_visibility" v="excellent"/>
 </way>
 <way id="37105228" visible="true" version="17" changeset="165326084" timestamp="2025-04-23T10:32:47Z" user="Andrea Del Sarto" uid="3215770">
  <nd ref="12593513440"/>
  <nd ref="420807688"/>
  <nd ref="420807695"/>
  <nd ref="5926342035"/>
  <nd ref="5926342034"/>
  <nd ref="420807696"/>
  <nd ref="5926342033"/>
  <nd ref="420807699"/>
  <nd ref="420807701"/>
  <nd ref="5926342032"/>
  <nd ref="5926342031"/>
  <nd ref="420807703"/>
  <nd ref="420807705"/>
  <nd ref="5926342030"/>
  <nd ref="420807707"/>
  <nd ref="420807708"/>
  <nd ref="420807710"/>
  <nd ref="5926342029"/>
  <nd ref="420807712"/>
  <nd ref="420807714"/>
  <nd ref="5926342028"/>
  <nd ref="420807716"/>
  <nd ref="420807718"/>
  <nd ref="5926342027"/>
  <nd ref="5926342026"/>
  <nd ref="420807721"/>
  <nd ref="420807722"/>
  <nd ref="5926342025"/>
  <nd ref="5926342024"/>
  <nd ref="2262114262"/>
  <nd ref="5926342023"/>
  <nd ref="5926342022"/>
  <nd ref="5926342021"/>
  <nd ref="420807723"/>
  <nd ref="420807724"/>
  <nd ref="5926342020"/>
  <nd ref="5926342019"/>
  <nd ref="420807725"/>
  <nd ref="5926342018"/>
  <nd ref="5926342017"/>
  <nd ref="420807731"/>
  <nd ref="420807742"/>
  <nd ref="420807748"/>
  <nd ref="420807756"/>
  <nd ref="5926342016"/>
  <nd ref="5926342015"/>
  <nd ref="5926342014"/>
  <nd ref="420807761"/>
  <nd ref="420807767"/>
  <nd ref="420807772"/>
  <nd ref="5926342013"/>
  <nd ref="420807774"/>
  <nd ref="5926342012"/>
  <nd ref="420807778"/>
  <nd ref="5926342011"/>
  <nd ref="5926342010"/>
  <nd ref="420807784"/>
  <nd ref="420807788"/>
  <nd ref="420807793"/>
  <nd ref="5926342009"/>
  <nd ref="5926342008"/>
  <nd ref="420807796"/>
  <nd ref="420807798"/>
  <nd ref="5926342007"/>
  <nd ref="420807801"/>
  <nd ref="3612237323"/>
  <nd ref="3612237324"/>
  <nd ref="3612237325"/>
  <nd ref="3612237326"/>
  <nd ref="3612237327"/>
  <nd ref="3612237328"/>
  <nd ref="420807803"/>
  <nd ref="420807809"/>
  <nd ref="3612237329"/>
  <nd ref="3612237330"/>
  <nd ref="420807811"/>
  <nd ref="3612237331"/>
  <nd ref="2256187062"/>
  <nd ref="9806244333"/>
  <nd ref="3612237333"/>
  <tag k="bicycle" v="yes"/>
  <tag k="foot" v="yes"/>
  <tag k="highway" v="path"/>
  <tag k="mtb:scale" v="1"/>
  <tag k="name" v="Sentiero dei Faggi"/>
  <tag k="sac_scale" v="hiking"/>
  <tag k="symbol" v="red marks on trees, or red-white-red blazing"/>
  <tag k="trailblazed" v="yes"/>
  <tag k="trail_visibility" v="excellent"/>
 </way>
 <way id="37112708" visible="true" version="14" changeset="98689563" timestamp="2021-02-04T08:15:23Z" user="itineralp" uid="5310347">
  <nd ref="431633720"/>
  <nd ref="5786824702"/>
  <nd ref="431633807"/>
  <nd ref="431633449"/>
  <nd ref="5786824701"/>
  <nd ref="431633340"/>
  <nd ref="5786824700"/>
  <nd ref="431633045"/>
  <nd ref="431633453"/>
  <nd ref="1652159469"/>
  <nd ref="431633236"/>
  <nd ref="431632946"/>
  <nd ref="431633827"/>
  <nd ref="431633863"/>
  <nd ref="431633930"/>
  <nd ref="431633112"/>
  <nd ref="431632942"/>
  <nd ref="431633067"/>
  <nd ref="1652159361"/>
  <nd ref="431633733"/>
  <tag k="highway" v="track"/>
  <tag k="mtb:scale" v="1"/>
  <tag k="smoothness" v="horrible"/>
  <tag k="surface" v="ground"/>
  <tag k="tracktype" v="grade3"/>
 </way>
 <way id="37112711" visible="true" version="13" changeset="165810337" timestamp="2025-05-04T17:07:15Z" user="olekma" uid="20067260">
  <nd ref="431633115"/>
  <nd ref="5784464331"/>
  <nd ref="5784464332"/>
  <nd ref="431633984"/>
  <nd ref="5784464333"/>
  <nd ref="5784464334"/>
  <nd ref="5784464335"/>
  <nd ref="3021779335"/>
  <nd ref="3021779533"/>
  <nd ref="1946480564"/>
  <nd ref="3021779433"/>
  <nd ref="4036257036"/>
  <nd ref="1946480563"/>
  <tag k="foot" v="yes"/>
  <tag k="highway" v="residential"/>
  <tag k="lane_markings" v="no"/>
  <tag k="lit" v="yes"/>
  <tag k="name" v="Via Beata Maddalena Albrici"/>
  <tag k="oneway" v="yes"/>
  <tag k="sidewalk" v="no"/>
  <tag k="source:width" v="ARCore"/>
  <tag k="surface" v="sett"/>
  <tag k="vehicle" v="private"/>
  <tag k="vehicle:conditional" v="yes @ (Su; PH)"/>
  <tag k="width" v="3.8"/>
 </way>
 <way id="37112715" visible="true" version="5" changeset="37400221" timestamp="2016-02-23T22:04:22Z" user="kaitu" uid="69717">
  <nd ref="431633844"/>
  <nd ref="420807635"/>
  <nd ref="1652159529"/>
  <nd ref="1652159546"/>
  <nd ref="1652159551"/>
  <nd ref="420807637"/>
  <tag k="foot" v="yes"/>
  <tag k="highway" v="path"/>
  <tag k="mtb:scale" v="0"/>
  <tag k="sac_scale" v="mountain_hiking"/>
  <tag k="trail_visibility" v="excellent"/>
 </way>
 <way id="111414235" visible="true" version="9" changeset="101580887" timestamp="2021-03-23T14:23:35Z" user="LorenzoBassi_SICAI_Team" uid="3286661">
  <nd ref="247109826"/>
  <nd ref="8032524852"/>
  <nd ref="1269376404"/>
  <nd ref="1269379694"/>
  <nd ref="5518437623"/>
  <tag k="highway" v="residential"/>
  <tag k="name" v="Via Funicolare"/>
  <tag k="surface" v="sett"/>
 </way>
 <way id="115078904" visible="true" version="9" changeset="121534139" timestamp="2022-05-26T15:56:28Z" user="Denis Sbragion OSM" uid="8155101">
  <nd ref="420807457"/>
  <nd ref="2974546008"/>
  <nd ref="2973759300"/>
  <nd ref="2974546013"/>
  <nd ref="420807458"/>
  <nd ref="420807459"/>
  <nd ref="420807460"/>
  <nd ref="420807461"/>
  <nd ref="9773049421"/>
  <nd ref="420807462"/>
  <nd ref="420807463"/>
  <nd ref="420807464"/>
  <nd ref="420807466"/>
  <nd ref="420807467"/>
  <nd ref="1652159593"/>
  <nd ref="1652159597"/>
  <nd ref="420807468"/>
  <nd ref="420807469"/>
  <nd ref="420807470"/>
  <nd ref="5926800064"/>
  <nd ref="5926800063"/>
  <nd ref="420807471"/>
  <nd ref="420807472"/>
  <nd ref="420807473"/>
  <nd ref="420807474"/>
  <nd ref="1652159598"/>
  <nd ref="420807475"/>
  <nd ref="420807476"/>
  <nd ref="2973759318"/>
  <nd ref="2973759320"/>
  <nd ref="420807480"/>
  <tag k="bicycle" v="yes"/>
  <tag k="foot" v="yes"/>
  <tag k="highway" v="path"/>
  <tag k="sac_scale" v="hiking"/>
  <tag k="surface" v="ground"/>
 </way>
 <way id="115078906" visible="true" version="11" changeset="62882001" timestamp="2018-09-24T14:07:12Z" user="aldoct" uid="923271">
  <nd ref="441984227"/>
  <nd ref="2972117923"/>
  <nd ref="2972117922"/>
  <nd ref="2972117921"/>
  <nd ref="1652159643"/>
  <nd ref="2972117918"/>
  <nd ref="420807503"/>
  <nd ref="420807502"/>
  <nd ref="5926800060"/>
  <nd ref="5926800062"/>
  <nd ref="420807501"/>
  <nd ref="420807500"/>
  <nd ref="5926800061"/>
  <nd ref="420807499"/>
  <nd ref="3612240156"/>
  <nd ref="420807498"/>
  <nd ref="420807497"/>
  <nd ref="420807495"/>
  <nd ref="420807493"/>
  <nd ref="420807491"/>
  <nd ref="420807488"/>
  <nd ref="420807487"/>
  <nd ref="420807486"/>
  <nd ref="420807485"/>
  <nd ref="2973759328"/>
  <nd ref="2973759327"/>
  <nd ref="2973759322"/>
  <nd ref="420807480"/>
  <tag k="bicycle" v="yes"/>
  <tag k="foot" v="yes"/>
  <tag k="highway" v="track"/>
  <tag k="motor_vehicle" v="private"/>
  <tag k="smoothness" v="very_bad"/>
  <tag k="surface" v="pebblestone"/>
  <tag k="symbol" v="white-red"/>
  <tag k="tracktype" v="grade3"/>
  <tag k="trailblazed" v="yes"/>
 </way>
 <way id="129927887" visible="true" version="13" changeset="169508398" timestamp="2025-07-26T13:56:15Z" user="user_8722718" uid="8722718">
  <nd ref="1432644532"/>
  <nd ref="4147723942"/>
  <nd ref="4147723947"/>
  <nd ref="4147723951"/>
  <nd ref="4147723952"/>
  <nd ref="4147723935"/>
  <nd ref="1432644522"/>
  <nd ref="1432644521"/>
  <nd ref="5371378751"/>
  <nd ref="1432644520"/>
  <nd ref="1432644519"/>
  <nd ref="1432644518"/>
  <nd ref="4639783404"/>
  <nd ref="13026717185"/>
  <nd ref="1432644516"/>
  <nd ref="1432644515"/>
  <nd ref="1432644511"/>
  <nd ref="4612343627"/>
  <tag k="highway" v="track"/>
  <tag k="note:vehicle" v="transito per l'Alpe di Borgo consentito solo agli automezzi di servizio."/>
  <tag k="surface" v="asphalt"/>
  <tag k="vehicle" v="private"/>
 </way>
 <way id="152400343" visible="true" version="7" changeset="121720074" timestamp="2022-05-30T14:03:22Z" user="kaitu" uid="69717">
  <nd ref="420807454"/>
  <nd ref="2973759302"/>
  <nd ref="1301690681"/>
  <nd ref="2973759304"/>
  <nd ref="1301690607"/>
  <nd ref="1301690569"/>
  <nd ref="2973759306"/>
  <nd ref="2973759307"/>
  <nd ref="1301690674"/>
  <nd ref="2973759310"/>
  <nd ref="1301690707"/>
  <nd ref="1301690634"/>
  <nd ref="2973759311"/>
  <nd ref="1301690659"/>
  <nd ref="1301690599"/>
  <nd ref="2974546022"/>
  <nd ref="1301690620"/>
  <nd ref="1301690553"/>
  <nd ref="2973759314"/>
  <nd ref="1301690549"/>
  <nd ref="9782219250"/>
  <nd ref="1301690655"/>
  <nd ref="1301690695"/>
  <nd ref="2974546024"/>
  <tag k="bicycle" v="yes"/>
  <tag k="foot" v="yes"/>
  <tag k="highway" v="track"/>
  <tag k="motor_vehicle" v="private"/>
  <tag k="surface" v="concrete"/>
  <tag k="tracktype" v="grade1"/>
  <tag k="trailblazed" v="yes"/>
 </way>
 <way id="152400348" visible="true" version="6" changeset="57923364" timestamp="2018-04-08T21:08:29Z" user="kaitu" uid="69717">
  <nd ref="420807457"/>
  <nd ref="420807456"/>
  <nd ref="2974546015"/>
  <tag k="bicycle" v="yes"/>
  <tag k="foot" v="yes"/>
  <tag k="highway" v="track"/>
  <tag k="motor_vehicle" v="private"/>
  <tag k="smoothness" v="horrible"/>
  <tag k="surface" v="ground"/>
  <tag k="tracktype" v="grade3"/>
  <tag k="trailblazed" v="yes"/>
 </way>
 <way id="152400349" visible="true" version="10" changeset="101580887" timestamp="2021-03-23T14:23:35Z" user="LorenzoBassi_SICAI_Team" uid="3286661">
  <nd ref="420807433"/>
  <nd ref="420807432"/>
  <nd ref="420807431"/>
  <nd ref="420807430"/>
  <nd ref="420807429"/>
  <nd ref="2973759298"/>
  <nd ref="420807428"/>
  <nd ref="2973759297"/>
  <nd ref="420807427"/>
  <nd ref="2973759296"/>
  <tag k="bicycle" v="yes"/>
  <tag k="foot" v="yes"/>
  <tag k="highway" v="track"/>
  <tag k="motor_vehicle" v="private"/>
  <tag k="smoothness" v="horrible"/>
  <tag k="surface" v="ground"/>
  <tag k="tracktype" v="grade3"/>
  <tag k="trailblazed" v="yes"/>
 </way>
 <way id="152400362" visible="true" version="12" changeset="169500483" timestamp="2025-07-26T11:20:32Z" user="user_8722718" uid="8722718">
  <nd ref="450804148"/>
  <nd ref="3220579997"/>
  <nd ref="307491919"/>
  <nd ref="307491920"/>
  <nd ref="307491921"/>
  <nd ref="307491922"/>
  <nd ref="307491923"/>
  <nd ref="307491924"/>
  <nd ref="307491925"/>
  <nd ref="450804182"/>
  <nd ref="450804184"/>
  <nd ref="3220579999"/>
  <nd ref="450804188"/>
  <nd ref="450804189"/>
  <nd ref="450804193"/>
  <nd ref="450804200"/>
  <nd ref="450804202"/>
  <nd ref="450804207"/>
  <nd ref="450804208"/>
  <nd ref="13026373773"/>
  <nd ref="450804209"/>
  <nd ref="13026373774"/>
  <nd ref="450804210"/>
  <nd ref="450804212"/>
  <nd ref="450804214"/>
  <nd ref="450804215"/>
  <nd ref="450804216"/>
  <nd ref="450804218"/>
  <nd ref="450804220"/>
  <nd ref="450804223"/>
  <nd ref="450804225"/>
  <nd ref="450804226"/>
  <nd ref="450804228"/>
  <nd ref="450804230"/>
  <nd ref="450804232"/>
  <tag k="highway" v="track"/>
  <tag k="mtb:scale" v="1"/>
  <tag k="mtb:scale:uphill" v="2"/>
  <tag k="smoothness" v="very_bad"/>
  <tag k="surface" v="ground"/>
  <tag k="tracktype" v="grade4"/>
 </way>
 <way id="152400387" visible="true" version="7" changeset="37150287" timestamp="2016-02-11T16:59:02Z" user="kaitu" uid="69717">
  <nd ref="420808208"/>
  <nd ref="2334467274"/>
  <nd ref="2334467282"/>
  <nd ref="420808212"/>
  <tag k="highway" v="service"/>
  <tag k="surface" v="pebblestone"/>
 </way>
 <way id="152400401" visible="true" version="9" changeset="165326084" timestamp="2025-04-23T10:32:47Z" user="Andrea Del Sarto" uid="3215770">
  <nd ref="4837589979"/>
  <nd ref="450804791"/>
  <nd ref="4837589977"/>
  <nd ref="450804792"/>
  <nd ref="450804794"/>
  <nd ref="450804801"/>
  <nd ref="4837589976"/>
  <nd ref="450804803"/>
  <nd ref="4837589975"/>
  <nd ref="450804806"/>
  <nd ref="450804809"/>
  <nd ref="450804811"/>
  <nd ref="9044025935"/>
  <nd ref="450804815"/>
  <nd ref="9044025936"/>
  <nd ref="450804818"/>
  <nd ref="450804820"/>
  <nd ref="9044025937"/>
  <nd ref="450804821"/>
  <nd ref="9947829656"/>
  <nd ref="450804825"/>
  <nd ref="3235333527"/>
  <nd ref="9947829657"/>
  <nd ref="9947829655"/>
  <nd ref="450804828"/>
  <nd ref="353976817"/>
  <tag k="highway" v="track"/>
  <tag k="mtb:scale" v="1"/>
  <tag k="mtb:scale:uphill" v="2"/>
  <tag k="surface" v="pebblestone"/>
  <tag k="tracktype" v="grade2"/>
  <tag k="vehicle" v="private"/>
 </way>
 <way id="152400402" visible="true" version="6" changeset="38868394" timestamp="2016-04-25T21:25:57Z" user="kaitu" uid="69717">
  <nd ref="420808123"/>
  <nd ref="420808126"/>
  <nd ref="4147723926"/>
  <nd ref="4147723918"/>
  <nd ref="420808136"/>
  <nd ref="420808138"/>
  <nd ref="420808144"/>
  <tag k="highway" v="unclassified"/>
  <tag k="surface" v="asphalt"/>
 </way>
 <way id="152400476" visible="true" version="11" changeset="184350430" timestamp="2026-06-20T12:03:40Z" user="Aaaa002" uid="20434376">
  <nd ref="420807637"/>
  <nd ref="1652159553"/>
  <nd ref="1652159560"/>
  <nd ref="431504235"/>
  <nd ref="420807638"/>
  <nd ref="5786824698"/>
  <nd ref="5926342058"/>
  <nd ref="420807639"/>
  <nd ref="13953780320"/>
  <nd ref="420807640"/>
  <nd ref="420807641"/>
  <nd ref="420807642"/>
  <nd ref="5926342057"/>
  <nd ref="420807643"/>
  <tag k="foot" v="yes"/>
  <tag k="highway" v="path"/>
  <tag k="mtb:scale" v="2"/>
  <tag k="sac_scale" v="hiking"/>
  <tag k="trail_visibility" v="excellent"/>
 </way>
 <way id="184191262" visible="true" version="8" changeset="159239035" timestamp="2024-11-17T11:42:29Z" user="Paolo pn" uid="2370220">
  <nd ref="2045415054"/>
  <nd ref="12347898066"/>
  <nd ref="3066640701"/>
  <nd ref="3066640700"/>
  <tag k="highway" v="service"/>
  <tag k="name" v="Via mulattiera per San Maurizio"/>
  <tag k="service" v="alley"/>
  <tag k="surface" v="cobblestone"/>
  <tag k="wikidata" v="Q56273434"/>
 </way>
 <way id="186524764" visible="true" version="9" changeset="75618474" timestamp="2019-10-13T09:25:59Z" user="Tronikon" uid="123364">
  <nd ref="1972501504"/>
  <nd ref="1972501506"/>
  <nd ref="5784464301"/>
  <nd ref="5784464300"/>
  <nd ref="1972501507"/>
  <nd ref="5784464302"/>
  <nd ref="1972501509"/>
  <nd ref="1972501513"/>
  <nd ref="1972501516"/>
  <nd ref="1972501519"/>
  <nd ref="5784464303"/>
  <nd ref="5793447177"/>
  <nd ref="5793447178"/>
  <nd ref="1972501523"/>
  <nd ref="5784464305"/>
  <nd ref="5784464304"/>
  <nd ref="1972501535"/>
  <nd ref="1972501533"/>
  <nd ref="1972501531"/>
  <nd ref="1972501528"/>
  <nd ref="5793447179"/>
  <tag k="highway" v="track"/>
  <tag k="name" v="Via alle Colme"/>
  <tag k="smoothness" v="bad"/>
  <tag k="surface" v="ground"/>
  <tag k="tracktype" v="grade3"/>
 </way>
 <way id="186532507" visible="true" version="9" changeset="184580915" timestamp="2026-06-25T12:15:12Z" user="Davide Tantardini" uid="1194494">
  <nd ref="2045414994"/>
  <nd ref="2045415033"/>
  <nd ref="2045415050"/>
  <nd ref="2045414995"/>
  <nd ref="2045415036"/>
  <tag k="cycleway:both" v="no"/>
  <tag k="highway" v="residential"/>
  <tag k="oneway" v="yes"/>
 </way>
 <way id="194030235" visible="true" version="4" changeset="62886935" timestamp="2018-09-24T16:35:48Z" user="aldoct" uid="923271">
  <nd ref="2045414990"/>
  <nd ref="2045415019"/>
  <nd ref="2045415027"/>
  <nd ref="5927072919"/>
  <tag k="highway" v="residential"/>
  <tag k="name" v="Via alle Colme"/>
  <tag k="oneway" v="yes"/>
 </way>
 <way id="220545481" visible="true" version="5" changeset="70842124" timestamp="2019-06-01T19:08:57Z" user="Dingo67" uid="9192791">
  <nd ref="353976817"/>
  <nd ref="2972117926"/>
  <nd ref="3235333518"/>
  <nd ref="441984222"/>
  <nd ref="441984223"/>
  <nd ref="441984224"/>
  <nd ref="441984225"/>
  <nd ref="441984226"/>
  <nd ref="446179956"/>
  <nd ref="441984227"/>
  <tag k="highway" v="tertiary"/>
  <tag k="name" v="Strada provinciale 44 del Piano del Tivano"/>
  <tag k="ref" v="SP44"/>
  <tag k="surface" v="asphalt"/>
 </way>
 <way id="220732408" visible="true" version="4" changeset="165326084" timestamp="2025-04-23T10:32:47Z" user="Andrea Del Sarto" uid="3215770">
  <nd ref="420808344"/>
  <nd ref="420808352"/>
  <nd ref="2334467413"/>
  <nd ref="420808364"/>
  <tag k="foot" v="yes"/>
  <tag k="highway" v="service"/>
  <tag k="motor_vehicle" v="private"/>
  <tag k="service" v="driveway"/>
  <tag k="surface" v="pebblestone"/>
 </way>
 <way id="220732415" visible="true" version="3" changeset="30035757" timestamp="2015-04-07T10:28:37Z" user="kaitu" uid="69717">
  <nd ref="420808187"/>
  <nd ref="420808192"/>
  <nd ref="420808194"/>
  <nd ref="420808197"/>
  <nd ref="2334467259"/>
  <nd ref="420808199"/>
  <nd ref="2298250271"/>
  <nd ref="420808201"/>
  <nd ref="2298250274"/>
  <nd ref="420808208"/>
  <tag k="foot" v="yes"/>
  <tag k="highway" v="service"/>
  <tag k="motor_vehicle" v="private"/>
  <tag k="mtb:scale" v="0"/>
  <tag k="smoothness" v="bad"/>
  <tag k="surface" v="pebblestone"/>
  <tag k="tracktype" v="grade2"/>
 </way>
 <way id="220733471" visible="true" version="7" changeset="127562114" timestamp="2022-10-15T09:35:24Z" user="k0m@t3" uid="10843797">
  <nd ref="1946480563"/>
  <nd ref="3021779333"/>
  <tag k="highway" v="unclassified"/>
  <tag k="lane_markings" v="no"/>
  <tag k="name" v="Via Giacomo Scalini"/>
  <tag k="oneway" v="no"/>
  <tag k="surface" v="asphalt"/>
 </way>
 <way id="220733473" visible="true" version="10" changeset="184580915" timestamp="2026-06-25T12:15:12Z" user="Davide Tantardini" uid="1194494">
  <nd ref="431632968"/>
  <nd ref="431633869"/>
  <nd ref="5784464329"/>
  <nd ref="4035200811"/>
  <nd ref="5784464330"/>
  <nd ref="431633115"/>
  <tag k="cycleway:both" v="no"/>
  <tag k="highway" v="residential"/>
  <tag k="lane_markings" v="no"/>
  <tag k="name" v="Via Giacomo Scalini"/>
  <tag k="oneway" v="no"/>
  <tag k="surface" v="asphalt"/>
 </way>
 <way id="220733475" visible="true" version="9" changeset="92759536" timestamp="2020-10-20T10:10:53Z" user="kaitu" uid="69717">
  <nd ref="431633529"/>
  <nd ref="5784464307"/>
  <nd ref="2045415038"/>
  <nd ref="5518432518"/>
  <nd ref="2045415026"/>
  <nd ref="5784464308"/>
  <nd ref="5784464306"/>
  <nd ref="431632844"/>
  <nd ref="2045414986"/>
  <nd ref="2045415060"/>
  <nd ref="5518432519"/>
  <nd ref="2045414991"/>
  <tag k="cycleway:both" v="no"/>
  <tag k="highway" v="unclassified"/>
  <tag k="name" v="Via Regonda"/>
  <tag k="surface" v="asphalt"/>
 </way>
 <way id="222820539" visible="true" version="9" changeset="165326064" timestamp="2025-04-23T10:32:24Z" user="Andrea Del Sarto" uid="3215770">
  <nd ref="420807365"/>
  <nd ref="420807366"/>
  <nd ref="420807367"/>
  <nd ref="420807368"/>
  <nd ref="9088914318"/>
  <tag k="bicycle" v="yes"/>
  <tag k="foot" v="yes"/>
  <tag k="highway" v="track"/>
  <tag k="motor_vehicle" v="private"/>
  <tag k="smoothness" v="horrible"/>
  <tag k="surface" v="ground"/>
  <tag k="tracktype" v="grade3"/>
 </way>
 <way id="224517749" visible="true" version="9" changeset="169500483" timestamp="2025-07-26T11:20:32Z" user="user_8722718" uid="8722718">
  <nd ref="3662840189"/>
  <nd ref="420808015"/>
  <nd ref="420808013"/>
  <nd ref="4147723896"/>
  <nd ref="420808010"/>
  <nd ref="420808008"/>
  <nd ref="420808006"/>
  <nd ref="420808003"/>
  <nd ref="420808000"/>
  <nd ref="420807998"/>
  <nd ref="420807995"/>
  <nd ref="420807992"/>
  <nd ref="420807990"/>
  <nd ref="420807988"/>
  <nd ref="420807986"/>
  <nd ref="420807984"/>
  <nd ref="420807982"/>
  <nd ref="420807981"/>
  <nd ref="13026389835"/>
  <nd ref="13026389834"/>
  <nd ref="13026389839"/>
  <nd ref="13026389838"/>
  <nd ref="13026389837"/>
  <nd ref="13026389836"/>
  <nd ref="13026389840"/>
  <nd ref="13026389841"/>
  <nd ref="420807980"/>
  <nd ref="13026389842"/>
  <nd ref="420807979"/>
  <nd ref="1652159875"/>
  <nd ref="13026389843"/>
  <nd ref="420807977"/>
  <nd ref="420807970"/>
  <nd ref="420807967"/>
  <nd ref="4612399603"/>
  <nd ref="420807964"/>
  <nd ref="420807961"/>
  <tag k="description:it" v="Parco Monte San Primo - Bocchetta di Terrabiotta"/>
  <tag k="highway" v="path"/>
  <tag k="mtb:scale" v="2"/>
  <tag k="sac_scale" v="mountain_hiking"/>
  <tag k="surface" v="ground"/>
  <tag k="trail_visibility" v="excellent"/>
 </way>
 <way id="224517835" visible="true" version="5" changeset="101582848" timestamp="2021-03-23T14:53:50Z" user="LorenzoBassi_SICAI_Team" uid="3286661">
  <nd ref="420808144"/>
  <nd ref="2333375720"/>
  <nd ref="2334467293"/>
  <nd ref="2334467287"/>
  <nd ref="420808146"/>
  <nd ref="420808149"/>
  <nd ref="420808152"/>
  <tag k="access" v="yes"/>
  <tag k="highway" v="service"/>
  <tag k="smoothness" v="bad"/>
  <tag k="surface" v="pebblestone"/>
 </way>
 <way id="224647597" visible="true" version="2" changeset="37150287" timestamp="2016-02-11T16:59:02Z" user="kaitu" uid="69717">
  <nd ref="420808364"/>
  <nd ref="420808365"/>
  <nd ref="420808366"/>
  <nd ref="420808367"/>
  <nd ref="420808368"/>
  <nd ref="420808369"/>
  <nd ref="420808370"/>
  <nd ref="420808372"/>
  <nd ref="2334467456"/>
  <nd ref="420808373"/>
  <nd ref="2334467465"/>
  <tag k="highway" v="unclassified"/>
  <tag k="smoothness" v="bad"/>
  <tag k="surface" v="pebblestone"/>
  <tag k="tracktype" v="grade2"/>
 </way>
 <way id="224647598" visible="true" version="10" changeset="104033715" timestamp="2021-05-03T07:24:40Z" user="itineralp" uid="5310347">
  <nd ref="420808493"/>
  <nd ref="420808502"/>
  <nd ref="420808505"/>
  <nd ref="2292918849"/>
  <nd ref="3854006730"/>
  <nd ref="420808507"/>
  <nd ref="3854006747"/>
  <nd ref="2292918850"/>
  <nd ref="420808511"/>
  <nd ref="420808514"/>
  <nd ref="2292918851"/>
  <nd ref="420808517"/>
  <nd ref="420808519"/>
  <nd ref="420808524"/>
  <nd ref="2292918852"/>
  <nd ref="420808528"/>
  <nd ref="2292918853"/>
  <nd ref="420808529"/>
  <nd ref="2292918854"/>
  <nd ref="420808530"/>
  <nd ref="420808533"/>
  <nd ref="420808539"/>
  <nd ref="420808541"/>
  <nd ref="420808544"/>
  <nd ref="420808545"/>
  <nd ref="420808547"/>
  <nd ref="420808548"/>
  <nd ref="3024045917"/>
  <nd ref="420808549"/>
  <nd ref="420808551"/>
  <nd ref="420808553"/>
  <nd ref="3024045918"/>
  <nd ref="420808554"/>
  <nd ref="420808557"/>
  <nd ref="3854006807"/>
  <nd ref="3024045919"/>
  <nd ref="3854006811"/>
  <nd ref="3024045911"/>
  <tag k="highway" v="track"/>
  <tag k="motor_vehicle" v="private"/>
  <tag k="surface" v="pebblestone"/>
  <tag k="tracktype" v="grade2"/>
 </way>
 <way id="224647606" visible="true" version="5" changeset="129300958" timestamp="2022-11-23T23:50:23Z" user="gmarzio" uid="107284">
  <nd ref="420808212"/>
  <nd ref="420808221"/>
  <nd ref="2298250303"/>
  <nd ref="2298250307"/>
  <nd ref="2334467323"/>
  <nd ref="420808229"/>
  <nd ref="420808232"/>
  <nd ref="420808235"/>
  <nd ref="420808237"/>
  <nd ref="420808242"/>
  <nd ref="420808244"/>
  <nd ref="2298250338"/>
  <nd ref="2334467369"/>
  <nd ref="420808251"/>
  <nd ref="2298250349"/>
  <nd ref="420808254"/>
  <nd ref="420808258"/>
  <nd ref="420808264"/>
  <nd ref="420808269"/>
  <nd ref="420808283"/>
  <nd ref="420808289"/>
  <nd ref="3612260171"/>
  <nd ref="420808293"/>
  <nd ref="420808299"/>
  <nd ref="420808307"/>
  <nd ref="420808310"/>
  <nd ref="420808313"/>
  <nd ref="420808318"/>
  <nd ref="420808320"/>
  <nd ref="420808326"/>
  <nd ref="2334467398"/>
  <nd ref="420808338"/>
  <nd ref="4913829029"/>
  <tag k="highway" v="path"/>
  <tag k="surface" v="ground"/>
  <tag k="symbol" v="white-red stripes"/>
  <tag k="trailblazed" v="yes"/>
 </way>
 <way id="224647608" visible="true" version="7" changeset="104033715" timestamp="2021-05-03T07:24:40Z" user="itineralp" uid="5310347">
  <nd ref="420808400"/>
  <nd ref="3854208356"/>
  <nd ref="3854208350"/>
  <nd ref="420808403"/>
  <nd ref="3854208345"/>
  <nd ref="420808404"/>
  <nd ref="3854208343"/>
  <nd ref="3854208341"/>
  <nd ref="420808411"/>
  <nd ref="3854208333"/>
  <nd ref="3854208332"/>
  <nd ref="420808415"/>
  <nd ref="3854208334"/>
  <nd ref="3854208337"/>
  <nd ref="3854208340"/>
  <nd ref="3854208344"/>
  <nd ref="420808422"/>
  <nd ref="420808424"/>
  <nd ref="3854209991"/>
  <nd ref="420808427"/>
  <nd ref="420808429"/>
  <nd ref="3854209994"/>
  <nd ref="420808431"/>
  <nd ref="3854020353"/>
  <nd ref="420808444"/>
  <nd ref="2334467693"/>
  <nd ref="3854209998"/>
  <nd ref="420808446"/>
  <nd ref="3854209997"/>
  <nd ref="2334467691"/>
  <nd ref="3854209996"/>
  <nd ref="2334467687"/>
  <nd ref="3854209995"/>
  <nd ref="420808452"/>
  <nd ref="3854209993"/>
  <nd ref="420808454"/>
  <nd ref="3854209992"/>
  <nd ref="420808456"/>
  <nd ref="420808459"/>
  <nd ref="420808461"/>
  <nd ref="420808465"/>
  <nd ref="420808469"/>
  <nd ref="420808472"/>
  <nd ref="420808473"/>
  <nd ref="420808475"/>
  <nd ref="2334467701"/>
  <nd ref="3854006676"/>
  <nd ref="420808477"/>
  <nd ref="3854006684"/>
  <nd ref="420808480"/>
  <nd ref="420808483"/>
  <nd ref="3854006664"/>
  <nd ref="420808485"/>
  <nd ref="420808487"/>
  <nd ref="2292918847"/>
  <nd ref="2292918848"/>
  <nd ref="420808491"/>
  <nd ref="420808493"/>
  <tag k="highway" v="unclassified"/>
  <tag k="smoothness" v="bad"/>
  <tag k="surface" v="asphalt"/>
 </way>
 <way id="224647679" visible="true" version="2" changeset="30035757" timestamp="2015-04-07T10:28:37Z" user="kaitu" uid="69717">
  <nd ref="420808156"/>
  <nd ref="2334467264"/>
  <tag k="access" v="yes"/>
  <tag k="bridge" v="yes"/>
  <tag k="highway" v="residential"/>
  <tag k="layer" v="1"/>
  <tag k="smoothness" v="bad"/>
  <tag k="surface" v="pebblestone"/>
 </way>
 <way id="224647680" visible="true" version="3" changeset="48931364" timestamp="2017-05-24T00:17:02Z" user="PatrickOC" uid="5627327">
  <nd ref="2334467269"/>
  <nd ref="420808184"/>
  <tag k="access" v="yes"/>
  <tag k="highway" v="service"/>
  <tag k="smoothness" v="bad"/>
  <tag k="surface" v="pebblestone"/>
 </way>
 <way id="224647681" visible="true" version="2" changeset="30035757" timestamp="2015-04-07T10:28:37Z" user="kaitu" uid="69717">
  <nd ref="420808180"/>
  <nd ref="2334467269"/>
  <tag k="access" v="yes"/>
  <tag k="bridge" v="yes"/>
  <tag k="highway" v="residential"/>
  <tag k="layer" v="1"/>
  <tag k="smoothness" v="bad"/>
  <tag k="surface" v="pebblestone"/>
 </way>
 <way id="224647682" visible="true" version="2" changeset="30035757" timestamp="2015-04-07T10:28:37Z" user="kaitu" uid="69717">
  <nd ref="2334467261"/>
  <nd ref="420808161"/>
  <tag k="access" v="yes"/>
  <tag k="bridge" v="yes"/>
  <tag k="highway" v="residential"/>
  <tag k="layer" v="1"/>
  <tag k="smoothness" v="bad"/>
  <tag k="surface" v="pebblestone"/>
 </way>
 <way id="224647683" visible="true" version="3" changeset="48931364" timestamp="2017-05-24T00:17:02Z" user="PatrickOC" uid="5627327">
  <nd ref="420808184"/>
  <nd ref="2298250268"/>
  <nd ref="420808187"/>
  <tag k="access" v="yes"/>
  <tag k="highway" v="service"/>
  <tag k="smoothness" v="bad"/>
  <tag k="surface" v="pebblestone"/>
 </way>
 <way id="224647684" visible="true" version="3" changeset="106358311" timestamp="2021-06-14T21:13:36Z" user="kaitu" uid="69717">
  <nd ref="2334467264"/>
  <nd ref="2334467262"/>
  <nd ref="8833569633"/>
  <nd ref="2334467261"/>
  <tag k="access" v="yes"/>
  <tag k="highway" v="residential"/>
  <tag k="smoothness" v="bad"/>
  <tag k="surface" v="pebblestone"/>
 </way>
 <way id="224647685" visible="true" version="3" changeset="48931364" timestamp="2017-05-24T00:17:02Z" user="PatrickOC" uid="5627327">
  <nd ref="420808161"/>
  <nd ref="2334467268"/>
  <nd ref="420808165"/>
  <nd ref="420808168"/>
  <nd ref="420808170"/>
  <nd ref="420808171"/>
  <nd ref="420808175"/>
  <nd ref="420808178"/>
  <nd ref="3442602919"/>
  <nd ref="420808180"/>
  <tag k="access" v="yes"/>
  <tag k="highway" v="service"/>
  <tag k="smoothness" v="bad"/>
  <tag k="surface" v="pebblestone"/>
 </way>
 <way id="229602205" visible="true" version="9" changeset="67550293" timestamp="2019-02-25T14:10:56Z" user="Pedisa" uid="4780829">
  <nd ref="2381736021"/>
  <nd ref="3391826808"/>
  <nd ref="3391826809"/>
  <nd ref="420808724"/>
  <nd ref="3391826810"/>
  <nd ref="420808725"/>
  <nd ref="3391826811"/>
  <nd ref="420808726"/>
  <nd ref="3391826815"/>
  <nd ref="3391826817"/>
  <nd ref="420808727"/>
  <nd ref="3391826820"/>
  <nd ref="2381736023"/>
  <nd ref="420808728"/>
  <nd ref="3391826813"/>
  <nd ref="3391826812"/>
  <nd ref="420808729"/>
  <nd ref="3391826814"/>
  <nd ref="3391826816"/>
  <nd ref="3391826818"/>
  <nd ref="3391826819"/>
  <nd ref="420808730"/>
  <nd ref="420808733"/>
  <nd ref="3391826821"/>
  <nd ref="3391826822"/>
  <nd ref="420808734"/>
  <nd ref="3391826823"/>
  <nd ref="2381736041"/>
  <nd ref="2381736032"/>
  <nd ref="2381736034"/>
  <nd ref="3391826824"/>
  <nd ref="420808736"/>
  <nd ref="3391826825"/>
  <nd ref="420808737"/>
  <nd ref="2381736019"/>
  <nd ref="2381739533"/>
  <nd ref="420808738"/>
  <tag k="highway" v="unclassified"/>
  <tag k="motor_vehicle" v="private"/>
  <tag k="name" v="Via al Perlo"/>
  <tag k="surface" v="asphalt"/>
 </way>
 <way id="255351890" visible="true" version="3" changeset="127561992" timestamp="2022-10-15T09:31:50Z" user="k0m@t3" uid="10843797">
  <nd ref="1269373354"/>
  <nd ref="2610435786"/>
  <nd ref="2610435779"/>
  <tag k="highway" v="residential"/>
  <tag k="lit" v="yes"/>
  <tag k="name" v="Viale Comuni Lariani"/>
  <tag k="surface" v="sett"/>
 </way>
 <way id="255351891" visible="true" version="1" changeset="19816922" timestamp="2014-01-05T03:31:35Z" user="kaitu" uid="69717">
  <nd ref="2610435779"/>
  <nd ref="2608895744"/>
  <nd ref="1904524799"/>
  <nd ref="2610435702"/>
  <nd ref="1904524796"/>
  <tag k="highway" v="footway"/>
  <tag k="name" v="Piazza Alberto Bonacossa"/>
  <tag k="surface" v="sett"/>
 </way>
 <way id="255619618" visible="true" version="6" changeset="165326064" timestamp="2025-04-23T10:32:24Z" user="Andrea Del Sarto" uid="3215770">
  <nd ref="1625110507"/>
  <nd ref="420807369"/>
  <nd ref="5926800069"/>
  <nd ref="420807370"/>
  <nd ref="420807371"/>
  <tag k="bicycle" v="yes"/>
  <tag k="foot" v="yes"/>
  <tag k="highway" v="track"/>
  <tag k="motor_vehicle" v="private"/>
  <tag k="smoothness" v="horrible"/>
  <tag k="surface" v="ground"/>
  <tag k="tracktype" v="grade3"/>
 </way>
 <way id="255619619" visible="true" version="4" changeset="165326064" timestamp="2025-04-23T10:32:24Z" user="Andrea Del Sarto" uid="3215770">
  <nd ref="2294941475"/>
  <nd ref="2297570986"/>
  <nd ref="420807365"/>
  <tag k="bicycle" v="yes"/>
  <tag k="foot" v="yes"/>
  <tag k="highway" v="track"/>
  <tag k="sac_scale" v="hiking"/>
  <tag k="surface" v="ground"/>
  <tag k="tracktype" v="grade3"/>
  <tag k="trail_visibility" v="excellent"/>
 </way>
 <way id="255619620" visible="true" version="6" changeset="165326084" timestamp="2025-04-23T10:32:47Z" user="Andrea Del Sarto" uid="3215770">
  <nd ref="2297570927"/>
  <nd ref="420807329"/>
  <nd ref="420807330"/>
  <nd ref="420807331"/>
  <nd ref="420807332"/>
  <nd ref="420807333"/>
  <nd ref="3612238475"/>
  <nd ref="4515969324"/>
  <nd ref="4515969325"/>
  <nd ref="4515969326"/>
  <nd ref="420807336"/>
  <nd ref="420807338"/>
  <nd ref="420807341"/>
  <nd ref="3612238476"/>
  <nd ref="420807342"/>
  <nd ref="420807344"/>
  <nd ref="420807346"/>
  <nd ref="420807348"/>
  <nd ref="3612238478"/>
  <nd ref="3612238479"/>
  <nd ref="420807350"/>
  <nd ref="420807351"/>
  <nd ref="420807352"/>
  <nd ref="420807353"/>
  <nd ref="420807354"/>
  <nd ref="420807355"/>
  <nd ref="3612238480"/>
  <nd ref="420807356"/>
  <nd ref="420807358"/>
  <nd ref="420807359"/>
  <nd ref="420807360"/>
  <nd ref="3612238481"/>
  <nd ref="420807361"/>
  <nd ref="3612238482"/>
  <nd ref="3612238483"/>
  <nd ref="3612238484"/>
  <nd ref="420807362"/>
  <nd ref="3612238485"/>
  <nd ref="2294941475"/>
  <tag k="bicycle" v="yes"/>
  <tag k="foot" v="yes"/>
  <tag k="highway" v="track"/>
  <tag k="sac_scale" v="hiking"/>
  <tag k="surface" v="ground"/>
  <tag k="tracktype" v="grade3"/>
  <tag k="trail_visibility" v="excellent"/>
 </way>
 <way id="255619621" visible="true" version="9" changeset="101580887" timestamp="2021-03-23T14:23:35Z" user="LorenzoBassi_SICAI_Team" uid="3286661">
  <nd ref="2284746044"/>
  <nd ref="431633446"/>
  <nd ref="431632860"/>
  <nd ref="431633739"/>
  <nd ref="431633059"/>
  <nd ref="431633463"/>
  <nd ref="431633055"/>
  <nd ref="5518432511"/>
  <tag k="bicycle" v="yes"/>
  <tag k="foot" v="yes"/>
  <tag k="highway" v="residential"/>
  <tag k="lanes" v="1"/>
  <tag k="noname" v="yes"/>
  <tag k="smoothness" v="bad"/>
  <tag k="surface" v="cobblestone"/>
 </way>
 <way id="255619622" visible="true" version="4" changeset="98689563" timestamp="2021-02-04T08:15:23Z" user="itineralp" uid="5310347">
  <nd ref="431633733"/>
  <nd ref="1652159356"/>
  <nd ref="431633833"/>
  <nd ref="431633671"/>
  <nd ref="431633315"/>
  <nd ref="431633673"/>
  <nd ref="431632861"/>
  <nd ref="431633711"/>
  <nd ref="431632930"/>
  <nd ref="431633952"/>
  <nd ref="431633837"/>
  <nd ref="431633670"/>
  <nd ref="431633251"/>
  <nd ref="613753265"/>
  <nd ref="431633577"/>
  <nd ref="431633758"/>
  <nd ref="431633885"/>
  <nd ref="431633258"/>
  <nd ref="431633763"/>
  <nd ref="431633598"/>
  <nd ref="431632973"/>
  <nd ref="1652159158"/>
  <nd ref="431633894"/>
  <nd ref="431633147"/>
  <nd ref="431633430"/>
  <nd ref="431633380"/>
  <nd ref="431633069"/>
  <nd ref="431632932"/>
  <nd ref="431633686"/>
  <nd ref="431633797"/>
  <nd ref="431632919"/>
  <nd ref="431633285"/>
  <nd ref="431633228"/>
  <nd ref="431633779"/>
  <nd ref="431633962"/>
  <nd ref="431633235"/>
  <nd ref="431633808"/>
  <nd ref="431633382"/>
  <nd ref="2297570821"/>
  <tag k="highway" v="track"/>
  <tag k="mtb:scale" v="1"/>
  <tag k="smoothness" v="horrible"/>
  <tag k="surface" v="pebblestone"/>
  <tag k="tracktype" v="grade5"/>
 </way>
 <way id="255619623" visible="true" version="8" changeset="62886935" timestamp="2018-09-24T16:35:49Z" user="aldoct" uid="923271">
  <nd ref="2878892440"/>
  <nd ref="2878892441"/>
  <nd ref="5927072914"/>
  <nd ref="2878892442"/>
  <nd ref="4029003655"/>
  <nd ref="2878892443"/>
  <nd ref="2878892444"/>
  <tag k="highway" v="residential"/>
  <tag k="name" v="Strada Monte Boletto"/>
  <tag k="smoothness" v="bad"/>
  <tag k="surface" v="pebblestone"/>
  <tag k="tracktype" v="grade2"/>
 </way>
 <way id="255619624" visible="true" version="6" changeset="165326084" timestamp="2025-04-23T10:32:47Z" user="Andrea Del Sarto" uid="3215770">
  <nd ref="420807419"/>
  <nd ref="420807418"/>
  <nd ref="2974549962"/>
  <nd ref="420807417"/>
  <nd ref="420807416"/>
  <nd ref="420807415"/>
  <nd ref="420807414"/>
  <nd ref="420807413"/>
  <nd ref="420807412"/>
  <nd ref="5926800065"/>
  <nd ref="420807411"/>
  <nd ref="420807410"/>
  <tag k="bicycle" v="yes"/>
  <tag k="foot" v="yes"/>
  <tag k="highway" v="track"/>
  <tag k="smoothness" v="very_horrible"/>
  <tag k="surface" v="ground"/>
  <tag k="tracktype" v="grade3"/>
  <tag k="trailblazed" v="yes"/>
 </way>
 <way id="255619625" visible="true" version="11" changeset="106610148" timestamp="2021-06-18T21:33:08Z" user="Pedisa" uid="4780829">
  <nd ref="420808626"/>
  <nd ref="3024045934"/>
  <nd ref="420808630"/>
  <nd ref="3024045935"/>
  <nd ref="3854522202"/>
  <nd ref="3854522203"/>
  <nd ref="5933373399"/>
  <nd ref="3854522204"/>
  <nd ref="3854522208"/>
  <nd ref="420808640"/>
  <nd ref="3024045936"/>
  <nd ref="3854522210"/>
  <nd ref="3024045937"/>
  <nd ref="5933373402"/>
  <nd ref="5933373401"/>
  <nd ref="5933373400"/>
  <nd ref="3024045938"/>
  <nd ref="3024045939"/>
  <nd ref="420808642"/>
  <nd ref="5933373403"/>
  <nd ref="3024045940"/>
  <nd ref="3024045941"/>
  <tag k="highway" v="track"/>
  <tag k="motor_vehicle" v="private"/>
  <tag k="name" v="Dorsale del Triangolo Lariano"/>
  <tag k="surface" v="pebblestone"/>
  <tag k="tracktype" v="grade2"/>
 </way>
 <way id="255619626" visible="true" version="8" changeset="62886935" timestamp="2018-09-24T16:35:49Z" user="aldoct" uid="923271">
  <nd ref="2297570815"/>
  <nd ref="431633928"/>
  <nd ref="5926312888"/>
  <nd ref="5927072913"/>
  <nd ref="431633672"/>
  <nd ref="5786824687"/>
  <nd ref="431633166"/>
  <nd ref="431633281"/>
  <nd ref="1197105480"/>
  <nd ref="4022717120"/>
  <tag k="highway" v="track"/>
  <tag k="smoothness" v="very_bad"/>
  <tag k="surface" v="cobblestone"/>
  <tag k="tracktype" v="grade2"/>
 </way>
 <way id="284130424" visible="true" version="8" changeset="62886935" timestamp="2018-09-24T16:35:49Z" user="aldoct" uid="923271">
  <nd ref="431633264"/>
  <nd ref="431633571"/>
  <nd ref="431633636"/>
  <nd ref="431633994"/>
  <nd ref="431633722"/>
  <nd ref="431633369"/>
  <nd ref="431633630"/>
  <nd ref="431632902"/>
  <nd ref="431632962"/>
  <nd ref="431633131"/>
  <nd ref="431633486"/>
  <nd ref="5786824680"/>
  <nd ref="431632893"/>
  <nd ref="431632957"/>
  <nd ref="431633986"/>
  <nd ref="431633280"/>
  <nd ref="431633628"/>
  <nd ref="431633679"/>
  <nd ref="431633288"/>
  <nd ref="5786824679"/>
  <nd ref="431633533"/>
  <nd ref="431633376"/>
  <nd ref="431633265"/>
  <tag k="highway" v="residential"/>
  <tag k="name" v="Via Bel Paese"/>
  <tag k="smoothness" v="bad"/>
  <tag k="surface" v="pebblestone"/>
  <tag k="tracktype" v="grade2"/>
 </way>
 <way id="293879912" visible="true" version="3" changeset="165326084" timestamp="2025-04-23T10:32:47Z" user="Andrea Del Sarto" uid="3215770">
  <nd ref="420807410"/>
  <nd ref="420807408"/>
  <nd ref="2974549958"/>
  <nd ref="2973759295"/>
  <nd ref="2974549959"/>
  <nd ref="2974549960"/>
  <nd ref="2973759294"/>
  <nd ref="420807407"/>
  <nd ref="420807406"/>
  <nd ref="420807405"/>
  <tag k="bicycle" v="yes"/>
  <tag k="foot" v="yes"/>
  <tag k="highway" v="track"/>
  <tag k="smoothness" v="very_bad"/>
  <tag k="surface" v="concrete"/>
  <tag k="tracktype" v="grade1"/>
  <tag k="trailblazed" v="yes"/>
 </way>
 <way id="293879913" visible="true" version="3" changeset="57923364" timestamp="2018-04-08T21:08:30Z" user="kaitu" uid="69717">
  <nd ref="2974546024"/>
  <nd ref="2973759313"/>
  <nd ref="1301690616"/>
  <nd ref="1301690647"/>
  <nd ref="1301690578"/>
  <nd ref="2973759309"/>
  <nd ref="2974546020"/>
  <nd ref="420807437"/>
  <nd ref="420807436"/>
  <nd ref="2973759305"/>
  <nd ref="420807435"/>
  <nd ref="420807434"/>
  <nd ref="2973759299"/>
  <nd ref="420807433"/>
  <tag k="bicycle" v="yes"/>
  <tag k="foot" v="yes"/>
  <tag k="highway" v="track"/>
  <tag k="motor_vehicle" v="private"/>
  <tag k="smoothness" v="horrible"/>
  <tag k="surface" v="ground"/>
  <tag k="tracktype" v="grade3"/>
  <tag k="trailblazed" v="yes"/>
 </way>
 <way id="293879914" visible="true" version="4" changeset="101580887" timestamp="2021-03-23T14:23:35Z" user="LorenzoBassi_SICAI_Team" uid="3286661">
  <nd ref="420807424"/>
  <nd ref="2974550000"/>
  <nd ref="420807423"/>
  <nd ref="2974549995"/>
  <nd ref="2974549992"/>
  <nd ref="2974549990"/>
  <nd ref="2974549988"/>
  <nd ref="2974549986"/>
  <nd ref="2974549978"/>
  <nd ref="420807422"/>
  <tag k="bicycle" v="yes"/>
  <tag k="foot" v="yes"/>
  <tag k="highway" v="track"/>
  <tag k="motor_vehicle" v="private"/>
  <tag k="smoothness" v="horrible"/>
  <tag k="surface" v="ground"/>
  <tag k="tracktype" v="grade3"/>
  <tag k="trailblazed" v="yes"/>
 </way>
 <way id="293879916" visible="true" version="3" changeset="165326084" timestamp="2025-04-23T10:32:47Z" user="Andrea Del Sarto" uid="3215770">
  <nd ref="2974546015"/>
  <nd ref="420807454"/>
  <tag k="bicycle" v="yes"/>
  <tag k="foot" v="yes"/>
  <tag k="highway" v="track"/>
  <tag k="motor_vehicle" v="private"/>
  <tag k="smoothness" v="horrible"/>
  <tag k="surface" v="ground"/>
  <tag k="tracktype" v="grade3"/>
  <tag k="trailblazed" v="yes"/>
 </way>
 <way id="293879917" visible="true" version="3" changeset="57923364" timestamp="2018-04-08T21:08:30Z" user="kaitu" uid="69717">
  <nd ref="420807425"/>
  <nd ref="420807424"/>
  <tag k="bicycle" v="yes"/>
  <tag k="foot" v="yes"/>
  <tag k="highway" v="track"/>
  <tag k="motor_vehicle" v="private"/>
  <tag k="smoothness" v="bad"/>
  <tag k="surface" v="concrete"/>
  <tag k="tracktype" v="grade1"/>
  <tag k="trailblazed" v="yes"/>
 </way>
 <way id="293879918" visible="true" version="4" changeset="165326084" timestamp="2025-04-23T10:32:47Z" user="Andrea Del Sarto" uid="3215770">
  <nd ref="2974549923"/>
  <nd ref="2974549924"/>
  <nd ref="420807375"/>
  <tag k="bicycle" v="yes"/>
  <tag k="foot" v="yes"/>
  <tag k="highway" v="track"/>
  <tag k="motor_vehicle" v="private"/>
  <tag k="smoothness" v="very_bad"/>
  <tag k="surface" v="cobblestone"/>
  <tag k="tracktype" v="grade1"/>
 </way>
 <way id="293879919" visible="true" version="4" changeset="165326084" timestamp="2025-04-23T10:32:47Z" user="Andrea Del Sarto" uid="3215770">
  <nd ref="420807371"/>
  <nd ref="2297260865"/>
  <nd ref="2297260871"/>
  <tag k="bicycle" v="yes"/>
  <tag k="foot" v="yes"/>
  <tag k="highway" v="track"/>
  <tag k="motor_vehicle" v="private"/>
  <tag k="smoothness" v="very_bad"/>
  <tag k="surface" v="cobblestone"/>
  <tag k="tracktype" v="grade1"/>
 </way>
 <way id="293879920" visible="true" version="4" changeset="165326084" timestamp="2025-04-23T10:32:47Z" user="Andrea Del Sarto" uid="3215770">
  <nd ref="420807375"/>
  <nd ref="420807376"/>
  <nd ref="2297260907"/>
  <tag k="bicycle" v="yes"/>
  <tag k="foot" v="yes"/>
  <tag k="highway" v="track"/>
  <tag k="motor_vehicle" v="private"/>
  <tag k="smoothness" v="horrible"/>
  <tag k="surface" v="ground"/>
  <tag k="tracktype" v="grade3"/>
 </way>
 <way id="293879921" visible="true" version="8" changeset="165326084" timestamp="2025-04-23T10:32:47Z" user="Andrea Del Sarto" uid="3215770">
  <nd ref="420807391"/>
  <nd ref="420807390"/>
  <nd ref="5926800067"/>
  <nd ref="420807389"/>
  <nd ref="420807388"/>
  <nd ref="420807387"/>
  <nd ref="3612239066"/>
  <nd ref="3612239067"/>
  <nd ref="420807386"/>
  <nd ref="420807385"/>
  <nd ref="3612239064"/>
  <nd ref="420807384"/>
  <nd ref="3612239063"/>
  <nd ref="420807383"/>
  <nd ref="420807382"/>
  <nd ref="420807381"/>
  <nd ref="420807379"/>
  <nd ref="420807377"/>
  <tag k="bicycle" v="yes"/>
  <tag k="foot" v="yes"/>
  <tag k="highway" v="track"/>
  <tag k="smoothness" v="very_horrible"/>
  <tag k="surface" v="ground"/>
  <tag k="tracktype" v="grade3"/>
  <tag k="trailblazed" v="yes"/>
 </way>
 <way id="293879922" visible="true" version="6" changeset="165326084" timestamp="2025-04-23T10:32:47Z" user="Andrea Del Sarto" uid="3215770">
  <nd ref="2297260907"/>
  <nd ref="2297260910"/>
  <nd ref="2297260914"/>
  <nd ref="4653008663"/>
  <tag k="bicycle" v="yes"/>
  <tag k="foot" v="yes"/>
  <tag k="highway" v="track"/>
  <tag k="motor_vehicle" v="private"/>
  <tag k="smoothness" v="very_bad"/>
  <tag k="surface" v="cobblestone"/>
  <tag k="tracktype" v="grade1"/>
 </way>
 <way id="293879923" visible="true" version="5" changeset="165326084" timestamp="2025-04-23T10:32:47Z" user="Andrea Del Sarto" uid="3215770">
  <nd ref="2297260871"/>
  <nd ref="420807372"/>
  <nd ref="420807373"/>
  <nd ref="5926800068"/>
  <nd ref="2297260883"/>
  <nd ref="420807374"/>
  <nd ref="2974549923"/>
  <tag k="bicycle" v="yes"/>
  <tag k="foot" v="yes"/>
  <tag k="highway" v="track"/>
  <tag k="motor_vehicle" v="private"/>
  <tag k="smoothness" v="horrible"/>
  <tag k="surface" v="ground"/>
  <tag k="tracktype" v="grade3"/>
 </way>
 <way id="302406182" visible="true" version="3" changeset="92759536" timestamp="2020-10-20T10:10:53Z" user="kaitu" uid="69717">
  <nd ref="3066640698"/>
  <nd ref="3066640696"/>
  <tag k="highway" v="footway"/>
  <tag k="name" v="Via mulattiera per San Maurizio"/>
  <tag k="surface" v="cobblestone"/>
  <tag k="tunnel" v="yes"/>
 </way>
 <way id="302406183" visible="true" version="12" changeset="124203323" timestamp="2022-07-28T20:57:41Z" user="ccarre" uid="231934">
  <nd ref="1946480725"/>
  <nd ref="1946480729"/>
  <nd ref="1946480747"/>
  <tag k="bicycle" v="no"/>
  <tag k="foot" v="yes"/>
  <tag k="handrail" v="no"/>
  <tag k="highway" v="steps"/>
  <tag k="horse" v="yes"/>
  <tag k="incline" v="down"/>
  <tag k="motor_vehicle" v="no"/>
  <tag k="name" v="Via mulattiera per San Maurizio"/>
  <tag k="ramp" v="no"/>
  <tag k="surface" v="unhewn_cobblestone"/>
 </way>
 <way id="315935208" visible="true" version="9" changeset="173681550" timestamp="2025-10-23T15:53:53Z" user="eyveg" uid="18769500">
  <nd ref="450804370"/>
  <nd ref="450804374"/>
  <nd ref="3213381428"/>
  <nd ref="450804377"/>
  <nd ref="13252439634"/>
  <nd ref="450804382"/>
  <nd ref="450804387"/>
  <nd ref="450804394"/>
  <nd ref="450804397"/>
  <nd ref="4835613750"/>
  <nd ref="4835613751"/>
  <nd ref="450804425"/>
  <nd ref="450804430"/>
  <nd ref="4835613752"/>
  <nd ref="5931239395"/>
  <nd ref="450804441"/>
  <nd ref="4835613753"/>
  <nd ref="450804467"/>
  <nd ref="450804474"/>
  <nd ref="3612250503"/>
  <nd ref="450804501"/>
  <nd ref="450804506"/>
  <nd ref="450804518"/>
  <nd ref="4835613754"/>
  <nd ref="450804525"/>
  <nd ref="3213381391"/>
  <nd ref="450804539"/>
  <tag k="highway" v="track"/>
  <tag k="mtb:scale" v="1"/>
  <tag k="mtb:scale:uphill" v="2"/>
  <tag k="surface" v="ground"/>
  <tag k="tracktype" v="grade3"/>
  <tag k="vehicle" v="private"/>
 </way>
 <way id="317292565" visible="true" version="4" changeset="165326084" timestamp="2025-04-23T10:32:47Z" user="Andrea Del Sarto" uid="3215770">
  <nd ref="3235333529"/>
  <nd ref="450804746"/>
  <nd ref="4833563129"/>
  <nd ref="4833563130"/>
  <nd ref="450804751"/>
  <tag k="highway" v="track"/>
  <tag k="mtb:scale" v="1"/>
  <tag k="mtb:scale:uphill" v="2"/>
  <tag k="surface" v="pebblestone"/>
  <tag k="tracktype" v="grade2"/>
  <tag k="vehicle" v="private"/>
 </way>
 <way id="317292566" visible="true" version="4" changeset="165326084" timestamp="2025-04-23T10:32:47Z" user="Andrea Del Sarto" uid="3215770">
  <nd ref="450804291"/>
  <nd ref="450804292"/>
  <nd ref="2206401392"/>
  <nd ref="450804293"/>
  <nd ref="450804295"/>
  <nd ref="450804296"/>
  <tag k="highway" v="track"/>
  <tag k="mtb:scale" v="1"/>
  <tag k="mtb:scale:uphill" v="2"/>
  <tag k="smoothness" v="very_bad"/>
  <tag k="surface" v="ground"/>
  <tag k="tracktype" v="grade4"/>
 </way>
 <way id="365774345" visible="true" version="3" changeset="61083696" timestamp="2018-07-26T10:19:58Z" user="Angelo Giuseppe" uid="5848218">
  <nd ref="3697864894"/>
  <nd ref="431633305"/>
  <nd ref="2567239980"/>
  <nd ref="431633794"/>
  <nd ref="431633317"/>
  <nd ref="4020693779"/>
  <nd ref="431632960"/>
  <nd ref="431633005"/>
  <nd ref="5786824677"/>
  <nd ref="431633083"/>
  <nd ref="431633168"/>
  <nd ref="2298260753"/>
  <nd ref="431633691"/>
  <nd ref="2045415032"/>
  <nd ref="2045414990"/>
  <tag k="bicycle" v="yes"/>
  <tag k="foot" v="yes"/>
  <tag k="highway" v="residential"/>
  <tag k="lanes" v="1"/>
  <tag k="motor_vehicle" v="private"/>
  <tag k="motor_vehicle:conditional" v="destination @ (06:00-08:00, 11:00-15:00, 17:00-22:00)"/>
  <tag k="name" v="Via alle Colme"/>
  <tag k="operator" v="Comune di Brunate"/>
  <tag k="surface" v="concrete"/>
 </way>
 <way id="399295681" visible="true" version="4" changeset="184580915" timestamp="2026-06-25T12:15:12Z" user="Davide Tantardini" uid="1194494">
  <nd ref="2045415036"/>
  <nd ref="2045415054"/>
  <tag k="cycleway:both" v="no"/>
  <tag k="highway" v="residential"/>
  <tag k="name" v="Via Giacomo Scalini"/>
  <tag k="oneway" v="no"/>
  <tag k="surface" v="asphalt"/>
 </way>
 <way id="399334679" visible="true" version="1" changeset="37379253" timestamp="2016-02-22T23:42:10Z" user="kaitu" uid="69717">
  <nd ref="431633272"/>
  <nd ref="431633331"/>
  <nd ref="431633873"/>
  <nd ref="431633689"/>
  <nd ref="431633129"/>
  <nd ref="431633789"/>
  <nd ref="2567239983"/>
  <nd ref="2567239982"/>
  <nd ref="431632854"/>
  <nd ref="2567239981"/>
  <nd ref="3697864894"/>
  <tag k="bicycle" v="yes"/>
  <tag k="foot" v="yes"/>
  <tag k="highway" v="residential"/>
  <tag k="lanes" v="1"/>
  <tag k="smoothness" v="bad"/>
  <tag k="surface" v="pebblestone"/>
  <tag k="tracktype" v="grade2"/>
 </way>
 <way id="399416454" visible="true" version="3" changeset="61089152" timestamp="2018-07-26T13:38:12Z" user="Angelo Giuseppe" uid="5848218">
  <nd ref="431633265"/>
  <nd ref="2284746044"/>
  <tag k="bicycle" v="yes"/>
  <tag k="foot" v="yes"/>
  <tag k="highway" v="residential"/>
  <tag k="lanes" v="1"/>
  <tag k="noname" v="yes"/>
  <tag k="smoothness" v="bad"/>
  <tag k="surface" v="cobblestone"/>
 </way>
 <way id="400326106" visible="true" version="1" changeset="37472529" timestamp="2016-02-26T22:05:58Z" user="kaitu" uid="69717">
  <nd ref="2878892439"/>
  <nd ref="2878892440"/>
  <tag k="highway" v="residential"/>
  <tag k="name" v="Strada Monte Boletto"/>
  <tag k="smoothness" v="bad"/>
  <tag k="surface" v="cobblestone"/>
  <tag k="tracktype" v="grade2"/>
 </way>
 <way id="400326107" visible="true" version="1" changeset="37472529" timestamp="2016-02-26T22:05:59Z" user="kaitu" uid="69717">
  <nd ref="2878892444"/>
  <nd ref="2878892445"/>
  <tag k="highway" v="residential"/>
  <tag k="name" v="Strada Monte Boletto"/>
  <tag k="smoothness" v="bad"/>
  <tag k="surface" v="cobblestone"/>
  <tag k="tracktype" v="grade2"/>
 </way>
 <way id="400326108" visible="true" version="2" changeset="61083696" timestamp="2018-07-26T10:19:59Z" user="Angelo Giuseppe" uid="5848218">
  <nd ref="2878892445"/>
  <nd ref="5786824686"/>
  <nd ref="2878892446"/>
  <tag k="highway" v="residential"/>
  <tag k="name" v="Strada Monte Boletto"/>
  <tag k="smoothness" v="bad"/>
  <tag k="surface" v="pebblestone"/>
  <tag k="tracktype" v="grade2"/>
 </way>
 <way id="400326109" visible="true" version="1" changeset="37472529" timestamp="2016-02-26T22:05:59Z" user="kaitu" uid="69717">
  <nd ref="2878892446"/>
  <nd ref="431632936"/>
  <nd ref="431633737"/>
  <nd ref="431633065"/>
  <tag k="highway" v="residential"/>
  <tag k="name" v="Strada Monte Boletto"/>
  <tag k="smoothness" v="bad"/>
  <tag k="surface" v="cobblestone"/>
  <tag k="tracktype" v="grade2"/>
 </way>
 <way id="400326110" visible="true" version="1" changeset="37472529" timestamp="2016-02-26T22:05:59Z" user="kaitu" uid="69717">
  <nd ref="4022717120"/>
  <nd ref="431633831"/>
  <nd ref="4029003648"/>
  <nd ref="2878892439"/>
  <tag k="highway" v="service"/>
  <tag k="name" v="Strada Monte Boletto"/>
  <tag k="smoothness" v="bad"/>
  <tag k="surface" v="pebblestone"/>
  <tag k="tracktype" v="grade2"/>
 </way>
 <way id="400326111" visible="true" version="1" changeset="37472529" timestamp="2016-02-26T22:05:59Z" user="kaitu" uid="69717">
  <nd ref="431633065"/>
  <nd ref="431633033"/>
  <nd ref="431633938"/>
  <nd ref="431633097"/>
  <tag k="highway" v="residential"/>
  <tag k="name" v="Strada Monte Boletto"/>
  <tag k="smoothness" v="bad"/>
  <tag k="surface" v="pebblestone"/>
  <tag k="tracktype" v="grade2"/>
 </way>
 <way id="400326112" visible="true" version="1" changeset="37472529" timestamp="2016-02-26T22:05:59Z" user="kaitu" uid="69717">
  <nd ref="431633097"/>
  <nd ref="431633840"/>
  <nd ref="431633143"/>
  <nd ref="431633769"/>
  <nd ref="431633075"/>
  <tag k="highway" v="residential"/>
  <tag k="name" v="Strada Monte Boletto"/>
  <tag k="smoothness" v="bad"/>
  <tag k="surface" v="cobblestone"/>
  <tag k="tracktype" v="grade2"/>
 </way>
 <way id="400326113" visible="true" version="3" changeset="62886935" timestamp="2018-09-24T16:35:49Z" user="aldoct" uid="923271">
  <nd ref="431633075"/>
  <nd ref="5786824685"/>
  <nd ref="431633350"/>
  <nd ref="431633242"/>
  <nd ref="5927072915"/>
  <nd ref="431633996"/>
  <nd ref="5786824684"/>
  <nd ref="431633053"/>
  <nd ref="5927072916"/>
  <nd ref="431633093"/>
  <nd ref="431633964"/>
  <nd ref="431633497"/>
  <nd ref="5786824683"/>
  <nd ref="431633719"/>
  <nd ref="5786824681"/>
  <nd ref="4029003673"/>
  <nd ref="5786824682"/>
  <nd ref="431633077"/>
  <nd ref="431633283"/>
  <nd ref="431633225"/>
  <nd ref="4029003675"/>
  <tag k="highway" v="residential"/>
  <tag k="name" v="Via Bel Paese"/>
  <tag k="smoothness" v="bad"/>
  <tag k="surface" v="cobblestone"/>
  <tag k="tracktype" v="grade2"/>
 </way>
 <way id="400326114" visible="true" version="3" changeset="159341369" timestamp="2024-11-19T20:33:53Z" user="Paolo pn" uid="2370220">
  <nd ref="4029003675"/>
  <nd ref="431633398"/>
  <tag k="highway" v="residential"/>
  <tag k="name" v="Via Bel Paese"/>
  <tag k="smoothness" v="bad"/>
  <tag k="surface" v="gravel"/>
  <tag k="tracktype" v="grade2"/>
 </way>
 <way id="400326115" visible="true" version="2" changeset="75564345" timestamp="2019-10-11T12:47:03Z" user="Tronikon" uid="123364">
  <nd ref="431633398"/>
  <nd ref="6870253132"/>
  <nd ref="502442814"/>
  <nd ref="431633264"/>
  <tag k="highway" v="residential"/>
  <tag k="name" v="Via Bel Paese"/>
  <tag k="smoothness" v="bad"/>
  <tag k="surface" v="cobblestone"/>
  <tag k="tracktype" v="grade2"/>
 </way>
 <way id="400326125" visible="true" version="1" changeset="37472529" timestamp="2016-02-26T22:06:00Z" user="kaitu" uid="69717">
  <nd ref="2297570821"/>
  <nd ref="613752451"/>
  <tag k="highway" v="track"/>
  <tag k="smoothness" v="very_bad"/>
  <tag k="surface" v="cobblestone"/>
  <tag k="tracktype" v="grade2"/>
 </way>
 <way id="400326130" visible="true" version="2" changeset="61083696" timestamp="2018-07-26T10:20:00Z" user="Angelo Giuseppe" uid="5848218">
  <nd ref="431633844"/>
  <nd ref="431632966"/>
  <nd ref="431633246"/>
  <nd ref="431632857"/>
  <nd ref="5786824699"/>
  <nd ref="431633792"/>
  <nd ref="431633313"/>
  <nd ref="431633441"/>
  <nd ref="431633160"/>
  <nd ref="431633720"/>
  <tag k="highway" v="track"/>
  <tag k="smoothness" v="horrible"/>
  <tag k="surface" v="ground"/>
  <tag k="tracktype" v="grade3"/>
 </way>
 <way id="413189183" visible="true" version="1" changeset="38843032" timestamp="2016-04-24T21:54:09Z" user="kaitu" uid="69717">
  <nd ref="420808073"/>
  <nd ref="3662840171"/>
  <tag k="highway" v="track"/>
  <tag k="mtb:scale" v="2"/>
  <tag k="name" v="Parco Monte San Primo - Bocchetta di Terrabiotta"/>
  <tag k="sac_scale" v="hiking"/>
  <tag k="surface" v="ground"/>
  <tag k="tracktype" v="grade5"/>
  <tag k="trail_visibility" v="good"/>
 </way>
 <way id="413189184" visible="true" version="3" changeset="129469712" timestamp="2022-11-28T10:27:26Z" user="LorenzoBassi_SICAI_Team" uid="3286661">
  <nd ref="420808066"/>
  <nd ref="420808064"/>
  <nd ref="420808062"/>
  <nd ref="420808057"/>
  <nd ref="420808054"/>
  <nd ref="4145211818"/>
  <nd ref="420808051"/>
  <nd ref="4145211824"/>
  <nd ref="4145211817"/>
  <nd ref="420808048"/>
  <nd ref="420808046"/>
  <nd ref="420808044"/>
  <nd ref="420808042"/>
  <nd ref="420808040"/>
  <nd ref="420808038"/>
  <nd ref="420808035"/>
  <nd ref="420808032"/>
  <nd ref="420808029"/>
  <nd ref="420808023"/>
  <nd ref="8833569628"/>
  <nd ref="3662840189"/>
  <tag k="highway" v="path"/>
  <tag k="mtb:scale" v="2"/>
  <tag k="name" v="Parco Monte San Primo - Bocchetta di Terrabiotta"/>
  <tag k="sac_scale" v="hiking"/>
  <tag k="surface" v="ground"/>
  <tag k="trail_visibility" v="excellent"/>
 </way>
 <way id="413189187" visible="true" version="1" changeset="38843032" timestamp="2016-04-24T21:54:10Z" user="kaitu" uid="69717">
  <nd ref="420808075"/>
  <nd ref="420808073"/>
  <tag k="highway" v="service"/>
  <tag k="surface" v="pebblestone"/>
  <tag k="vehicle" v="private"/>
 </way>
 <way id="413189190" visible="true" version="3" changeset="55876373" timestamp="2018-01-29T23:31:36Z" user="PatrickOC" uid="5627327">
  <nd ref="420808123"/>
  <nd ref="5371378752"/>
  <nd ref="1432644526"/>
  <nd ref="1432644532"/>
  <tag k="highway" v="unclassified"/>
  <tag k="surface" v="asphalt"/>
 </way>
 <way id="413450265" visible="true" version="2" changeset="78783597" timestamp="2019-12-23T17:24:34Z" user="ilmarlov" uid="10110052">
  <nd ref="3220580003"/>
  <nd ref="450804148"/>
  <tag k="highway" v="path"/>
  <tag k="mtb:scale" v="2"/>
  <tag k="name" v="Parco Monte San Primo - Bocchetta di Terrabiotta"/>
  <tag k="sac_scale" v="mountain_hiking"/>
  <tag k="surface" v="ground"/>
  <tag k="trail_visibility" v="excellent"/>
 </way>
 <way id="436411212" visible="true" version="4" changeset="67550293" timestamp="2019-02-25T14:10:56Z" user="Pedisa" uid="4780829">
  <nd ref="3024045941"/>
  <nd ref="420808644"/>
  <nd ref="420808647"/>
  <nd ref="420808650"/>
  <nd ref="420808653"/>
  <nd ref="420808658"/>
  <nd ref="420808661"/>
  <nd ref="420808663"/>
  <nd ref="3024045942"/>
  <nd ref="3024045943"/>
  <nd ref="420808667"/>
  <nd ref="420808668"/>
  <nd ref="420808670"/>
  <nd ref="420808671"/>
  <nd ref="420808673"/>
  <nd ref="420808674"/>
  <nd ref="420808676"/>
  <nd ref="3024045944"/>
  <nd ref="420808677"/>
  <nd ref="420808679"/>
  <nd ref="420808680"/>
  <nd ref="420808682"/>
  <nd ref="420808683"/>
  <nd ref="420808684"/>
  <nd ref="420808685"/>
  <nd ref="3024045945"/>
  <nd ref="420808687"/>
  <nd ref="5933373404"/>
  <nd ref="3024045946"/>
  <nd ref="420808688"/>
  <nd ref="420808689"/>
  <nd ref="5933373405"/>
  <nd ref="420808690"/>
  <nd ref="5933373406"/>
  <nd ref="420808692"/>
  <nd ref="420808694"/>
  <nd ref="420808695"/>
  <nd ref="3024045947"/>
  <nd ref="420808699"/>
  <nd ref="3024045948"/>
  <nd ref="3024045949"/>
  <nd ref="3763137232"/>
  <tag k="highway" v="path"/>
  <tag k="motor_vehicle" v="private"/>
  <tag k="name" v="Dorsale del Triangolo Lariano"/>
  <tag k="surface" v="pebblestone"/>
  <tag k="tracktype" v="grade2"/>
 </way>
 <way id="436411213" visible="true" version="4" changeset="106610148" timestamp="2021-06-18T21:33:08Z" user="Pedisa" uid="4780829">
  <nd ref="420808586"/>
  <nd ref="420808588"/>
  <nd ref="420808590"/>
  <nd ref="420808591"/>
  <nd ref="3024045928"/>
  <nd ref="420808592"/>
  <nd ref="420808594"/>
  <nd ref="420808596"/>
  <nd ref="3024045929"/>
  <nd ref="420808599"/>
  <nd ref="420808602"/>
  <nd ref="420808604"/>
  <nd ref="3024045930"/>
  <nd ref="3024045931"/>
  <nd ref="420808606"/>
  <nd ref="420808608"/>
  <nd ref="420808610"/>
  <nd ref="3024045932"/>
  <nd ref="420808611"/>
  <nd ref="3854210036"/>
  <nd ref="3854210038"/>
  <nd ref="5933373398"/>
  <nd ref="3490833210"/>
  <tag k="highway" v="track"/>
  <tag k="motor_vehicle" v="private"/>
  <tag k="name" v="Dorsale del Triangolo Lariano"/>
  <tag k="surface" v="pebblestone"/>
  <tag k="tracktype" v="grade2"/>
 </way>
 <way id="436411214" visible="true" version="2" changeset="48931364" timestamp="2017-05-24T00:17:03Z" user="PatrickOC" uid="5627327">
  <nd ref="420808566"/>
  <nd ref="420808567"/>
  <nd ref="3024045922"/>
  <nd ref="420808570"/>
  <nd ref="3024045923"/>
  <nd ref="420808571"/>
  <nd ref="420808572"/>
  <nd ref="3024045924"/>
  <nd ref="420808573"/>
  <nd ref="3024045925"/>
  <nd ref="3024045926"/>
  <nd ref="420808575"/>
  <nd ref="420808577"/>
  <nd ref="420808581"/>
  <nd ref="3024045927"/>
  <nd ref="420808583"/>
  <nd ref="420808584"/>
  <nd ref="420808586"/>
  <tag k="highway" v="path"/>
  <tag k="motor_vehicle" v="private"/>
  <tag k="name" v="Dorsale del Triangolo Lariano"/>
  <tag k="surface" v="pebblestone"/>
  <tag k="tracktype" v="grade2"/>
 </way>
 <way id="455134814" visible="true" version="5" changeset="165326084" timestamp="2025-04-23T10:32:47Z" user="Andrea Del Sarto" uid="3215770">
  <nd ref="3612237333"/>
  <nd ref="9806244332"/>
  <nd ref="420807815"/>
  <nd ref="5926342004"/>
  <nd ref="5926342005"/>
  <nd ref="3612237335"/>
  <nd ref="5926342003"/>
  <nd ref="5926342002"/>
  <nd ref="420807819"/>
  <nd ref="3612237338"/>
  <nd ref="420807821"/>
  <nd ref="5926342001"/>
  <nd ref="420807822"/>
  <nd ref="3612237341"/>
  <nd ref="3612237345"/>
  <nd ref="3612237347"/>
  <nd ref="3612237348"/>
  <nd ref="420807826"/>
  <nd ref="3612237350"/>
  <nd ref="5926342000"/>
  <nd ref="3612237352"/>
  <nd ref="420807830"/>
  <nd ref="3612237359"/>
  <nd ref="3612237358"/>
  <nd ref="420807832"/>
  <nd ref="5926341999"/>
  <nd ref="420807833"/>
  <nd ref="3612237363"/>
  <nd ref="420807835"/>
  <nd ref="5926341998"/>
  <nd ref="4515758811"/>
  <nd ref="420807836"/>
  <tag k="bicycle" v="yes"/>
  <tag k="foot" v="yes"/>
  <tag k="highway" v="path"/>
  <tag k="mtb:scale" v="1"/>
  <tag k="name" v="Sentiero dei Faggi"/>
  <tag k="sac_scale" v="hiking"/>
  <tag k="symbol" v="red marks on trees, or red-white-red blazing"/>
  <tag k="trailblazed" v="yes"/>
  <tag k="trail_visibility" v="excellent"/>
 </way>
 <way id="491212283" visible="true" version="4" changeset="165326084" timestamp="2025-04-23T10:32:47Z" user="Andrea Del Sarto" uid="3215770">
  <nd ref="4835613748"/>
  <nd ref="450804247"/>
  <nd ref="450804248"/>
  <nd ref="450804249"/>
  <nd ref="450804250"/>
  <nd ref="450804251"/>
  <nd ref="450804252"/>
  <nd ref="450804253"/>
  <nd ref="450804254"/>
  <nd ref="450804255"/>
  <nd ref="450804256"/>
  <nd ref="450804257"/>
  <nd ref="450804258"/>
  <nd ref="450804259"/>
  <nd ref="450804260"/>
  <nd ref="2206401393"/>
  <nd ref="450804261"/>
  <nd ref="450804262"/>
  <nd ref="450804263"/>
  <nd ref="450804265"/>
  <nd ref="450804268"/>
  <nd ref="450804270"/>
  <nd ref="450804273"/>
  <nd ref="450804277"/>
  <nd ref="450804279"/>
  <nd ref="450804286"/>
  <nd ref="450804289"/>
  <nd ref="450804290"/>
  <nd ref="450804291"/>
  <tag k="highway" v="track"/>
  <tag k="mtb:scale" v="1"/>
  <tag k="mtb:scale:uphill" v="2"/>
  <tag k="smoothness" v="bad"/>
  <tag k="surface" v="cobblestone"/>
  <tag k="tracktype" v="grade4"/>
 </way>
 <way id="491212284" visible="true" version="2" changeset="165326084" timestamp="2025-04-23T10:32:47Z" user="Andrea Del Sarto" uid="3215770">
  <nd ref="450804730"/>
  <nd ref="4833563128"/>
  <nd ref="4341618528"/>
  <nd ref="3235333529"/>
  <tag k="highway" v="track"/>
  <tag k="mtb:scale" v="1"/>
  <tag k="mtb:scale:uphill" v="2"/>
  <tag k="surface" v="cobblestone"/>
  <tag k="tracktype" v="grade1"/>
  <tag k="vehicle" v="private"/>
 </way>
 <way id="491460703" visible="true" version="2" changeset="165326084" timestamp="2025-04-23T10:32:47Z" user="Andrea Del Sarto" uid="3215770">
  <nd ref="450804232"/>
  <nd ref="3213381988"/>
  <nd ref="450804235"/>
  <nd ref="450804237"/>
  <nd ref="450804239"/>
  <nd ref="450804241"/>
  <nd ref="450804243"/>
  <nd ref="450804244"/>
  <nd ref="450804246"/>
  <nd ref="4835613748"/>
  <tag k="highway" v="track"/>
  <tag k="mtb:scale" v="1"/>
  <tag k="mtb:scale:uphill" v="2"/>
  <tag k="smoothness" v="very_bad"/>
  <tag k="surface" v="ground"/>
  <tag k="tracktype" v="grade4"/>
 </way>
 <way id="491460704" visible="true" version="4" changeset="165326084" timestamp="2025-04-23T10:32:47Z" user="Andrea Del Sarto" uid="3215770">
  <nd ref="450804296"/>
  <nd ref="3213381983"/>
  <nd ref="450804299"/>
  <nd ref="450804303"/>
  <nd ref="450804305"/>
  <nd ref="9947829666"/>
  <nd ref="450804306"/>
  <nd ref="450804308"/>
  <nd ref="450804310"/>
  <nd ref="450804312"/>
  <nd ref="450804313"/>
  <nd ref="450804318"/>
  <nd ref="450804323"/>
  <nd ref="450804338"/>
  <nd ref="450804341"/>
  <nd ref="450804345"/>
  <nd ref="450804346"/>
  <nd ref="450804348"/>
  <nd ref="450804350"/>
  <nd ref="5931239394"/>
  <nd ref="450804352"/>
  <nd ref="450804359"/>
  <nd ref="450804362"/>
  <nd ref="450804365"/>
  <nd ref="3213381431"/>
  <nd ref="450804370"/>
  <tag k="highway" v="track"/>
  <tag k="mtb:scale" v="1"/>
  <tag k="mtb:scale:uphill" v="2"/>
  <tag k="surface" v="ground"/>
  <tag k="tracktype" v="grade3"/>
  <tag k="vehicle" v="private"/>
 </way>
 <way id="491460706" visible="true" version="2" changeset="165326084" timestamp="2025-04-23T10:32:47Z" user="Andrea Del Sarto" uid="3215770">
  <nd ref="450804539"/>
  <nd ref="3213381389"/>
  <nd ref="450804543"/>
  <nd ref="450804546"/>
  <nd ref="450804553"/>
  <nd ref="450804567"/>
  <nd ref="450804575"/>
  <nd ref="450804579"/>
  <nd ref="450804618"/>
  <nd ref="450804624"/>
  <nd ref="450804636"/>
  <nd ref="450804642"/>
  <nd ref="450804652"/>
  <nd ref="450804658"/>
  <nd ref="450804662"/>
  <nd ref="450804684"/>
  <nd ref="450804690"/>
  <nd ref="450804700"/>
  <nd ref="450804704"/>
  <tag k="highway" v="track"/>
  <tag k="mtb:scale" v="1"/>
  <tag k="mtb:scale:uphill" v="2"/>
  <tag k="surface" v="ground"/>
  <tag k="tracktype" v="grade3"/>
  <tag k="vehicle" v="private"/>
 </way>
 <way id="491460707" visible="true" version="3" changeset="165326084" timestamp="2025-04-23T10:32:47Z" user="Andrea Del Sarto" uid="3215770">
  <nd ref="450804704"/>
  <nd ref="450804711"/>
  <nd ref="450804716"/>
  <nd ref="5931239396"/>
  <nd ref="450804725"/>
  <nd ref="450804730"/>
  <tag k="highway" v="track"/>
  <tag k="mtb:scale" v="1"/>
  <tag k="mtb:scale:uphill" v="2"/>
  <tag k="surface" v="pebblestone"/>
  <tag k="tracktype" v="grade2"/>
  <tag k="vehicle" v="private"/>
 </way>
 <way id="491460709" visible="true" version="2" changeset="165326084" timestamp="2025-04-23T10:32:47Z" user="Andrea Del Sarto" uid="3215770">
  <nd ref="450804751"/>
  <nd ref="4833563131"/>
  <nd ref="4833563133"/>
  <nd ref="4833563132"/>
  <tag k="highway" v="track"/>
  <tag k="mtb:scale" v="1"/>
  <tag k="mtb:scale:uphill" v="2"/>
  <tag k="surface" v="cobblestone"/>
  <tag k="tracktype" v="grade1"/>
  <tag k="vehicle" v="private"/>
 </way>
 <way id="491460712" visible="true" version="2" changeset="165326084" timestamp="2025-04-23T10:32:47Z" user="Andrea Del Sarto" uid="3215770">
  <nd ref="4833563132"/>
  <nd ref="1652159868"/>
  <tag k="highway" v="track"/>
  <tag k="mtb:scale" v="1"/>
  <tag k="mtb:scale:uphill" v="2"/>
  <tag k="surface" v="pebblestone"/>
  <tag k="tracktype" v="grade2"/>
  <tag k="vehicle" v="private"/>
 </way>
 <way id="491685647" visible="true" version="2" changeset="165326084" timestamp="2025-04-23T10:32:47Z" user="Andrea Del Sarto" uid="3215770">
  <nd ref="4837589978"/>
  <nd ref="450804788"/>
  <nd ref="450804790"/>
  <nd ref="4837589979"/>
  <tag k="highway" v="track"/>
  <tag k="mtb:scale" v="1"/>
  <tag k="mtb:scale:uphill" v="2"/>
  <tag k="surface" v="concrete"/>
  <tag k="tracktype" v="grade1"/>
  <tag k="vehicle" v="private"/>
 </way>
 <way id="491685648" visible="true" version="2" changeset="165326084" timestamp="2025-04-23T10:32:47Z" user="Andrea Del Sarto" uid="3215770">
  <nd ref="450804777"/>
  <nd ref="450804779"/>
  <nd ref="450804780"/>
  <nd ref="450804781"/>
  <nd ref="4837589980"/>
  <nd ref="450804784"/>
  <nd ref="450804786"/>
  <nd ref="4837589978"/>
  <tag k="highway" v="track"/>
  <tag k="mtb:scale" v="1"/>
  <tag k="mtb:scale:uphill" v="2"/>
  <tag k="surface" v="pebblestone"/>
  <tag k="tracktype" v="grade2"/>
  <tag k="vehicle" v="private"/>
 </way>
 <way id="491685649" visible="true" version="2" changeset="165326084" timestamp="2025-04-23T10:32:47Z" user="Andrea Del Sarto" uid="3215770">
  <nd ref="1652159868"/>
  <nd ref="450804755"/>
  <nd ref="450804759"/>
  <nd ref="4837589983"/>
  <nd ref="450804760"/>
  <nd ref="4837589982"/>
  <nd ref="450804764"/>
  <nd ref="450804767"/>
  <nd ref="4837589981"/>
  <nd ref="450804769"/>
  <nd ref="450804770"/>
  <nd ref="450804771"/>
  <nd ref="450804777"/>
  <tag k="highway" v="track"/>
  <tag k="mtb:scale" v="1"/>
  <tag k="mtb:scale:uphill" v="2"/>
  <tag k="surface" v="concrete"/>
  <tag k="tracktype" v="grade1"/>
  <tag k="vehicle" v="private"/>
 </way>
 <way id="495568179" visible="true" version="3" changeset="67550293" timestamp="2019-02-25T14:10:57Z" user="Pedisa" uid="4780829">
  <nd ref="6301295886"/>
  <nd ref="420808739"/>
  <nd ref="420808740"/>
  <nd ref="420808741"/>
  <nd ref="420808744"/>
  <tag k="highway" v="steps"/>
  <tag k="name" v="Vicolo del selvetto"/>
  <tag k="surface" v="pebblestone"/>
 </way>
 <way id="495568180" visible="true" version="4" changeset="109680122" timestamp="2021-08-14T18:53:42Z" user="hal 9000" uid="639546">
  <nd ref="9007009024"/>
  <nd ref="5401482585"/>
  <nd ref="420808745"/>
  <nd ref="2381751652"/>
  <nd ref="420808746"/>
  <nd ref="4481560771"/>
  <nd ref="420807908"/>
  <tag k="highway" v="unclassified"/>
  <tag k="motor_vehicle" v="private"/>
  <tag k="name" v="Via Ciceri"/>
  <tag k="surface" v="cobblestone"/>
  <tag k="tracktype" v="grade1"/>
 </way>
 <way id="537945174" visible="true" version="2" changeset="62874952" timestamp="2018-09-24T10:24:33Z" user="aldoct" uid="923271">
  <nd ref="613752451"/>
  <nd ref="2297570815"/>
  <tag k="highway" v="track"/>
  <tag k="smoothness" v="very_bad"/>
  <tag k="surface" v="cobblestone"/>
  <tag k="tracktype" v="grade2"/>
 </way>
 <way id="537945176" visible="true" version="1" changeset="53476582" timestamp="2017-11-03T11:31:31Z" user="Gianfranco2014" uid="1928626">
  <nd ref="431633017"/>
  <nd ref="431633829"/>
  <nd ref="431633272"/>
  <tag k="bicycle" v="yes"/>
  <tag k="foot" v="yes"/>
  <tag k="highway" v="residential"/>
  <tag k="lanes" v="1"/>
  <tag k="smoothness" v="bad"/>
  <tag k="surface" v="cobblestone"/>
 </way>
 <way id="626036225" visible="true" version="5" changeset="124203323" timestamp="2022-07-28T20:57:33Z" user="ccarre" uid="231934">
  <nd ref="1946480680"/>
  <nd ref="7999975877"/>
  <nd ref="1946480665"/>
  <nd ref="1946480671"/>
  <nd ref="1946480674"/>
  <nd ref="1946480678"/>
  <nd ref="1946480683"/>
  <nd ref="1946480692"/>
  <nd ref="1946480698"/>
  <nd ref="1946480701"/>
  <nd ref="1946480706"/>
  <nd ref="1946480709"/>
  <nd ref="1946480702"/>
  <nd ref="5784464324"/>
  <nd ref="1946480699"/>
  <nd ref="1946480694"/>
  <nd ref="431633275"/>
  <tag k="highway" v="footway"/>
  <tag k="horse" v="yes"/>
  <tag k="name" v="Via mulattiera per San Maurizio"/>
  <tag k="surface" v="unhewn_cobblestone"/>
  <tag k="vehicle" v="no"/>
 </way>
 <way id="627833978" visible="true" version="1" changeset="62886935" timestamp="2018-09-24T16:35:46Z" user="aldoct" uid="923271">
  <nd ref="5927072919"/>
  <nd ref="1972501496"/>
  <tag k="highway" v="residential"/>
  <tag k="name" v="Via alle Colme"/>
  <tag k="oneway" v="yes"/>
 </way>
 <way id="672884903" visible="true" version="1" changeset="67550293" timestamp="2019-02-25T14:10:52Z" user="Pedisa" uid="4780829">
  <nd ref="420808738"/>
  <nd ref="6301295886"/>
  <tag k="highway" v="track"/>
  <tag k="motor_vehicle" v="private"/>
  <tag k="smoothness" v="good"/>
  <tag k="surface" v="asphalt"/>
  <tag k="tracktype" v="grade1"/>
 </way>
 <way id="672884907" visible="true" version="1" changeset="67550293" timestamp="2019-02-25T14:10:52Z" user="Pedisa" uid="4780829">
  <nd ref="3763137232"/>
  <nd ref="3024045950"/>
  <tag k="highway" v="service"/>
  <tag k="motor_vehicle" v="private"/>
  <tag k="smoothness" v="intermediate"/>
  <tag k="surface" v="gravel"/>
  <tag k="tracktype" v="grade2"/>
 </way>
 <way id="672884908" visible="true" version="2" changeset="129266499" timestamp="2022-11-23T07:10:49Z" user="gmarzio" uid="107284">
  <nd ref="3024045952"/>
  <nd ref="420808707"/>
  <nd ref="5933373408"/>
  <nd ref="5933373409"/>
  <nd ref="420808712"/>
  <nd ref="5933373410"/>
  <nd ref="420808713"/>
  <nd ref="420808715"/>
  <nd ref="420808717"/>
  <nd ref="3024045953"/>
  <nd ref="3024045954"/>
  <nd ref="420808718"/>
  <nd ref="420808719"/>
  <nd ref="420808720"/>
  <nd ref="5933373421"/>
  <nd ref="3024045955"/>
  <nd ref="420808721"/>
  <nd ref="3391826806"/>
  <nd ref="2381736028"/>
  <nd ref="3391826807"/>
  <nd ref="2381736021"/>
  <tag k="highway" v="path"/>
  <tag k="motor_vehicle" v="private"/>
  <tag k="name" v="Dorsale del Triangolo Lariano"/>
  <tag k="surface" v="pebblestone"/>
  <tag k="tracktype" v="grade2"/>
 </way>
 <way id="734121221" visible="true" version="1" changeset="75618474" timestamp="2019-10-13T09:25:59Z" user="Tronikon" uid="123364">
  <nd ref="5793447179"/>
  <nd ref="1972501526"/>
  <nd ref="5793447180"/>
  <nd ref="431633529"/>
  <tag k="highway" v="residential"/>
  <tag k="name" v="Via alle Colme"/>
  <tag k="surface" v="sett"/>
 </way>
 <way id="734121222" visible="true" version="1" changeset="75618474" timestamp="2019-10-13T09:25:59Z" user="Tronikon" uid="123364">
  <nd ref="1972501496"/>
  <nd ref="5927072918"/>
  <nd ref="1972501504"/>
  <tag k="highway" v="track"/>
  <tag k="name" v="Via alle Colme"/>
  <tag k="surface" v="asphalt"/>
  <tag k="tracktype" v="grade1"/>
 </way>
 <way id="788214647" visible="true" version="1" changeset="83103504" timestamp="2020-04-05T15:56:25Z" user="Ysogo" uid="6220204">
  <nd ref="3021779333"/>
  <nd ref="247109827"/>
  <nd ref="5518437621"/>
  <nd ref="431634018"/>
  <nd ref="247109826"/>
  <tag k="highway" v="unclassified"/>
  <tag k="name" v="Via Giacomo Scalini"/>
  <tag k="oneway" v="no"/>
  <tag k="surface" v="asphalt"/>
 </way>
 <way id="788214648" visible="true" version="1" changeset="83103504" timestamp="2020-04-05T15:56:25Z" user="Ysogo" uid="6220204">
  <nd ref="2045414991"/>
  <nd ref="2045414994"/>
  <tag k="cycleway:both" v="no"/>
  <tag k="highway" v="unclassified"/>
  <tag k="name" v="Via Regonda"/>
  <tag k="surface" v="asphalt"/>
 </way>
 <way id="861226970" visible="true" version="2" changeset="124203323" timestamp="2022-07-28T20:57:38Z" user="ccarre" uid="231934">
  <nd ref="3066640700"/>
  <nd ref="3066640699"/>
  <nd ref="8026676350"/>
  <nd ref="3066640698"/>
  <tag k="highway" v="footway"/>
  <tag k="name" v="Via mulattiera per San Maurizio"/>
  <tag k="surface" v="unhewn_cobblestone"/>
  <tag k="wikidata" v="Q56273434"/>
 </way>
 <way id="861226971" visible="true" version="1" changeset="92794364" timestamp="2020-10-21T00:25:29Z" user="kaitu" uid="69717">
  <nd ref="3066640696"/>
  <nd ref="1946480725"/>
  <tag k="bicycle" v="no"/>
  <tag k="foot" v="yes"/>
  <tag k="highway" v="footway"/>
  <tag k="horse" v="yes"/>
  <tag k="motor_vehicle" v="no"/>
  <tag k="name" v="Via mulattiera per San Maurizio"/>
  <tag k="surface" v="cobblestone"/>
  <tag k="tracktype" v="grade2"/>
 </way>
 <way id="861226972" visible="true" version="2" changeset="127562918" timestamp="2022-10-15T09:59:37Z" user="k0m@t3" uid="10843797">
  <nd ref="1946480704"/>
  <nd ref="1946480697"/>
  <nd ref="1946480687"/>
  <nd ref="1946480680"/>
  <tag k="highway" v="service"/>
  <tag k="horse" v="yes"/>
  <tag k="name" v="Via mulattiera per San Maurizio"/>
  <tag k="service" v="alley"/>
  <tag k="surface" v="ground"/>
  <tag k="vehicle" v="private"/>
 </way>
 <way id="861226973" visible="true" version="2" changeset="124203323" timestamp="2022-07-28T20:57:34Z" user="ccarre" uid="231934">
  <nd ref="1946480747"/>
  <nd ref="7999975880"/>
  <nd ref="1946480721"/>
  <nd ref="7999975879"/>
  <nd ref="1946480718"/>
  <nd ref="7999975881"/>
  <nd ref="1946480716"/>
  <nd ref="1946480712"/>
  <nd ref="1946480704"/>
  <tag k="highway" v="footway"/>
  <tag k="horse" v="yes"/>
  <tag k="name" v="Via mulattiera per San Maurizio"/>
  <tag k="surface" v="unhewn_cobblestone"/>
  <tag k="vehicle" v="no"/>
 </way>
 <way id="861226974" visible="true" version="5" changeset="188070470" timestamp="2026-08-26T23:06:54Z" user="justcivah" uid="21207235">
  <nd ref="431633275"/>
  <nd ref="1946480691"/>
  <nd ref="5784464325"/>
  <nd ref="1946480685"/>
  <nd ref="5784464326"/>
  <nd ref="1946480682"/>
  <nd ref="1946480660"/>
  <nd ref="1946480652"/>
  <nd ref="1946480641"/>
  <nd ref="1946480632"/>
  <nd ref="1946480628"/>
  <nd ref="1946480618"/>
  <nd ref="1946480617"/>
  <nd ref="1946480615"/>
  <nd ref="1946480613"/>
  <nd ref="1946480599"/>
  <nd ref="9548159999"/>
  <nd ref="1946480585"/>
  <nd ref="5784464327"/>
  <nd ref="1946480582"/>
  <nd ref="1946480579"/>
  <nd ref="1946480573"/>
  <nd ref="5792399156"/>
  <nd ref="431632968"/>
  <tag k="highway" v="service"/>
  <tag k="horse" v="yes"/>
  <tag k="name" v="Via mulattiera per San Maurizio"/>
  <tag k="service" v="alley"/>
  <tag k="surface" v="unhewn_cobblestone"/>
  <tag k="vehicle" v="private"/>
 </way>
 <way id="921343875" visible="true" version="1" changeset="101580887" timestamp="2021-03-23T14:23:35Z" user="LorenzoBassi_SICAI_Team" uid="3286661">
  <nd ref="2973759296"/>
  <nd ref="420807426"/>
  <nd ref="420807425"/>
  <tag k="bicycle" v="yes"/>
  <tag k="foot" v="yes"/>
  <tag k="highway" v="track"/>
  <tag k="motor_vehicle" v="private"/>
  <tag k="smoothness" v="horrible"/>
  <tag k="surface" v="ground"/>
  <tag k="tracktype" v="grade3"/>
  <tag k="trailblazed" v="yes"/>
 </way>
 <way id="921343876" visible="true" version="2" changeset="121720074" timestamp="2022-05-30T14:03:22Z" user="kaitu" uid="69717">
  <nd ref="2974549910"/>
  <nd ref="2974549964"/>
  <nd ref="420807420"/>
  <nd ref="420807419"/>
  <tag k="bicycle" v="yes"/>
  <tag k="foot" v="yes"/>
  <tag k="highway" v="track"/>
  <tag k="motor_vehicle" v="private"/>
  <tag k="smoothness" v="horrible"/>
  <tag k="surface" v="ground"/>
  <tag k="tracktype" v="grade3"/>
  <tag k="trailblazed" v="yes"/>
 </way>
 <way id="921343879" visible="true" version="1" changeset="101580887" timestamp="2021-03-23T14:23:35Z" user="LorenzoBassi_SICAI_Team" uid="3286661">
  <nd ref="5518432511"/>
  <nd ref="2567239984"/>
  <nd ref="431633017"/>
  <tag k="bicycle" v="yes"/>
  <tag k="foot" v="yes"/>
  <tag k="highway" v="residential"/>
  <tag k="lanes" v="1"/>
  <tag k="noname" v="yes"/>
  <tag k="smoothness" v="bad"/>
  <tag k="surface" v="cobblestone"/>
 </way>
 <way id="921343880" visible="true" version="2" changeset="127561992" timestamp="2022-10-15T09:32:44Z" user="k0m@t3" uid="10843797">
  <nd ref="5518437623"/>
  <nd ref="1269370503"/>
  <nd ref="1269373354"/>
  <tag k="highway" v="residential"/>
  <tag k="lit" v="yes"/>
  <tag k="name" v="Via Funicolare"/>
  <tag k="surface" v="sett"/>
 </way>
 <way id="921354755" visible="true" version="1" changeset="101582848" timestamp="2021-03-23T14:53:50Z" user="LorenzoBassi_SICAI_Team" uid="3286661">
  <nd ref="420808152"/>
  <nd ref="420808156"/>
  <tag k="access" v="yes"/>
  <tag k="highway" v="service"/>
  <tag k="smoothness" v="bad"/>
  <tag k="surface" v="pebblestone"/>
 </way>
 <way id="921354757" visible="true" version="3" changeset="169508398" timestamp="2025-07-26T13:56:15Z" user="user_8722718" uid="8722718">
  <nd ref="4612343627"/>
  <nd ref="13026717123"/>
  <nd ref="420808090"/>
  <nd ref="1652159877"/>
  <nd ref="420808087"/>
  <nd ref="13026717121"/>
  <nd ref="13026717122"/>
  <nd ref="420808086"/>
  <nd ref="420808084"/>
  <nd ref="12231730964"/>
  <nd ref="13026717124"/>
  <nd ref="420808078"/>
  <nd ref="420808077"/>
  <nd ref="420808075"/>
  <tag k="highway" v="track"/>
  <tag k="note:vehicle" v="transito per l'Alpe di Borgo consentito solo agli automezzi di servizio."/>
  <tag k="surface" v="asphalt"/>
  <tag k="vehicle" v="private"/>
 </way>
 <way id="938307306" visible="true" version="1" changeset="104033715" timestamp="2021-05-03T07:24:40Z" user="itineralp" uid="5310347">
  <nd ref="3024045911"/>
  <nd ref="3024045920"/>
  <nd ref="420808563"/>
  <nd ref="3854006820"/>
  <nd ref="420808565"/>
  <nd ref="3024045921"/>
  <nd ref="420808566"/>
  <tag k="highway" v="track"/>
  <tag k="motor_vehicle" v="private"/>
  <tag k="surface" v="pebblestone"/>
  <tag k="tracktype" v="grade2"/>
 </way>
 <way id="938307310" visible="true" version="2" changeset="172826621" timestamp="2025-10-04T11:29:19Z" user="Hotbed" uid="22075531">
  <nd ref="2334467465"/>
  <nd ref="2334467563"/>
  <nd ref="420808374"/>
  <nd ref="420808375"/>
  <nd ref="420808376"/>
  <nd ref="420808377"/>
  <nd ref="420808378"/>
  <nd ref="420808379"/>
  <nd ref="420808380"/>
  <nd ref="420808382"/>
  <nd ref="420808383"/>
  <nd ref="3854208287"/>
  <nd ref="420808385"/>
  <nd ref="420808386"/>
  <nd ref="420808394"/>
  <nd ref="420808395"/>
  <nd ref="420808396"/>
  <nd ref="420808399"/>
  <nd ref="3854208355"/>
  <nd ref="420808400"/>
  <tag k="highway" v="unclassified"/>
  <tag k="lane_markings" v="no"/>
  <tag k="smoothness" v="bad"/>
  <tag k="surface" v="asphalt"/>
 </way>
 <way id="955904434" visible="true" version="1" changeset="106610148" timestamp="2021-06-18T21:33:08Z" user="Pedisa" uid="4780829">
  <nd ref="3490833210"/>
  <nd ref="3854210047"/>
  <nd ref="420808615"/>
  <nd ref="2298250724"/>
  <tag k="highway" v="track"/>
  <tag k="motor_vehicle" v="private"/>
  <tag k="name" v="Dorsale del Triangolo Lariano"/>
  <tag k="surface" v="pebblestone"/>
  <tag k="tracktype" v="grade2"/>
 </way>
 <way id="955904435" visible="true" version="1" changeset="106610148" timestamp="2021-06-18T21:33:08Z" user="Pedisa" uid="4780829">
  <nd ref="2298250724"/>
  <nd ref="420808616"/>
  <nd ref="420808618"/>
  <nd ref="3024045933"/>
  <nd ref="420808620"/>
  <nd ref="420808621"/>
  <nd ref="420808622"/>
  <nd ref="5926897140"/>
  <nd ref="420808623"/>
  <nd ref="420808624"/>
  <nd ref="4343037885"/>
  <nd ref="420808626"/>
  <tag k="highway" v="track"/>
  <tag k="motor_vehicle" v="private"/>
  <tag k="name" v="Dorsale del Triangolo Lariano"/>
  <tag k="surface" v="pebblestone"/>
  <tag k="tracktype" v="grade2"/>
 </way>
 <way id="973138208" visible="true" version="1" changeset="109680122" timestamp="2021-08-14T18:53:42Z" user="hal 9000" uid="639546">
  <nd ref="9007009025"/>
  <nd ref="9007009024"/>
  <tag k="bridge" v="yes"/>
  <tag k="highway" v="unclassified"/>
  <tag k="layer" v="1"/>
  <tag k="motor_vehicle" v="private"/>
  <tag k="name" v="Via Ciceri"/>
  <tag k="surface" v="cobblestone"/>
  <tag k="tracktype" v="grade1"/>
 </way>
 <way id="973138209" visible="true" version="1" changeset="109680122" timestamp="2021-08-14T18:53:42Z" user="hal 9000" uid="639546">
  <nd ref="420808744"/>
  <nd ref="5401482586"/>
  <nd ref="9007009025"/>
  <tag k="highway" v="unclassified"/>
  <tag k="motor_vehicle" v="private"/>
  <tag k="name" v="Via Ciceri"/>
  <tag k="surface" v="cobblestone"/>
  <tag k="tracktype" v="grade1"/>
 </way>
 <way id="983688863" visible="true" version="2" changeset="121735551" timestamp="2022-05-30T19:13:01Z" user="kaitu" uid="69717">
  <nd ref="420807405"/>
  <nd ref="420807404"/>
  <nd ref="420807403"/>
  <nd ref="3612239071"/>
  <nd ref="420807402"/>
  <nd ref="420807401"/>
  <nd ref="420807400"/>
  <nd ref="2297261053"/>
  <nd ref="420807398"/>
  <nd ref="420807397"/>
  <tag k="bicycle" v="yes"/>
  <tag k="foot" v="yes"/>
  <tag k="highway" v="track"/>
  <tag k="smoothness" v="very_horrible"/>
  <tag k="surface" v="ground"/>
  <tag k="tracktype" v="grade3"/>
  <tag k="trailblazed" v="yes"/>
 </way>
 <way id="984017602" visible="true" version="2" changeset="165326084" timestamp="2025-04-23T10:32:47Z" user="Andrea Del Sarto" uid="3215770">
  <nd ref="4653008663"/>
  <nd ref="420807377"/>
  <tag k="bicycle" v="yes"/>
  <tag k="foot" v="yes"/>
  <tag k="highway" v="track"/>
  <tag k="motor_vehicle" v="private"/>
  <tag k="smoothness" v="very_bad"/>
  <tag k="surface" v="cobblestone"/>
  <tag k="tracktype" v="grade1"/>
 </way>
 <way id="984017603" visible="true" version="3" changeset="165326084" timestamp="2025-04-23T10:32:47Z" user="Andrea Del Sarto" uid="3215770">
  <nd ref="420807396"/>
  <nd ref="2974549951"/>
  <nd ref="2297261039"/>
  <nd ref="10203926261"/>
  <nd ref="10203926260"/>
  <nd ref="420807395"/>
  <nd ref="2973759293"/>
  <nd ref="2973759292"/>
  <nd ref="420807394"/>
  <nd ref="3612239070"/>
  <nd ref="3612239069"/>
  <nd ref="10203926259"/>
  <nd ref="2297260984"/>
  <nd ref="2297260976"/>
  <nd ref="3612239068"/>
  <nd ref="420807392"/>
  <nd ref="420807391"/>
  <tag k="bicycle" v="yes"/>
  <tag k="foot" v="yes"/>
  <tag k="highway" v="track"/>
  <tag k="smoothness" v="very_horrible"/>
  <tag k="surface" v="ground"/>
  <tag k="tracktype" v="grade3"/>
  <tag k="trailblazed" v="yes"/>
 </way>
 <way id="1008061283" visible="true" version="2" changeset="165326084" timestamp="2025-04-23T10:32:47Z" user="Andrea Del Sarto" uid="3215770">
  <nd ref="9088914318"/>
  <nd ref="1625110507"/>
  <tag k="bicycle" v="yes"/>
  <tag k="foot" v="yes"/>
  <tag k="highway" v="track"/>
  <tag k="motor_vehicle" v="private"/>
  <tag k="smoothness" v="horrible"/>
  <tag k="surface" v="ground"/>
  <tag k="tracktype" v="grade3"/>
 </way>
 <way id="1065182271" visible="true" version="1" changeset="121720074" timestamp="2022-05-30T14:03:22Z" user="kaitu" uid="69717">
  <nd ref="420807422"/>
  <nd ref="420807421"/>
  <nd ref="2974549910"/>
  <tag k="bicycle" v="yes"/>
  <tag k="foot" v="yes"/>
  <tag k="highway" v="track"/>
  <tag k="motor_vehicle" v="private"/>
  <tag k="smoothness" v="horrible"/>
  <tag k="surface" v="ground"/>
  <tag k="tracktype" v="grade3"/>
  <tag k="trailblazed" v="yes"/>
 </way>
 <way id="1065319299" visible="true" version="3" changeset="165326084" timestamp="2025-04-23T10:32:47Z" user="Andrea Del Sarto" uid="3215770">
  <nd ref="420807397"/>
  <nd ref="2297261050"/>
  <nd ref="1301690546"/>
  <nd ref="10203926262"/>
  <nd ref="2297261044"/>
  <tag k="bicycle" v="yes"/>
  <tag k="foot" v="yes"/>
  <tag k="highway" v="track"/>
  <tag k="smoothness" v="very_horrible"/>
  <tag k="surface" v="ground"/>
  <tag k="tracktype" v="grade3"/>
  <tag k="trailblazed" v="yes"/>
 </way>
 <way id="1115711931" visible="true" version="4" changeset="181321620" timestamp="2026-04-14T12:54:20Z" user="iandees" uid="4732">
  <nd ref="2297261044"/>
  <nd ref="9088914317"/>
  <nd ref="9088876516"/>
  <nd ref="420807396"/>
  <tag k="bicycle" v="yes"/>
  <tag k="foot" v="yes"/>
  <tag k="highway" v="track"/>
  <tag k="smoothness" v="very_horrible"/>
  <tag k="surface" v="ground"/>
  <tag k="tracktype" v="grade3"/>
  <tag k="trailblazed" v="yes"/>
 </way>
 <way id="1116459255" visible="true" version="1" changeset="129266499" timestamp="2022-11-23T07:10:49Z" user="gmarzio" uid="107284">
  <nd ref="3024045950"/>
  <nd ref="420808703"/>
  <nd ref="5933373407"/>
  <nd ref="3024045951"/>
  <nd ref="3024045952"/>
  <tag k="highway" v="path"/>
  <tag k="motor_vehicle" v="private"/>
  <tag k="name" v="Dorsale del Triangolo Lariano"/>
  <tag k="surface" v="pebblestone"/>
  <tag k="tracktype" v="grade2"/>
 </way>
 <way id="1116464651" visible="true" version="1" changeset="129267702" timestamp="2022-11-23T07:42:24Z" user="gmarzio" uid="107284">
  <nd ref="3220580003"/>
  <nd ref="10211421750"/>
  <tag k="highway" v="path"/>
 </way>
 <way id="1116464652" visible="true" version="1" changeset="129267702" timestamp="2022-11-23T07:42:24Z" user="gmarzio" uid="107284">
  <nd ref="10211421750"/>
  <nd ref="10211421751"/>
  <nd ref="10211421752"/>
  <nd ref="10211421753"/>
  <nd ref="10211421754"/>
  <nd ref="10211421756"/>
  <nd ref="10211421755"/>
  <nd ref="420807961"/>
  <tag k="highway" v="path"/>
 </way>
 <way id="1116687467" visible="true" version="1" changeset="129300958" timestamp="2022-11-23T23:50:23Z" user="gmarzio" uid="107284">
  <nd ref="4913829029"/>
  <nd ref="2334467405"/>
  <nd ref="3612260172"/>
  <nd ref="420808344"/>
  <tag k="highway" v="path"/>
  <tag k="surface" v="ground"/>
  <tag k="symbol" v="white-red stripes"/>
  <tag k="trailblazed" v="yes"/>
 </way>
 <way id="1117787111" visible="true" version="1" changeset="129469712" timestamp="2022-11-28T10:27:26Z" user="LorenzoBassi_SICAI_Team" uid="3286661">
  <nd ref="3662840171"/>
  <nd ref="3662840170"/>
  <nd ref="420808068"/>
  <nd ref="420808066"/>
  <tag k="highway" v="path"/>
  <tag k="mtb:scale" v="2"/>
  <tag k="name" v="Parco Monte San Primo - Bocchetta di Terrabiotta"/>
  <tag k="sac_scale" v="hiking"/>
  <tag k="surface" v="ground"/>
  <tag k="trail_visibility" v="excellent"/>
 </way>
 <way id="1360400450" visible="true" version="2" changeset="165326084" timestamp="2025-04-23T10:32:47Z" user="Andrea Del Sarto" uid="3215770">
  <nd ref="420807673"/>
  <nd ref="420807674"/>
  <nd ref="5926342038"/>
  <nd ref="420807675"/>
  <nd ref="420807676"/>
  <nd ref="420807677"/>
  <nd ref="5926342037"/>
  <nd ref="5926342036"/>
  <nd ref="420807681"/>
  <tag k="bicycle" v="yes"/>
  <tag k="foot" v="yes"/>
  <tag k="highway" v="path"/>
  <tag k="mtb:scale" v="1"/>
  <tag k="name" v="Sentiero dei Faggi"/>
  <tag k="sac_scale" v="hiking"/>
  <tag k="symbol" v="red marks on trees, or red-white-red blazing"/>
  <tag k="trailblazed" v="yes"/>
  <tag k="trail_visibility" v="excellent"/>
 </way>
 <way id="1360400451" visible="true" version="2" changeset="165326084" timestamp="2025-04-23T10:32:47Z" user="Andrea Del Sarto" uid="3215770">
  <nd ref="5926342039"/>
  <nd ref="12593513437"/>
  <nd ref="12593513439"/>
  <nd ref="420807672"/>
  <nd ref="12593513438"/>
  <nd ref="420807673"/>
  <tag k="bicycle" v="yes"/>
  <tag k="foot" v="yes"/>
  <tag k="highway" v="path"/>
  <tag k="mtb:scale" v="1"/>
  <tag k="name" v="Sentiero dei Faggi"/>
  <tag k="sac_scale" v="hiking"/>
  <tag k="safety_rope" v="yes"/>
  <tag k="safety_rope_side" v="right"/>
  <tag k="symbol" v="red marks on trees, or red-white-red blazing"/>
  <tag k="trailblazed" v="yes"/>
  <tag k="trail_visibility" v="excellent"/>
 </way>
 <way id="1360400452" visible="true" version="2" changeset="165326084" timestamp="2025-04-23T10:32:47Z" user="Andrea Del Sarto" uid="3215770">
  <nd ref="420807681"/>
  <nd ref="420807684"/>
  <nd ref="420807686"/>
  <nd ref="12593513440"/>
  <tag k="bicycle" v="yes"/>
  <tag k="foot" v="yes"/>
  <tag k="highway" v="path"/>
  <tag k="mtb:scale" v="1"/>
  <tag k="name" v="Sentiero dei Faggi"/>
  <tag k="sac_scale" v="hiking"/>
  <tag k="safety_rope" v="yes"/>
  <tag k="safety_rope_side" v="right"/>
  <tag k="symbol" v="red marks on trees, or red-white-red blazing"/>
  <tag k="trailblazed" v="yes"/>
  <tag k="trail_visibility" v="excellent"/>
 </way>
 <way id="1360400453" visible="true" version="2" changeset="165326084" timestamp="2025-04-23T10:32:47Z" user="Andrea Del Sarto" uid="3215770">
  <nd ref="420807643"/>
  <nd ref="420807644"/>
  <nd ref="420807645"/>
  <nd ref="5926342056"/>
  <nd ref="420807646"/>
  <nd ref="420807647"/>
  <nd ref="420807648"/>
  <nd ref="5926342055"/>
  <nd ref="420807649"/>
  <nd ref="420807650"/>
  <nd ref="5926342054"/>
  <nd ref="420807651"/>
  <nd ref="420807652"/>
  <nd ref="420807653"/>
  <nd ref="420807654"/>
  <nd ref="5926342053"/>
  <nd ref="420807655"/>
  <nd ref="2262114261"/>
  <nd ref="5926342052"/>
  <nd ref="5926342051"/>
  <nd ref="420807656"/>
  <nd ref="5926342050"/>
  <nd ref="420807657"/>
  <nd ref="420807658"/>
  <nd ref="420807660"/>
  <nd ref="420807661"/>
  <nd ref="5926342049"/>
  <nd ref="420807662"/>
  <nd ref="420807663"/>
  <nd ref="5926342048"/>
  <nd ref="5926342047"/>
  <nd ref="420807664"/>
  <nd ref="420807665"/>
  <nd ref="420807666"/>
  <nd ref="420807667"/>
  <nd ref="5926342046"/>
  <nd ref="420807668"/>
  <nd ref="5926342045"/>
  <nd ref="420807669"/>
  <nd ref="5926342044"/>
  <nd ref="5926342043"/>
  <nd ref="420807670"/>
  <nd ref="5926342042"/>
  <nd ref="420807671"/>
  <nd ref="5926342041"/>
  <nd ref="5926342040"/>
  <nd ref="5926342039"/>
  <tag k="bicycle" v="yes"/>
  <tag k="foot" v="yes"/>
  <tag k="highway" v="path"/>
  <tag k="mtb:scale" v="1"/>
  <tag k="name" v="Sentiero dei Faggi"/>
  <tag k="sac_scale" v="hiking"/>
  <tag k="symbol" v="red marks on trees, or red-white-red blazing"/>
  <tag k="trailblazed" v="yes"/>
  <tag k="trail_visibility" v="excellent"/>
 </way>
 <relation id="2061210" visible="true" version="86" changeset="183219170" timestamp="2026-05-26T16:56:09Z" user="Cortix" uid="2165334">
  <member type="way" ref="255351891" role=""/>
  <member type="way" ref="255351890" role=""/>
  <member type="way" ref="921343880" role=""/>
  <member type="way" ref="111414235" role=""/>
  <member type="way" ref="788214647" role=""/>
  <member type="way" ref="220733471" role=""/>
  <member type="way" ref="37112711" role=""/>
  <member type="way" ref="220733473" role=""/>
  <member type="way" ref="861226974" role=""/>
  <member type="way" ref="626036225" role=""/>
  <member type="way" ref="861226972" role=""/>
  <member type="way" ref="861226973" role=""/>
  <member type="way" ref="302406183" role=""/>
  <member type="way" ref="861226971" role=""/>
  <member type="way" ref="302406182" role=""/>
  <member type="way" ref="861226970" role=""/>
  <member type="way" ref="184191262" role=""/>
  <member type="way" ref="399295681" role=""/>
  <member type="way" ref="186532507" role=""/>
  <member type="way" ref="788214648" role=""/>
  <member type="way" ref="220733475" role=""/>
  <member type="way" ref="734121221" role=""/>
  <member type="way" ref="186524764" role=""/>
  <member type="way" ref="734121222" role=""/>
  <member type="way" ref="627833978" role=""/>
  <member type="way" ref="194030235" role=""/>
  <member type="way" ref="365774345" role=""/>
  <member type="way" ref="399334679" role=""/>
  <member type="way" ref="537945176" role=""/>
  <member type="way" ref="921343879" role=""/>
  <member type="way" ref="255619621" role=""/>
  <member type="way" ref="399416454" role=""/>
  <member type="way" ref="284130424" role=""/>
  <member type="way" ref="400326115" role=""/>
  <member type="way" ref="400326114" role=""/>
  <member type="way" ref="400326113" role=""/>
  <member type="way" ref="400326112" role=""/>
  <member type="way" ref="400326111" role=""/>
  <member type="way" ref="400326109" role=""/>
  <member type="way" ref="400326108" role=""/>
  <member type="way" ref="400326107" role=""/>
  <member type="way" ref="255619623" role=""/>
  <member type="way" ref="400326106" role=""/>
  <member type="way" ref="400326110" role=""/>
  <member type="way" ref="255619626" role=""/>
  <member type="way" ref="537945174" role=""/>
  <member type="way" ref="400326125" role=""/>
  <member type="way" ref="255619622" role=""/>
  <member type="way" ref="37112708" role=""/>
  <member type="way" ref="400326130" role=""/>
  <member type="way" ref="37112715" role=""/>
  <member type="way" ref="152400476" role=""/>
  <member type="way" ref="1360400453" role=""/>
  <member type="way" ref="1360400451" role=""/>
  <member type="way" ref="1360400450" role=""/>
  <member type="way" ref="1360400452" role=""/>
  <member type="way" ref="37105228" role=""/>
  <member type="way" ref="455134814" role=""/>
  <member type="way" ref="36001055" role=""/>
  <member type="way" ref="255619620" role=""/>
  <member type="way" ref="255619619" role=""/>
  <member type="way" ref="222820539" role=""/>
  <member type="way" ref="1008061283" role=""/>
  <member type="way" ref="255619618" role=""/>
  <member type="way" ref="293879919" role=""/>
  <member type="way" ref="293879923" role=""/>
  <member type="way" ref="293879918" role=""/>
  <member type="way" ref="293879920" role=""/>
  <member type="way" ref="293879922" role=""/>
  <member type="way" ref="984017602" role=""/>
  <member type="way" ref="293879921" role=""/>
  <member type="way" ref="984017603" role=""/>
  <member type="way" ref="1115711931" role=""/>
  <member type="way" ref="1065319299" role=""/>
  <member type="way" ref="983688863" role=""/>
  <member type="way" ref="293879912" role=""/>
  <member type="way" ref="255619624" role=""/>
  <member type="way" ref="921343876" role=""/>
  <member type="way" ref="1065182271" role=""/>
  <member type="way" ref="293879914" role=""/>
  <member type="way" ref="293879917" role=""/>
  <member type="way" ref="921343875" role=""/>
  <member type="way" ref="152400349" role=""/>
  <member type="way" ref="293879913" role=""/>
  <member type="way" ref="152400343" role=""/>
  <member type="way" ref="293879916" role=""/>
  <member type="way" ref="152400348" role=""/>
  <member type="way" ref="115078904" role=""/>
  <member type="way" ref="115078906" role=""/>
  <member type="way" ref="220545481" role=""/>
  <member type="way" ref="152400401" role=""/>
  <member type="way" ref="491685647" role=""/>
  <member type="way" ref="491685648" role=""/>
  <member type="way" ref="491685649" role=""/>
  <member type="way" ref="491460712" role=""/>
  <member type="way" ref="491460709" role=""/>
  <member type="way" ref="317292565" role=""/>
  <member type="way" ref="491212284" role=""/>
  <member type="way" ref="491460707" role=""/>
  <member type="way" ref="491460706" role=""/>
  <member type="way" ref="315935208" role=""/>
  <member type="way" ref="491460704" role=""/>
  <member type="way" ref="317292566" role=""/>
  <member type="way" ref="491212283" role=""/>
  <member type="way" ref="491460703" role=""/>
  <member type="way" ref="152400362" role=""/>
  <member type="way" ref="413450265" role=""/>
  <member type="way" ref="1116464651" role=""/>
  <member type="way" ref="1116464652" role=""/>
  <member type="way" ref="224517749" role=""/>
  <member type="way" ref="413189184" role=""/>
  <member type="way" ref="1117787111" role=""/>
  <member type="way" ref="413189183" role=""/>
  <member type="way" ref="413189187" role=""/>
  <member type="way" ref="921354757" role=""/>
  <member type="way" ref="129927887" role=""/>
  <member type="way" ref="413189190" role=""/>
  <member type="way" ref="152400402" role=""/>
  <member type="way" ref="224517835" role=""/>
  <member type="way" ref="921354755" role=""/>
  <member type="way" ref="224647679" role=""/>
  <member type="way" ref="224647684" role=""/>
  <member type="way" ref="224647682" role=""/>
  <member type="way" ref="224647685" role=""/>
  <member type="way" ref="224647681" role=""/>
  <member type="way" ref="224647680" role=""/>
  <member type="way" ref="224647683" role=""/>
  <member type="way" ref="220732415" role=""/>
  <member type="way" ref="152400387" role=""/>
  <member type="way" ref="224647606" role=""/>
  <member type="way" ref="1116687467" role=""/>
  <member type="way" ref="220732408" role=""/>
  <member type="way" ref="224647597" role=""/>
  <member type="way" ref="938307310" role=""/>
  <member type="way" ref="224647608" role=""/>
  <member type="way" ref="224647598" role=""/>
  <member type="way" ref="938307306" role=""/>
  <member type="way" ref="436411214" role=""/>
  <member type="way" ref="436411213" role=""/>
  <member type="way" ref="955904434" role=""/>
  <member type="way" ref="955904435" role=""/>
  <member type="way" ref="255619625" role=""/>
  <member type="way" ref="436411212" role=""/>
  <member type="way" ref="672884907" role=""/>
  <member type="way" ref="1116459255" role=""/>
  <member type="way" ref="672884908" role=""/>
  <member type="way" ref="229602205" role=""/>
  <member type="way" ref="672884903" role=""/>
  <member type="way" ref="495568179" role=""/>
  <member type="way" ref="973138209" role=""/>
  <member type="way" ref="973138208" role=""/>
  <member type="way" ref="495568180" role=""/>
  <member type="node" ref="2298250723" role="guidepost"/>
  <member type="node" ref="8729840004" role="guidepost"/>
  <member type="node" ref="8567848230" role="guidepost"/>
  <member type="node" ref="6301295893" role="guidepost"/>
  <member type="node" ref="6301295896" role="guidepost"/>
  <member type="node" ref="6221365210" role="guidepost"/>
  <member type="node" ref="3697864878" role="guidepost"/>
  <member type="node" ref="4021678214" role="guidepost"/>
  <member type="node" ref="4022717124" role="guidepost"/>
  <member type="node" ref="1652159352" role="guidepost"/>
  <member type="node" ref="431506959" role="guidepost"/>
  <member type="node" ref="2687536439" role="guidepost"/>
  <member type="node" ref="2687536446" role="guidepost"/>
  <member type="node" ref="2297570728" role="guidepost"/>
  <member type="node" ref="2297260846" role="guidepost"/>
  <member type="node" ref="9098558749" role="guidepost"/>
  <member type="node" ref="2297261051" role="guidepost"/>
  <member type="node" ref="2974549963" role="guidepost"/>
  <member type="node" ref="2974546014" role="route_marker"/>
  <member type="node" ref="2973759290" role="guidepost"/>
  <member type="node" ref="2972117912" role="guidepost"/>
  <member type="node" ref="3235333523" role="guidepost"/>
  <member type="node" ref="3213381382" role="guidepost"/>
  <member type="node" ref="4147723891" role="guidepost"/>
  <member type="node" ref="3213381989" role="guidepost"/>
  <member type="node" ref="2197257834" role="guidepost"/>
  <member type="node" ref="3220580014" role="guidepost"/>
  <member type="node" ref="4145211673" role="guidepost"/>
  <member type="node" ref="4145211829" role="guidepost"/>
  <member type="node" ref="4147723949" role="guidepost"/>
  <member type="node" ref="2333375770" role="guidepost"/>
  <member type="node" ref="2298250292" role="guidepost"/>
  <member type="node" ref="2334467275" role="route_marker"/>
  <member type="node" ref="2334467271" role="route_marker"/>
  <member type="node" ref="2334467273" role="route_marker"/>
  <member type="node" ref="2298250276" role="guidepost"/>
  <member type="node" ref="420808235" role="route_marker"/>
  <member type="node" ref="2334467369" role="route_marker"/>
  <member type="node" ref="420808320" role="route_marker"/>
  <member type="node" ref="2334467398" role="route_marker"/>
  <member type="node" ref="2334467258" role="guidepost"/>
  <member type="node" ref="2334467555" role="guidepost"/>
  <tag k="description" v="Percorso tra Brunate e Guggiate (Bellagio), su mulattiere. Tempo di percorrenza: 10 ore a piedi, 6 ore in MTB. Passa per le bocchette: di Molina, di Lemna, di Palanzo, di Nesso, di Caglio, Colma di Caglio, Colma di Sormano, Colma del Bosco, di Spessola."/>
  <tag k="from" v="Brunate"/>
  <tag k="name" v="Dorsale del Triangolo Lariano"/>
  <tag k="network" v="lwn"/>
  <tag k="operator" v="Comunità Montana Triangolo Lariano;Club Alpino Italiano"/>
  <tag k="osmc:symbol" v="red:red:white_stripe:1:black"/>
  <tag k="route" v="hiking"/>
  <tag k="symbol" v="red-white-red vertical bars with a black number &quot;1&quot;"/>
  <tag k="to" v="Bellagio"/>
  <tag k="type" v="route"/>
  <tag k="website" v="https://www.lakecomo.it/sites/default/files/allegati/sezione/dorsale.pdf"/>
  <tag k="wikidata" v="Q1710110"/>
  <tag k="wikimedia_commons" v="Category:Dorsale del Triangolo Lariano"/>
  <tag k="wikipedia" v="it:Dorsale del Triangolo Lariano"/>
 </relation>
</osm>
